"Area Code","State","Market","Market Size","Margin","Sales","COGS","Total Expenses","Marketing","Inventory","Budget Profit","Budget COGS","Budget Margin","Budget Sales","ProductId","Date","Product Type","Product","Type","Profit"
"203","Connecticut","East","Small Market","176.0","292.0","116.0","69.0","38.0","962.0","110.0","110.0","160.0","270.0","2","04/01/10 00:00:00","Coffee","Columbian","Regular","176"
"203","Connecticut","East","Small Market","135.0","225.0","90.0","60.0","29.0","1148.0","90.0","80.0","130.0","210.0","2","07/01/10 00:00:00","Coffee","Columbian","Regular","135"
"203","Connecticut","East","Small Market","195.0","325.0","130.0","73.0","42.0","1134.0","130.0","110.0","180.0","290.0","2","11/01/10 00:00:00","Coffee","Columbian","Regular","195"
"203","Connecticut","East","Small Market","174.0","289.0","115.0","69.0","37.0","1166.0","110.0","100.0","160.0","260.0","2","12/01/10 00:00:00","Coffee","Columbian","Regular","174"
"203","Connecticut","East","Small Market","135.0","223.0","90.0","56.0","29.0","1148.0","90.0","80.0","130.0","210.0","2","07/01/11 00:00:00","Coffee","Columbian","Regular","133"
"203","Connecticut","East","Small Market","135.0","223.0","90.0","56.0","29.0","1139.0","90.0","80.0","130.0","210.0","2","08/01/11 00:00:00","Coffee","Columbian","Regular","133"
"203","Connecticut","East","Small Market","155.0","275.0","103.0","64.0","33.0","1130.0","110.0","90.0","150.0","240.0","2","09/01/11 00:00:00","Coffee","Columbian","Regular","172"
"203","Connecticut","East","Small Market","188.0","334.0","125.0","73.0","41.0","1119.0","130.0","100.0","160.0","260.0","2","10/01/11 00:00:00","Coffee","Columbian","Regular","209"
"203","Connecticut","East","Small Market","195.0","346.0","130.0","73.0","42.0","1134.0","130.0","110.0","180.0","290.0","2","11/01/11 00:00:00","Coffee","Columbian","Regular","216"
"203","Connecticut","East","Small Market","31.0","51.0","20.0","16.0","5.0","804.0","20.0","20.0","30.0","50.0","13","06/01/10 00:00:00","Tea","Green Tea","Regular","31"
"203","Connecticut","East","Small Market","54.0","","36.0","21.0","10.0","809.0","40.0","30.0","60.0","90.0","13","11/01/10 00:00:00","Tea","Green Tea","Regular",""
"203","Connecticut","East","Small Market","28.0","47.0","19.0","15.0","5.0","811.0","20.0","20.0","30.0","50.0","13","08/01/11 00:00:00","Tea","Green Tea","Regular","28"
"203","Connecticut","East","Small Market","36.0","64.0","24.0","18.0","6.0","806.0","40.0","20.0","40.0","60.0","13","10/01/11 00:00:00","Tea","Green Tea","Regular","40"
"203","Connecticut","East","Small Market","54.0","96.0","36.0","21.0","10.0","809.0","40.0","30.0","60.0","90.0","13","11/01/11 00:00:00","Tea","Green Tea","Regular","60"
"203","Connecticut","East","Small Market","75.0","128.0","53.0","77.0","48.0","597.0","10.0","50.0","70.0","120.0","5","06/01/10 00:00:00","Espresso","Caffe Mocha","Regular","75"
"203","Connecticut","East","Small Market","84.0","144.0","60.0","83.0","54.0","606.0","40.0","40.0","90.0","130.0","5","10/01/10 00:00:00","Espresso","Caffe Mocha","Regular","84"
"203","Connecticut","East","Small Market","86.0","147.0","61.0","84.0","55.0","613.0","10.0","60.0","80.0","140.0","5","11/01/10 00:00:00","Espresso","Caffe Mocha","Regular","86"
"203","Connecticut","East","Small Market","105.0","201.0","75.0","103.0","68.0","522.0","20.0","70.0","100.0","170.0","5","01/01/11 00:00:00","Espresso","Caffe Mocha","Regular","126"
"203","Connecticut","East","Small Market","90.0","165.0","65.0","87.0","58.0","513.0","20.0","60.0","90.0","150.0","5","02/01/11 00:00:00","Espresso","Caffe Mocha","Regular","100"
"203","Connecticut","East","Small Market","87.0","160.0","63.0","87.0","57.0","506.0","10.0","60.0","80.0","140.0","5","03/01/11 00:00:00","Espresso","Caffe Mocha","Regular","97"
"203","Connecticut","East","Small Market","87.0","160.0","","87.0","57.0","521.0","10.0","60.0","80.0","140.0","5","04/01/11 00:00:00","Espresso","Caffe Mocha","Regular",""
"203","Connecticut","East","Small Market","90.0","153.0","64.0","81.0","58.0","551.0","20.0","60.0","90.0","150.0","5","05/01/11 00:00:00","Espresso","Caffe Mocha","Regular","89"
"203","Connecticut","East","Small Market","87.0","159.0","62.0","85.0","56.0","612.0","20.0","50.0","90.0","140.0","5","09/01/11 00:00:00","Espresso","Caffe Mocha","Regular","97"
"203","Connecticut","East","Small Market","76.0","140.0","55.0","78.0","49.0","627.0","10.0","50.0","70.0","120.0","5","12/01/11 00:00:00","Espresso","Caffe Mocha","Regular","85"
"203","Connecticut","East","Small Market","75.0","130.0","55.0","46.0","18.0","305.0","40.0","50.0","70.0","120.0","6","02/01/10 00:00:00","Espresso","Decaf Espresso","Decaf","75"
"203","Connecticut","East","Small Market","65.0","113.0","48.0","43.0","15.0","334.0","40.0","40.0","70.0","110.0","6","05/01/10 00:00:00","Espresso","Decaf Espresso","Decaf","65"
"203","Connecticut","East","Small Market","57.0","100.0","43.0","41.0","14.0","388.0","20.0","40.0","50.0","90.0","6","07/01/10 00:00:00","Espresso","Decaf Espresso","Decaf","57"
"203","Connecticut","East","Small Market","56.0","98.0","42.0","40.0","13.0","384.0","20.0","40.0","50.0","90.0","6","08/01/10 00:00:00","Espresso","Decaf Espresso","Decaf","56"
"203","Connecticut","East","Small Market","75.0","145.0","55.0","47.0","18.0","312.0","40.0","50.0","70.0","120.0","6","01/01/11 00:00:00","Espresso","Decaf Espresso","Decaf","90"
"203","Connecticut","East","Small Market","71.0","132.0","53.0","45.0","17.0","299.0","40.0","50.0","70.0","120.0","6","03/01/11 00:00:00","Espresso","Decaf Espresso","Decaf","79"
"203","Connecticut","East","Small Market","56.0","97.0","42.0","37.0","13.0","384.0","20.0","40.0","50.0","90.0","6","08/01/11 00:00:00","Espresso","Decaf Espresso","Decaf","55"
"203","Connecticut","East","Small Market","64.0","118.0","47.0","43.0","15.0","375.0","50.0","30.0","60.0","90.0","6","10/01/11 00:00:00","Espresso","Decaf Espresso","Decaf","71"
"203","Connecticut","East","Small Market","71.0","132.0","53.0","45.0","17.0","380.0","40.0","50.0","70.0","120.0","6","11/01/11 00:00:00","Espresso","Decaf Espresso","Decaf","79"
"203","Connecticut","East","Small Market","65.0","121.0","49.0","44.0","16.0","392.0","40.0","40.0","70.0","110.0","6","12/01/11 00:00:00","Espresso","Decaf Espresso","Decaf","72"
"203","Connecticut","East","Small Market","104.0","189.0","85.0","65.0","32.0","476.0","40.0","60.0","80.0","140.0","9","03/01/10 00:00:00","Herbal Tea","Lemon","Decaf","104"
"203","Connecticut","East","Small Market","93.0","169.0","76.0","61.0","28.0","580.0","40.0","50.0","80.0","130.0","9","06/01/10 00:00:00","Herbal Tea","Lemon","Decaf","93"
"203","Connecticut","East","Small Market","98.0","190.0","80.0","64.0","30.0","494.0","30.0","60.0","70.0","130.0","9","04/01/11 00:00:00","Herbal Tea","Lemon","Decaf","110"
"203","Connecticut","East","Small Market","83.0","160.0","67.0","59.0","25.0","599.0","20.0","50.0","60.0","110.0","9","09/01/11 00:00:00","Herbal Tea","Lemon","Decaf","93"
"203","Connecticut","East","Small Market","98.0","189.0","79.0","64.0","30.0","593.0","30.0","40.0","50.0","90.0","9","10/01/11 00:00:00","Herbal Tea","Lemon","Decaf","110"
"203","Connecticut","East","Small Market","89.0","163.0","74.0","43.0","22.0","949.0","50.0","50.0","70.0","120.0","10","03/01/10 00:00:00","Herbal Tea","Mint","Decaf","89"
"203","Connecticut","East","Small Market","90.0","176.0","75.0","44.0","23.0","956.0","50.0","50.0","70.0","120.0","10","02/01/11 00:00:00","Herbal Tea","Mint","Decaf","101"
"203","Connecticut","East","Small Market","80.0","147.0","68.0","39.0","21.0","998.0","40.0","50.0","60.0","110.0","10","05/01/11 00:00:00","Herbal Tea","Mint","Decaf","79"
"203","Connecticut","East","Small Market","74.0","145.0","62.0","41.0","19.0","1059.0","40.0","40.0","60.0","100.0","10","09/01/11 00:00:00","Herbal Tea","Mint","Decaf","83"
"203","Connecticut","East","Small Market","77.0","151.0","65.0","42.0","20.0","1053.0","50.0","30.0","50.0","80.0","10","10/01/11 00:00:00","Herbal Tea","Mint","Decaf","86"
"203","Connecticut","East","Small Market","76.0","148.0","63.0","40.0","19.0","1075.0","40.0","40.0","60.0","100.0","10","12/01/11 00:00:00","Herbal Tea","Mint","Decaf","85"
"203","Connecticut","East","Small Market","68.0","115.0","47.0","25.0","13.0","821.0","60.0","40.0","80.0","120.0","11","04/01/10 00:00:00","Tea","Darjeeling","Regular","68"
"203","Connecticut","East","Small Market","52.0","87.0","35.0","20.0","9.0","894.0","50.0","30.0","60.0","90.0","11","07/01/10 00:00:00","Tea","Darjeeling","Regular","52"
"203","Connecticut","East","Small Market","49.0","83.0","34.0","21.0","9.0","890.0","40.0","30.0","50.0","80.0","11","08/01/10 00:00:00","Tea","Darjeeling","Regular","49"
"203","Connecticut","East","Small Market","64.0","108.0","44.0","23.0","12.0","886.0","50.0","40.0","70.0","110.0","11","09/01/10 00:00:00","Tea","Darjeeling","Regular","64"
"203","Connecticut","East","Small Market","55.0","91.0","37.0","20.0","10.0","876.0","40.0","30.0","60.0","90.0","11","06/01/11 00:00:00","Tea","Darjeeling","Regular","54"
"206","Washington","West","Small Market","77.0","130.0","53.0","39.0","16.0","338.0","70.0","60.0","100.0","160.0","2","01/01/10 00:00:00","Coffee","Columbian","Regular","77"
"206","Washington","West","Small Market","89.0","150.0","61.0","41.0","19.0","325.0","80.0","70.0","110.0","180.0","2","03/01/10 00:00:00","Coffee","Columbian","Regular","89"
"206","Washington","West","Small Market","99.0","167.0","68.0","43.0","21.0","438.0","110.0","90.0","140.0","230.0","2","10/01/10 00:00:00","Coffee","Columbian","Regular","99"
"206","Washington","West","Small Market","77.0","145.0","53.0","41.0","16.0","338.0","70.0","60.0","100.0","160.0","2","01/01/11 00:00:00","Coffee","Columbian","Regular","92"
"206","Washington","West","Small Market","100.0","180.0","69.0","46.0","22.0","340.0","90.0","80.0","130.0","210.0","2","04/01/11 00:00:00","Coffee","Columbian","Regular","111"
"206","Washington","West","Small Market","114.0","191.0","79.0","45.0","25.0","425.0","110.0","90.0","150.0","240.0","2","06/01/11 00:00:00","Coffee","Columbian","Regular","112"
"206","Washington","West","Small Market","128.0","220.0","92.0","113.0","83.0","541.0","60.0","110.0","160.0","270.0","3","02/01/10 00:00:00","Coffee","Decaf Irish Cream","Decaf","128"
"206","Washington","West","Small Market","132.0","227.0","95.0","116.0","86.0","532.0","70.0","110.0","170.0","280.0","3","03/01/10 00:00:00","Coffee","Decaf Irish Cream","Decaf","132"
"206","Washington","West","Small Market","132.0","227.0","95.0","115.0","86.0","554.0","70.0","110.0","170.0","280.0","3","04/01/10 00:00:00","Coffee","Decaf Irish Cream","Decaf","132"
"206","Washington","West","Small Market","154.0","264.0","110.0","130.0","100.0","665.0","90.0","130.0","200.0","330.0","3","06/01/10 00:00:00","Coffee","Decaf Irish Cream","Decaf","154"
"206","Washington","West","Small Market","184.0","317.0","133.0","150.0","120.0","705.0","100.0","160.0","230.0","390.0","3","08/01/10 00:00:00","Coffee","Decaf Irish Cream","Decaf","184"
"206","Washington","West","Small Market","132.0","242.0","95.0","116.0","86.0","532.0","70.0","110.0","170.0","280.0","3","03/01/11 00:00:00","Coffee","Decaf Irish Cream","Decaf","147"
"206","Washington","West","Small Market","154.0","262.0","110.0","121.0","100.0","665.0","90.0","130.0","200.0","330.0","3","06/01/11 00:00:00","Coffee","Decaf Irish Cream","Decaf","152"
"206","Washington","West","Small Market","173.0","294.0","124.0","132.0","112.0","717.0","100.0","150.0","220.0","370.0","3","07/01/11 00:00:00","Coffee","Decaf Irish Cream","Decaf","170"
"206","Washington","West","Small Market","130.0","238.0","93.0","114.0","84.0","692.0","60.0","110.0","160.0","270.0","3","09/01/11 00:00:00","Coffee","Decaf Irish Cream","Decaf","145"
"206","Washington","West","Small Market","134.0","245.0","96.0","117.0","87.0","683.0","100.0","140.0","190.0","330.0","3","10/01/11 00:00:00","Coffee","Decaf Irish Cream","Decaf","149"
"206","Washington","West","Small Market","145.0","266.0","105.0","125.0","95.0","716.0","50.0","120.0","170.0","290.0","3","12/01/11 00:00:00","Coffee","Decaf Irish Cream","Decaf","161"
"206","Washington","West","Small Market","87.0","150.0","63.0","87.0","57.0","506.0","10.0","40.0","60.0","100.0","13","03/01/10 00:00:00","Tea","Green Tea","Regular","87"
"206","Washington","West","Small Market","61.0","105.0","44.0","69.0","39.0","617.0","10.0","20.0","50.0","70.0","13","08/01/10 00:00:00","Tea","Green Tea","Regular","61"
"206","Washington","West","Small Market","84.0","144.0","60.0","84.0","54.0","606.0","10.0","20.0","40.0","60.0","13","10/01/10 00:00:00","Tea","Green Tea","Regular","84"
"206","Washington","West","Small Market","86.0","147.0","61.0","85.0","55.0","613.0","0.0","40.0","60.0","100.0","13","11/01/10 00:00:00","Tea","Green Tea","Regular","86"
"206","Washington","West","Small Market","87.0","160.0","63.0","87.0","57.0","521.0","10.0","40.0","60.0","100.0","13","04/01/11 00:00:00","Tea","Green Tea","Regular","97"
"206","Washington","West","Small Market","90.0","153.0","64.0","82.0","58.0","551.0","10.0","40.0","60.0","100.0","13","05/01/11 00:00:00","Tea","Green Tea","Regular","89"
"206","Washington","West","Small Market","87.0","159.0","62.0","85.0","56.0","612.0","10.0","40.0","60.0","100.0","13","09/01/11 00:00:00","Tea","Green Tea","Regular","97"
"206","Washington","West","Small Market","84.0","153.0","60.0","84.0","54.0","606.0","10.0","20.0","40.0","60.0","13","10/01/11 00:00:00","Tea","Green Tea","Regular","93"
"206","Washington","West","Small Market","72.0","130.0","58.0","56.0","22.0","338.0","20.0","50.0","70.0","120.0","5","05/01/10 00:00:00","Espresso","Caffe Mocha","Regular","72"
"206","Washington","West","Small Market","74.0","133.0","59.0","56.0","22.0","403.0","20.0","50.0","70.0","120.0","5","07/01/10 00:00:00","Espresso","Caffe Mocha","Regular","74"
"206","Washington","West","Small Market","66.0","134.0","54.0","56.0","20.0","312.0","20.0","50.0","60.0","110.0","5","01/01/11 00:00:00","Espresso","Caffe Mocha","Regular","80"
"206","Washington","West","Small Market","65.0","126.0","53.0","53.0","20.0","306.0","20.0","50.0","60.0","110.0","5","02/01/11 00:00:00","Espresso","Caffe Mocha","Regular","73"
"206","Washington","West","Small Market","70.0","135.0","57.0","55.0","21.0","313.0","30.0","50.0","70.0","120.0","5","04/01/11 00:00:00","Espresso","Caffe Mocha","Regular","78"
"206","Washington","West","Small Market","67.0","129.0","54.0","54.0","20.0","391.0","20.0","50.0","60.0","110.0","5","11/01/11 00:00:00","Espresso","Caffe Mocha","Regular","75"
"206","Washington","West","Small Market","81.0","150.0","69.0","42.0","21.0","965.0","60.0","60.0","80.0","140.0","6","01/01/10 00:00:00","Espresso","Decaf Espresso","Decaf","81"
"206","Washington","West","Small Market","82.0","151.0","69.0","43.0","21.0","965.0","60.0","60.0","80.0","140.0","6","04/01/10 00:00:00","Espresso","Decaf Espresso","Decaf","82"
"206","Washington","West","Small Market","92.0","170.0","78.0","45.0","24.0","995.0","60.0","70.0","90.0","160.0","6","05/01/10 00:00:00","Espresso","Decaf Espresso","Decaf","92"
"206","Washington","West","Small Market","123.0","226.0","103.0","52.0","31.0","1073.0","90.0","90.0","120.0","210.0","6","08/01/10 00:00:00","Espresso","Decaf Espresso","Decaf","123"
"206","Washington","West","Small Market","99.0","182.0","83.0","46.0","25.0","1063.0","70.0","70.0","100.0","170.0","6","09/01/10 00:00:00","Espresso","Decaf Espresso","Decaf","99"
"206","Washington","West","Small Market","89.0","164.0","75.0","44.0","23.0","1063.0","40.0","70.0","80.0","150.0","6","11/01/10 00:00:00","Espresso","Decaf Espresso","Decaf","89"
"206","Washington","West","Small Market","84.0","165.0","71.0","44.0","22.0","950.0","50.0","60.0","80.0","140.0","6","03/01/11 00:00:00","Espresso","Decaf Espresso","Decaf","94"
"206","Washington","West","Small Market","82.0","161.0","69.0","43.0","21.0","965.0","60.0","60.0","80.0","140.0","6","04/01/11 00:00:00","Espresso","Decaf Espresso","Decaf","92"
"206","Washington","West","Small Market","92.0","168.0","78.0","42.0","24.0","995.0","60.0","70.0","90.0","160.0","6","05/01/11 00:00:00","Espresso","Decaf Espresso","Decaf","90"
"206","Washington","West","Small Market","99.0","194.0","83.0","46.0","25.0","1063.0","70.0","70.0","100.0","170.0","6","09/01/11 00:00:00","Espresso","Decaf Espresso","Decaf","111"
"206","Washington","West","Small Market","186.0","310.0","124.0","71.0","40.0","961.0","120.0","100.0","170.0","270.0","8","01/01/10 00:00:00","Herbal Tea","Chamomile","Decaf","186"
"206","Washington","West","Small Market","195.0","325.0","130.0","74.0","42.0","945.0","120.0","110.0","170.0","280.0","8","02/01/10 00:00:00","Herbal Tea","Chamomile","Decaf","195"
"206","Washington","West","Small Market","186.0","309.0","123.0","71.0","40.0","932.0","120.0","100.0","170.0","270.0","8","03/01/10 00:00:00","Herbal Tea","Chamomile","Decaf","186"
"206","Washington","West","Small Market","165.0","275.0","110.0","67.0","36.0","1020.0","100.0","90.0","150.0","240.0","8","05/01/10 00:00:00","Herbal Tea","Chamomile","Decaf","165"
"206","Washington","West","Small Market","140.0","232.0","92.0","61.0","30.0","1102.0","90.0","70.0","130.0","200.0","8","06/01/10 00:00:00","Herbal Tea","Chamomile","Decaf","140"
"206","Washington","West","Small Market","188.0","313.0","125.0","73.0","41.0","1119.0","130.0","90.0","160.0","250.0","8","10/01/10 00:00:00","Herbal Tea","Chamomile","Decaf","188"
"206","Washington","West","Small Market","195.0","325.0","130.0","73.0","42.0","1134.0","120.0","120.0","180.0","300.0","8","11/01/10 00:00:00","Herbal Tea","Chamomile","Decaf","195"
"206","Washington","West","Small Market","195.0","346.0","130.0","74.0","42.0","945.0","120.0","110.0","170.0","280.0","8","02/01/11 00:00:00","Herbal Tea","Chamomile","Decaf","216"
"206","Washington","West","Small Market","176.0","311.0","116.0","70.0","38.0","962.0","110.0","90.0","160.0","250.0","8","04/01/11 00:00:00","Herbal Tea","Chamomile","Decaf","195"
"206","Washington","West","Small Market","195.0","346.0","130.0","73.0","42.0","1134.0","120.0","120.0","180.0","300.0","8","11/01/11 00:00:00","Herbal Tea","Chamomile","Decaf","216"
"206","Washington","West","Small Market","59.0","99.0","40.0","23.0","11.0","793.0","50.0","30.0","50.0","80.0","9","05/01/10 00:00:00","Herbal Tea","Lemon","Decaf","59"
"206","Washington","West","Small Market","59.0","98.0","40.0","21.0","11.0","793.0","50.0","30.0","50.0","80.0","9","05/01/11 00:00:00","Herbal Tea","Lemon","Decaf","58"
"206","Washington","West","Small Market","105.0","167.0","62.0","43.0","19.0","346.0","40.0","40.0","70.0","110.0","11","03/01/10 00:00:00","Tea","Darjeeling","Regular","105"
"206","Washington","West","Small Market","99.0","159.0","60.0","42.0","18.0","329.0","40.0","20.0","50.0","70.0","11","10/01/10 00:00:00","Tea","Darjeeling","Regular","99"
"206","Washington","West","Small Market","109.0","185.0","65.0","43.0","20.0","372.0","40.0","40.0","70.0","110.0","11","02/01/11 00:00:00","Tea","Darjeeling","Regular","120"
"206","Washington","West","Small Market","78.0","124.0","47.0","34.0","14.0","371.0","30.0","30.0","50.0","80.0","11","06/01/11 00:00:00","Tea","Darjeeling","Regular","77"
"206","Washington","West","Small Market","94.0","161.0","57.0","40.0","17.0","349.0","40.0","30.0","70.0","100.0","11","09/01/11 00:00:00","Tea","Darjeeling","Regular","104"
"206","Washington","West","Small Market","81.0","137.0","56.0","40.0","17.0","382.0","40.0","30.0","60.0","90.0","12","02/01/10 00:00:00","Tea","Earl Grey","Regular","81"
"206","Washington","West","Small Market","59.0","99.0","40.0","35.0","12.0","443.0","20.0","20.0","40.0","60.0","12","06/01/10 00:00:00","Tea","Earl Grey","Regular","59"
"206","Washington","West","Small Market","54.0","90.0","36.0","34.0","11.0","458.0","30.0","20.0","40.0","60.0","12","08/01/10 00:00:00","Tea","Earl Grey","Regular","54"
"206","Washington","West","Small Market","71.0","120.0","49.0","37.0","15.0","454.0","30.0","30.0","50.0","80.0","12","11/01/10 00:00:00","Tea","Earl Grey","Regular","71"
"206","Washington","West","Small Market","89.0","168.0","61.0","43.0","19.0","390.0","40.0","40.0","60.0","100.0","12","01/01/11 00:00:00","Tea","Earl Grey","Regular","107"
"206","Washington","West","Small Market","77.0","137.0","52.0","39.0","16.0","376.0","30.0","30.0","50.0","80.0","12","03/01/11 00:00:00","Tea","Earl Grey","Regular","85"
"206","Washington","West","Small Market","68.0","121.0","46.0","38.0","14.0","388.0","20.0","30.0","40.0","70.0","12","04/01/11 00:00:00","Tea","Earl Grey","Regular","75"
"206","Washington","West","Small Market","59.0","98.0","40.0","33.0","12.0","443.0","20.0","20.0","40.0","60.0","12","06/01/11 00:00:00","Tea","Earl Grey","Regular","58"
"206","Washington","West","Small Market","54.0","89.0","36.0","32.0","11.0","458.0","30.0","20.0","40.0","60.0","12","08/01/11 00:00:00","Tea","Earl Grey","Regular","53"
"206","Washington","West","Small Market","71.0","128.0","49.0","37.0","15.0","454.0","30.0","30.0","50.0","80.0","12","11/01/11 00:00:00","Tea","Earl Grey","Regular","79"
"206","Washington","West","Small Market","58.0","103.0","45.0","26.0","14.0","605.0","30.0","40.0","50.0","90.0","4","04/01/10 00:00:00","Espresso","Caffe Latte","Regular","58"
"206","Washington","West","Small Market","62.0","110.0","48.0","28.0","15.0","599.0","40.0","40.0","60.0","100.0","4","05/01/10 00:00:00","Espresso","Caffe Latte","Regular","62"
"206","Washington","West","Small Market","62.0","110.0","48.0","28.0","15.0","593.0","40.0","40.0","60.0","100.0","4","06/01/10 00:00:00","Espresso","Caffe Latte","Regular","62"
"206","Washington","West","Small Market","65.0","115.0","50.0","29.0","16.0","587.0","50.0","40.0","70.0","110.0","4","07/01/10 00:00:00","Espresso","Caffe Latte","Regular","65"
"206","Washington","West","Small Market","39.0","69.0","30.0","22.0","9.0","581.0","30.0","20.0","40.0","60.0","4","08/01/10 00:00:00","Espresso","Caffe Latte","Regular","39"
"206","Washington","West","Small Market","43.0","76.0","33.0","22.0","10.0","577.0","30.0","30.0","40.0","70.0","4","09/01/10 00:00:00","Espresso","Caffe Latte","Regular","43"
"206","Washington","West","Small Market","29.0","51.0","22.0","19.0","7.0","573.0","20.0","10.0","20.0","30.0","4","10/01/10 00:00:00","Espresso","Caffe Latte","Regular","29"
"206","Washington","West","Small Market","62.0","123.0","48.0","28.0","15.0","623.0","40.0","40.0","60.0","100.0","4","01/01/11 00:00:00","Espresso","Caffe Latte","Regular","75"
"206","Washington","West","Small Market","62.0","109.0","48.0","26.0","15.0","599.0","40.0","40.0","60.0","100.0","4","05/01/11 00:00:00","Espresso","Caffe Latte","Regular","61"
"206","Washington","West","Small Market","65.0","114.0","50.0","27.0","16.0","587.0","50.0","40.0","70.0","110.0","4","07/01/11 00:00:00","Espresso","Caffe Latte","Regular","64"
"206","Washington","West","Small Market","29.0","54.0","22.0","19.0","7.0","573.0","20.0","10.0","20.0","30.0","4","10/01/11 00:00:00","Espresso","Caffe Latte","Regular","32"
"206","Washington","West","Small Market","32.0","60.0","24.0","19.0","7.0","567.0","20.0","20.0","30.0","50.0","4","12/01/11 00:00:00","Espresso","Caffe Latte","Regular","36"
"209","California","West","Major Market","-21.0","106.0","127.0","63.0","40.0","1215.0","-80.0","160.0","-30.0","130.0","1","05/01/10 00:00:00","Coffee","Amaretto","Regular","-21"
"209","California","West","Major Market","-67.0","87.0","154.0","71.0","49.0","1832.0","-150.0","190.0","-90.0","100.0","1","07/01/10 00:00:00","Coffee","Amaretto","Regular","-67"
"209","California","West","Major Market","50.0","162.0","95.0","55.0","30.0","608.0","30.0","110.0","70.0","180.0","1","01/01/11 00:00:00","Coffee","Amaretto","Regular","67"
"209","California","West","Major Market","-25.0","109.0","127.0","63.0","40.0","2947.0","-90.0","150.0","-30.0","120.0","1","12/01/11 00:00:00","Coffee","Amaretto","Regular","-18"
"209","California","West","Major Market","428.0","712.0","284.0","152.0","99.0","2108.0","400.0","350.0","540.0","890.0","2","04/01/10 00:00:00","Coffee","Columbian","Regular","428"
"209","California","West","Major Market","428.0","759.0","284.0","152.0","99.0","2108.0","400.0","350.0","540.0","890.0","2","04/01/11 00:00:00","Coffee","Columbian","Regular","475"
"209","California","West","Major Market","114.0","201.0","75.0","55.0","24.0","659.0","40.0","50.0","80.0","130.0","13","11/01/11 00:00:00","Tea","Green Tea","Regular","126"
"209","California","West","Major Market","168.0","289.0","121.0","143.0","109.0","788.0","30.0","110.0","160.0","270.0","5","05/01/10 00:00:00","Espresso","Caffe Mocha","Regular","168"
"209","California","West","Major Market","329.0","576.0","247.0","113.0","81.0","1744.0","210.0","240.0","310.0","550.0","6","12/01/10 00:00:00","Espresso","Decaf Espresso","Decaf","329"
"209","California","West","Major Market","329.0","614.0","247.0","113.0","81.0","1744.0","210.0","240.0","310.0","550.0","6","12/01/11 00:00:00","Espresso","Decaf Espresso","Decaf","367"
"209","California","West","Major Market","137.0","247.0","95.0","37.0","26.0","809.0","100.0","80.0","120.0","200.0","8","02/01/11 00:00:00","Herbal Tea","Chamomile","Decaf","152"
"209","California","West","Major Market","295.0","546.0","251.0","99.0","77.0","1268.0","200.0","210.0","270.0","480.0","9","09/01/10 00:00:00","Herbal Tea","Lemon","Decaf","295"
"209","California","West","Major Market","295.0","582.0","251.0","99.0","77.0","1268.0","200.0","210.0","270.0","480.0","9","09/01/11 00:00:00","Herbal Tea","Lemon","Decaf","331"
"209","California","West","Major Market","51.0","90.0","39.0","25.0","12.0","541.0","40.0","20.0","40.0","60.0","10","10/01/10 00:00:00","Herbal Tea","Mint","Decaf","51"
"209","California","West","Major Market","163.0","276.0","113.0","43.0","31.0","897.0","90.0","70.0","110.0","180.0","11","06/01/10 00:00:00","Tea","Darjeeling","Regular","163"
"209","California","West","Major Market","111.0","187.0","76.0","32.0","21.0","580.0","50.0","30.0","50.0","80.0","12","10/01/10 00:00:00","Tea","Earl Grey","Regular","111"
"210","Texas","South","Major Market","288.0","532.0","244.0","96.0","75.0","1213.0","270.0","300.0","360.0","660.0","2","06/01/10 00:00:00","Coffee","Columbian","Regular","288"
"210","Texas","South","Major Market","152.0","256.0","104.0","40.0","29.0","952.0","120.0","80.0","140.0","220.0","5","07/01/10 00:00:00","Espresso","Caffe Mocha","Regular","152"
"210","Texas","South","Major Market","179.0","302.0","123.0","46.0","34.0","915.0","100.0","70.0","120.0","190.0","5","10/01/10 00:00:00","Espresso","Caffe Mocha","Regular","179"
"210","Texas","South","Major Market","178.0","298.0","123.0","42.0","34.0","941.0","120.0","100.0","150.0","250.0","5","08/01/11 00:00:00","Espresso","Caffe Mocha","Regular","175"
"210","Texas","South","Major Market","73.0","123.0","50.0","25.0","14.0","589.0","40.0","30.0","60.0","90.0","6","11/01/10 00:00:00","Espresso","Decaf Espresso","Decaf","73"
"210","Texas","South","Major Market","51.0","84.0","34.0","30.0","10.0","428.0","30.0","30.0","50.0","80.0","9","08/01/11 00:00:00","Herbal Tea","Lemon","Decaf","50"
"212","New York","East","Major Market","117.0","198.0","81.0","34.0","22.0","460.0","100.0","80.0","130.0","210.0","13","04/01/10 00:00:00","Tea","Green Tea","Regular","117"
"212","New York","East","Major Market","80.0","150.0","54.0","27.0","15.0","456.0","70.0","50.0","90.0","140.0","13","01/01/11 00:00:00","Tea","Green Tea","Regular","96"
"212","New York","East","Major Market","124.0","208.0","86.0","33.0","24.0","499.0","100.0","90.0","130.0","220.0","13","05/01/11 00:00:00","Tea","Green Tea","Regular","122"
"212","New York","East","Major Market","-69.0","66.0","135.0","155.0","122.0","3641.0","-210.0","130.0","-70.0","60.0","5","12/01/10 00:00:00","Espresso","Caffe Mocha","Regular","-69"
"212","New York","East","Major Market","-59.0","70.0","125.0","146.0","113.0","1382.0","-190.0","120.0","-60.0","60.0","5","04/01/11 00:00:00","Espresso","Caffe Mocha","Regular","-55"
"212","New York","East","Major Market","-95.0","77.0","173.0","176.0","156.0","2615.0","-260.0","160.0","-90.0","70.0","5","08/01/11 00:00:00","Espresso","Caffe Mocha","Regular","-96"
"212","New York","East","Major Market","369.0","647.0","284.0","130.0","107.0","1565.0","180.0","210.0","290.0","500.0","9","08/01/11 00:00:00","Herbal Tea","Lemon","Decaf","363"
"212","New York","East","Major Market","-139.0","112.0","251.0","99.0","77.0","3948.0","-180.0","190.0","-110.0","80.0","10","09/01/10 00:00:00","Herbal Tea","Mint","Decaf","-139"
"212","New York","East","Major Market","185.0","312.0","127.0","47.0","35.0","1007.0","160.0","130.0","200.0","330.0","11","07/01/10 00:00:00","Tea","Darjeeling","Regular","185"
"212","New York","East","Major Market","185.0","309.0","127.0","44.0","35.0","1007.0","160.0","130.0","200.0","330.0","11","07/01/11 00:00:00","Tea","Darjeeling","Regular","182"
"212","New York","East","Major Market","283.0","543.0","260.0","96.0","72.0","1271.0","210.0","240.0","290.0","530.0","7","05/01/10 00:00:00","Espresso","Regular Espresso","Regular","283"
"212","New York","East","Major Market","526.0","815.0","239.0","91.0","66.0","1197.0","450.0","210.0","510.0","720.0","7","10/01/11 00:00:00","Espresso","Regular Espresso","Regular","576"
"213","California","West","Major Market","387.0","687.0","258.0","142.0","90.0","2067.0","360.0","320.0","480.0","800.0","2","02/01/11 00:00:00","Coffee","Columbian","Regular","429"
"213","California","West","Major Market","546.0","902.0","364.0","166.0","127.0","2617.0","520.0","450.0","680.0","1130.0","2","08/01/11 00:00:00","Coffee","Columbian","Regular","538"
"213","California","West","Major Market","374.0","664.0","249.0","139.0","87.0","2580.0","310.0","290.0","450.0","740.0","2","11/01/11 00:00:00","Coffee","Columbian","Regular","415"
"213","California","West","Major Market","101.0","168.0","67.0","54.0","22.0","677.0","50.0","40.0","80.0","120.0","13","12/01/10 00:00:00","Tea","Green Tea","Regular","101"
"213","California","West","Major Market","312.0","546.0","234.0","109.0","77.0","1310.0","200.0","220.0","300.0","520.0","6","01/01/10 00:00:00","Espresso","Decaf Espresso","Decaf","312"
"213","California","West","Major Market","336.0","589.0","253.0","116.0","83.0","1686.0","220.0","240.0","320.0","560.0","6","09/01/10 00:00:00","Espresso","Decaf Espresso","Decaf","336"
"213","California","West","Major Market","304.0","567.0","228.0","107.0","75.0","1691.0","190.0","220.0","290.0","510.0","6","11/01/11 00:00:00","Espresso","Decaf Espresso","Decaf","339"
"213","California","West","Major Market","117.0","198.0","81.0","33.0","22.0","984.0","80.0","70.0","110.0","180.0","8","11/01/10 00:00:00","Herbal Tea","Chamomile","Decaf","117"
"213","California","West","Major Market","253.0","467.0","214.0","88.0","66.0","923.0","170.0","180.0","230.0","410.0","9","03/01/10 00:00:00","Herbal Tea","Lemon","Decaf","253"
"213","California","West","Major Market","265.0","490.0","225.0","91.0","69.0","1272.0","160.0","210.0","240.0","450.0","9","11/01/10 00:00:00","Herbal Tea","Lemon","Decaf","265"
"213","California","West","Major Market","68.0","119.0","52.0","28.0","17.0","554.0","40.0","40.0","60.0","100.0","10","08/01/11 00:00:00","Herbal Tea","Mint","Decaf","67"
"213","California","West","Major Market","172.0","290.0","118.0","44.0","33.0","930.0","110.0","80.0","130.0","210.0","11","11/01/10 00:00:00","Tea","Darjeeling","Regular","172"
"213","California","West","Major Market","266.0","527.0","266.0","92.0","74.0","1819.0","170.0","250.0","260.0","510.0","4","07/01/11 00:00:00","Espresso","Caffe Latte","Regular","261"
"213","California","West","Major Market","266.0","527.0","266.0","92.0","74.0","1797.0","170.0","250.0","260.0","510.0","4","08/01/11 00:00:00","Espresso","Caffe Latte","Regular","261"
"214","Texas","South","Major Market","295.0","546.0","251.0","98.0","77.0","1268.0","280.0","310.0","370.0","680.0","2","09/01/10 00:00:00","Coffee","Columbian","Regular","295"
"214","Texas","South","Major Market","109.0","193.0","84.0","39.0","27.0","603.0","110.0","100.0","140.0","240.0","3","03/01/10 00:00:00","Coffee","Decaf Irish Cream","Decaf","109"
"214","Texas","South","Major Market","51.0","90.0","39.0","25.0","12.0","541.0","80.0","40.0","90.0","130.0","3","10/01/10 00:00:00","Coffee","Decaf Irish Cream","Decaf","51"
"214","Texas","South","Major Market","79.0","133.0","54.0","27.0","15.0","601.0","40.0","40.0","60.0","100.0","6","12/01/10 00:00:00","Espresso","Decaf Espresso","Decaf","79"
"214","Texas","South","Major Market","112.0","201.0","77.0","32.0","21.0","449.0","90.0","60.0","100.0","160.0","6","02/01/11 00:00:00","Espresso","Decaf Espresso","Decaf","124"
"214","Texas","South","Major Market","80.0","140.0","60.0","47.0","19.0","329.0","50.0","50.0","80.0","130.0","8","02/01/10 00:00:00","Herbal Tea","Chamomile","Decaf","80"
"214","Texas","South","Major Market","77.0","134.0","57.0","46.0","18.0","323.0","50.0","50.0","80.0","130.0","8","03/01/10 00:00:00","Herbal Tea","Chamomile","Decaf","77"
"214","Texas","South","Major Market","63.0","109.0","47.0","40.0","15.0","420.0","30.0","40.0","60.0","100.0","8","07/01/11 00:00:00","Herbal Tea","Chamomile","Decaf","62"
"214","Texas","South","Major Market","60.0","101.0","41.0","36.0","13.0","435.0","30.0","30.0","60.0","90.0","9","12/01/10 00:00:00","Herbal Tea","Lemon","Decaf","60"
"216","Ohio","Central","Major Market","71.0","122.0","52.0","41.0","17.0","361.0","40.0","50.0","70.0","120.0","1","05/01/11 00:00:00","Coffee","Amaretto","Regular","70"
"216","Ohio","Central","Major Market","72.0","133.0","53.0","44.0","17.0","410.0","50.0","50.0","80.0","130.0","1","09/01/11 00:00:00","Coffee","Amaretto","Regular","80"
"216","Ohio","Central","Major Market","71.0","122.0","51.0","76.0","46.0","503.0","30.0","40.0","70.0","110.0","3","10/01/10 00:00:00","Coffee","Decaf Irish Cream","Decaf","71"
"216","Ohio","Central","Major Market","146.0","291.0","145.0","65.0","40.0","1304.0","120.0","160.0","180.0","340.0","5","07/01/10 00:00:00","Espresso","Caffe Mocha","Regular","146"
"216","Ohio","Central","Major Market","163.0","346.0","162.0","70.0","45.0","1091.0","130.0","180.0","200.0","380.0","5","04/01/11 00:00:00","Espresso","Caffe Mocha","Regular","184"
"216","Ohio","Central","Major Market","149.0","295.0","149.0","60.0","41.0","1156.0","120.0","170.0","180.0","350.0","5","05/01/11 00:00:00","Espresso","Caffe Mocha","Regular","146"
"216","Ohio","Central","Major Market","146.0","288.0","145.0","60.0","40.0","1304.0","120.0","160.0","180.0","340.0","5","07/01/11 00:00:00","Espresso","Caffe Mocha","Regular","143"
"216","Ohio","Central","Major Market","65.0","117.0","53.0","50.0","20.0","361.0","20.0","60.0","70.0","130.0","6","05/01/11 00:00:00","Espresso","Decaf Espresso","Decaf","64"
"216","Ohio","Central","Major Market","60.0","108.0","49.0","48.0","18.0","414.0","20.0","50.0","70.0","120.0","6","08/01/11 00:00:00","Espresso","Decaf Espresso","Decaf","59"
"216","Ohio","Central","Major Market","32.0","53.0","21.0","16.0","5.0","454.0","30.0","10.0","30.0","40.0","8","04/01/10 00:00:00","Herbal Tea","Chamomile","Decaf","32"
"216","Ohio","Central","Major Market","26.0","44.0","18.0","16.0","5.0","478.0","20.0","10.0","20.0","30.0","8","06/01/11 00:00:00","Herbal Tea","Chamomile","Decaf","26"
"216","Ohio","Central","Major Market","116.0","200.0","84.0","49.0","26.0","500.0","60.0","70.0","100.0","170.0","12","01/01/10 00:00:00","Tea","Earl Grey","Regular","116"
"217","Illinois","Central","Major Market","201.0","345.0","144.0","90.0","47.0","862.0","130.0","150.0","210.0","360.0","2","01/01/10 00:00:00","Coffee","Columbian","Regular","201"
"217","Illinois","Central","Major Market","213.0","367.0","154.0","94.0","50.0","829.0","140.0","160.0","220.0","380.0","2","03/01/10 00:00:00","Coffee","Columbian","Regular","213"
"217","Illinois","Central","Major Market","265.0","456.0","191.0","109.0","63.0","865.0","170.0","200.0","270.0","470.0","2","04/01/10 00:00:00","Coffee","Columbian","Regular","265"
"217","Illinois","Central","Major Market","222.0","376.0","154.0","72.0","49.0","833.0","170.0","160.0","230.0","390.0","3","07/01/10 00:00:00","Coffee","Decaf Irish Cream","Decaf","222"
"217","Illinois","Central","Major Market","139.0","262.0","95.0","55.0","30.0","608.0","100.0","100.0","140.0","240.0","3","01/01/11 00:00:00","Coffee","Decaf Irish Cream","Decaf","167"
"217","Illinois","Central","Major Market","335.0","587.0","252.0","115.0","83.0","1316.0","280.0","290.0","400.0","690.0","5","04/01/10 00:00:00","Espresso","Caffe Mocha","Regular","335"
"217","Illinois","Central","Major Market","324.0","604.0","243.0","113.0","80.0","1260.0","260.0","280.0","380.0","660.0","5","03/01/11 00:00:00","Espresso","Caffe Mocha","Regular","361"
"217","Illinois","Central","Major Market","239.0","478.0","239.0","90.0","66.0","1464.0","200.0","270.0","290.0","560.0","6","04/01/10 00:00:00","Espresso","Decaf Espresso","Decaf","239"
"217","Illinois","Central","Major Market","107.0","190.0","83.0","39.0","27.0","584.0","60.0","70.0","90.0","160.0","9","05/01/10 00:00:00","Herbal Tea","Lemon","Decaf","107"
"217","Illinois","Central","Major Market","80.0","134.0","54.0","27.0","15.0","456.0","50.0","40.0","70.0","110.0","11","01/01/10 00:00:00","Tea","Darjeeling","Regular","80"
"217","Illinois","Central","Major Market","145.0","245.0","100.0","40.0","28.0","598.0","100.0","80.0","130.0","210.0","11","08/01/10 00:00:00","Tea","Darjeeling","Regular","145"
"217","Illinois","Central","Major Market","111.0","187.0","76.0","33.0","21.0","580.0","80.0","50.0","80.0","130.0","11","10/01/10 00:00:00","Tea","Darjeeling","Regular","111"
"217","Illinois","Central","Major Market","80.0","150.0","54.0","28.0","15.0","456.0","50.0","40.0","70.0","110.0","11","01/01/11 00:00:00","Tea","Darjeeling","Regular","96"
"224","Illinois","Central","Major Market","271.0","463.0","196.0","100.0","64.0","1167.0","190.0","200.0","290.0","490.0","2","08/01/11 00:00:00","Coffee","Columbian","Regular","267"
"224","Illinois","Central","Major Market","387.0","678.0","291.0","128.0","96.0","1742.0","340.0","330.0","470.0","800.0","5","07/01/10 00:00:00","Espresso","Caffe Mocha","Regular","387"
"224","Illinois","Central","Major Market","304.0","532.0","228.0","108.0","75.0","1691.0","290.0","290.0","390.0","680.0","5","11/01/10 00:00:00","Espresso","Caffe Mocha","Regular","304"
"224","Illinois","Central","Major Market","126.0","213.0","87.0","35.0","24.0","756.0","90.0","70.0","110.0","180.0","8","03/01/10 00:00:00","Herbal Tea","Chamomile","Decaf","126"
"224","Illinois","Central","Major Market","132.0","223.0","91.0","37.0","25.0","777.0","100.0","70.0","120.0","190.0","8","04/01/10 00:00:00","Herbal Tea","Chamomile","Decaf","132"
"224","Illinois","Central","Major Market","100.0","178.0","78.0","38.0","25.0","593.0","60.0","60.0","90.0","150.0","9","04/01/10 00:00:00","Herbal Tea","Lemon","Decaf","100"
"224","Illinois","Central","Major Market","139.0","262.0","95.0","40.0","26.0","821.0","100.0","80.0","120.0","200.0","10","01/01/11 00:00:00","Herbal Tea","Mint","Decaf","167"
"225","Louisiana","South","Small Market","51.0","85.0","34.0","21.0","9.0","777.0","50.0","40.0","60.0","100.0","2","01/01/10 00:00:00","Coffee","Columbian","Regular","51"
"225","Louisiana","South","Small Market","49.0","82.0","33.0","20.0","9.0","768.0","50.0","40.0","60.0","100.0","2","03/01/10 00:00:00","Coffee","Columbian","Regular","49"
"225","Louisiana","South","Small Market","71.0","119.0","48.0","24.0","13.0","829.0","80.0","70.0","90.0","160.0","2","10/01/10 00:00:00","Coffee","Columbian","Regular","71"
"225","Louisiana","South","Small Market","68.0","115.0","47.0","24.0","13.0","834.0","60.0","50.0","80.0","130.0","2","11/01/10 00:00:00","Coffee","Columbian","Regular","68"
"225","Louisiana","South","Small Market","51.0","92.0","35.0","21.0","9.0","776.0","50.0","40.0","60.0","100.0","2","04/01/11 00:00:00","Coffee","Columbian","Regular","57"
"225","Louisiana","South","Small Market","64.0","106.0","43.0","22.0","12.0","822.0","60.0","50.0","80.0","130.0","2","06/01/11 00:00:00","Coffee","Columbian","Regular","63"
"225","Louisiana","South","Small Market","70.0","118.0","48.0","25.0","13.0","851.0","80.0","70.0","90.0","160.0","3","10/01/10 00:00:00","Coffee","Decaf Irish Cream","Decaf","70"
"225","Louisiana","South","Small Market","51.0","85.0","34.0","20.0","9.0","863.0","50.0","40.0","60.0","100.0","3","12/01/10 00:00:00","Coffee","Decaf Irish Cream","Decaf","51"
"225","Louisiana","South","Small Market","85.0","143.0","59.0","25.0","16.0","842.0","90.0","70.0","110.0","180.0","3","06/01/11 00:00:00","Coffee","Decaf Irish Cream","Decaf","84"
"225","Louisiana","South","Small Market","84.0","133.0","49.0","39.0","15.0","342.0","50.0","40.0","70.0","110.0","5","04/01/10 00:00:00","Espresso","Caffe Mocha","Regular","84"
"225","Louisiana","South","Small Market","82.0","130.0","48.0","38.0","14.0","351.0","50.0","40.0","70.0","110.0","5","05/01/10 00:00:00","Espresso","Caffe Mocha","Regular","82"
"225","Louisiana","South","Small Market","78.0","125.0","47.0","37.0","14.0","371.0","40.0","40.0","60.0","100.0","5","06/01/10 00:00:00","Espresso","Caffe Mocha","Regular","78"
"225","Louisiana","South","Small Market","65.0","104.0","39.0","35.0","12.0","380.0","30.0","30.0","50.0","80.0","5","07/01/10 00:00:00","Espresso","Caffe Mocha","Regular","65"
"225","Louisiana","South","Small Market","88.0","141.0","53.0","39.0","16.0","321.0","30.0","40.0","60.0","100.0","5","11/01/10 00:00:00","Espresso","Caffe Mocha","Regular","88"
"225","Louisiana","South","Small Market","113.0","201.0","67.0","45.0","20.0","400.0","80.0","50.0","100.0","150.0","5","01/01/11 00:00:00","Espresso","Caffe Mocha","Regular","134"
"225","Louisiana","South","Small Market","109.0","185.0","65.0","44.0","20.0","372.0","70.0","50.0","90.0","140.0","5","02/01/11 00:00:00","Espresso","Caffe Mocha","Regular","120"
"225","Louisiana","South","Small Market","99.0","169.0","60.0","41.0","18.0","329.0","70.0","30.0","70.0","100.0","5","10/01/11 00:00:00","Espresso","Caffe Mocha","Regular","109"
"225","Louisiana","South","Small Market","66.0","114.0","41.0","35.0","12.0","320.0","20.0","30.0","50.0","80.0","5","12/01/11 00:00:00","Espresso","Caffe Mocha","Regular","73"
"225","Louisiana","South","Small Market","68.0","114.0","46.0","37.0","14.0","388.0","40.0","30.0","60.0","90.0","6","04/01/10 00:00:00","Espresso","Decaf Espresso","Decaf","68"
"225","Louisiana","South","Small Market","54.0","90.0","36.0","33.0","11.0","462.0","20.0","30.0","40.0","70.0","6","07/01/10 00:00:00","Espresso","Decaf Espresso","Decaf","54"
"225","Louisiana","South","Small Market","71.0","120.0","49.0","37.0","15.0","454.0","30.0","30.0","60.0","90.0","6","11/01/10 00:00:00","Espresso","Decaf Espresso","Decaf","71"
"225","Louisiana","South","Small Market","63.0","106.0","43.0","36.0","13.0","466.0","20.0","30.0","50.0","80.0","6","12/01/10 00:00:00","Espresso","Decaf Espresso","Decaf","63"
"225","Louisiana","South","Small Market","65.0","109.0","45.0","34.0","14.0","410.0","40.0","30.0","60.0","90.0","6","05/01/11 00:00:00","Espresso","Decaf Espresso","Decaf","64"
"225","Louisiana","South","Small Market","59.0","98.0","40.0","33.0","12.0","443.0","30.0","30.0","50.0","80.0","6","06/01/11 00:00:00","Espresso","Decaf Espresso","Decaf","58"
"225","Louisiana","South","Small Market","54.0","89.0","36.0","31.0","11.0","462.0","20.0","30.0","40.0","70.0","6","07/01/11 00:00:00","Espresso","Decaf Espresso","Decaf","53"
"225","Louisiana","South","Small Market","63.0","111.0","48.0","27.0","15.0","593.0","40.0","40.0","60.0","100.0","8","06/01/10 00:00:00","Herbal Tea","Chamomile","Decaf","63"
"225","Louisiana","South","Small Market","133.0","236.0","103.0","46.0","33.0","564.0","110.0","80.0","130.0","210.0","8","10/01/10 00:00:00","Herbal Tea","Chamomile","Decaf","133"
"225","Louisiana","South","Small Market","120.0","214.0","94.0","43.0","31.0","540.0","70.0","80.0","110.0","190.0","8","12/01/10 00:00:00","Herbal Tea","Chamomile","Decaf","120"
"225","Louisiana","South","Small Market","107.0","193.0","86.0","65.0","32.0","484.0","40.0","80.0","100.0","180.0","9","02/01/10 00:00:00","Herbal Tea","Lemon","Decaf","107"
"225","Louisiana","South","Small Market","83.0","150.0","67.0","58.0","25.0","599.0","30.0","60.0","80.0","140.0","9","09/01/10 00:00:00","Herbal Tea","Lemon","Decaf","83"
"225","Louisiana","South","Small Market","88.0","159.0","72.0","56.0","27.0","606.0","40.0","60.0","90.0","150.0","9","08/01/11 00:00:00","Herbal Tea","Lemon","Decaf","87"
"225","Louisiana","South","Small Market","98.0","189.0","79.0","64.0","30.0","593.0","60.0","60.0","90.0","150.0","9","10/01/11 00:00:00","Herbal Tea","Lemon","Decaf","110"
"225","Louisiana","South","Small Market","87.0","160.0","63.0","86.0","57.0","187.0","0.0","50.0","70.0","120.0","4","03/01/11 00:00:00","Espresso","Caffe Latte","Regular","97"
"225","Louisiana","South","Small Market","75.0","127.0","53.0","73.0","48.0","-267.0","10.0","40.0","70.0","110.0","4","06/01/11 00:00:00","Espresso","Caffe Latte","Regular","74"
"225","Louisiana","South","Small Market","66.0","112.0","47.0","67.0","42.0","-395.0","0.0","40.0","50.0","90.0","4","07/01/11 00:00:00","Espresso","Caffe Latte","Regular","65"
"225","Louisiana","South","Small Market","76.0","140.0","55.0","79.0","49.0","-1053.0","0.0","40.0","60.0","100.0","4","12/01/11 00:00:00","Espresso","Caffe Latte","Regular","85"
"234","Ohio","Central","Major Market","62.0","108.0","46.0","43.0","15.0","415.0","40.0","40.0","70.0","110.0","1","08/01/10 00:00:00","Coffee","Amaretto","Regular","62"
"234","Ohio","Central","Major Market","79.0","147.0","59.0","46.0","19.0","411.0","50.0","50.0","80.0","130.0","1","11/01/11 00:00:00","Coffee","Amaretto","Regular","88"
"234","Ohio","Central","Major Market","73.0","135.0","54.0","44.0","17.0","424.0","40.0","50.0","70.0","120.0","1","12/01/11 00:00:00","Coffee","Amaretto","Regular","81"
"234","Ohio","Central","Major Market","51.0","85.0","34.0","32.0","10.0","428.0","30.0","30.0","50.0","80.0","2","08/01/10 00:00:00","Coffee","Columbian","Regular","51"
"234","Ohio","Central","Major Market","61.0","102.0","42.0","34.0","13.0","384.0","30.0","40.0","60.0","100.0","2","05/01/11 00:00:00","Coffee","Columbian","Regular","60"
"234","Ohio","Central","Major Market","55.0","92.0","38.0","33.0","12.0","414.0","20.0","40.0","50.0","90.0","2","06/01/11 00:00:00","Coffee","Columbian","Regular","54"
"234","Ohio","Central","Major Market","51.0","84.0","34.0","31.0","10.0","432.0","30.0","30.0","50.0","80.0","2","07/01/11 00:00:00","Coffee","Columbian","Regular","50"
"234","Ohio","Central","Major Market","68.0","121.0","46.0","36.0","14.0","424.0","40.0","40.0","70.0","110.0","2","11/01/11 00:00:00","Coffee","Columbian","Regular","75"
"234","Ohio","Central","Major Market","74.0","126.0","52.0","77.0","47.0","509.0","20.0","50.0","80.0","130.0","3","09/01/10 00:00:00","Coffee","Decaf Irish Cream","Decaf","74"
"234","Ohio","Central","Major Market","75.0","127.0","53.0","72.0","48.0","458.0","20.0","50.0","80.0","130.0","3","05/01/11 00:00:00","Coffee","Decaf Irish Cream","Decaf","74"
"234","Ohio","Central","Major Market","63.0","106.0","44.0","64.0","40.0","496.0","20.0","40.0","70.0","110.0","3","06/01/11 00:00:00","Coffee","Decaf Irish Cream","Decaf","62"
"234","Ohio","Central","Major Market","71.0","130.0","51.0","76.0","46.0","503.0","30.0","40.0","70.0","110.0","3","10/01/11 00:00:00","Coffee","Decaf Irish Cream","Decaf","79"
"234","Ohio","Central","Major Market","170.0","340.0","170.0","72.0","47.0","1073.0","140.0","190.0","210.0","400.0","5","02/01/10 00:00:00","Espresso","Caffe Mocha","Regular","170"
"234","Ohio","Central","Major Market","171.0","382.0","170.0","76.0","47.0","1091.0","140.0","190.0","210.0","400.0","5","01/01/11 00:00:00","Espresso","Caffe Mocha","Regular","212"
"234","Ohio","Central","Major Market","182.0","387.0","181.0","75.0","50.0","1283.0","170.0","230.0","230.0","460.0","5","11/01/11 00:00:00","Espresso","Caffe Mocha","Regular","206"
"234","Ohio","Central","Major Market","71.0","129.0","58.0","56.0","22.0","325.0","40.0","60.0","90.0","150.0","6","03/01/10 00:00:00","Espresso","Decaf Espresso","Decaf","71"
"234","Ohio","Central","Major Market","32.0","53.0","21.0","17.0","5.0","449.0","30.0","10.0","30.0","40.0","8","03/01/10 00:00:00","Herbal Tea","Chamomile","Decaf","32"
"234","Ohio","Central","Major Market","32.0","56.0","21.0","17.0","5.0","449.0","30.0","10.0","30.0","40.0","8","03/01/11 00:00:00","Herbal Tea","Chamomile","Decaf","35"
"234","Ohio","Central","Major Market","32.0","56.0","21.0","16.0","5.0","454.0","30.0","10.0","30.0","40.0","8","04/01/11 00:00:00","Herbal Tea","Chamomile","Decaf","35"
"234","Ohio","Central","Major Market","141.0","235.0","94.0","62.0","31.0","697.0","70.0","80.0","120.0","200.0","11","05/01/10 00:00:00","Tea","Darjeeling","Regular","141"
"234","Ohio","Central","Major Market","172.0","286.0","114.0","69.0","37.0","810.0","100.0","90.0","160.0","250.0","11","08/01/10 00:00:00","Tea","Darjeeling","Regular","172"
"234","Ohio","Central","Major Market","123.0","205.0","82.0","58.0","27.0","788.0","60.0","50.0","90.0","140.0","11","10/01/10 00:00:00","Tea","Darjeeling","Regular","123"
"234","Ohio","Central","Major Market","155.0","285.0","112.0","58.0","34.0","502.0","90.0","90.0","140.0","230.0","12","04/01/11 00:00:00","Tea","Earl Grey","Regular","173"
"234","Ohio","Central","Major Market","134.0","245.0","96.0","53.0","29.0","666.0","80.0","80.0","120.0","200.0","12","09/01/11 00:00:00","Tea","Earl Grey","Regular","149"
"239","Florida","East","Major Market","77.0","130.0","53.0","25.0","14.0","803.0","70.0","50.0","90.0","140.0","13","05/01/10 00:00:00","Tea","Green Tea","Regular","77"
"239","Florida","East","Major Market","48.0","91.0","33.0","21.0","9.0","777.0","40.0","30.0","50.0","80.0","13","01/01/11 00:00:00","Tea","Green Tea","Regular","58"
"239","Florida","East","Major Market","85.0","143.0","59.0","25.0","16.0","842.0","70.0","60.0","90.0","150.0","13","06/01/11 00:00:00","Tea","Green Tea","Regular","84"
"239","Florida","East","Major Market","85.0","143.0","59.0","25.0","16.0","870.0","70.0","60.0","90.0","150.0","13","07/01/11 00:00:00","Tea","Green Tea","Regular","84"
"239","Florida","East","Major Market","111.0","190.0","79.0","102.0","72.0","551.0","30.0","70.0","110.0","180.0","5","01/01/10 00:00:00","Espresso","Caffe Mocha","Regular","111"
"239","Florida","East","Major Market","134.0","230.0","96.0","116.0","87.0","683.0","50.0","80.0","130.0","210.0","5","10/01/10 00:00:00","Espresso","Caffe Mocha","Regular","134"
"239","Florida","East","Major Market","111.0","213.0","79.0","107.0","72.0","551.0","30.0","70.0","110.0","180.0","5","01/01/11 00:00:00","Espresso","Caffe Mocha","Regular","134"
"239","Florida","East","Major Market","173.0","294.0","124.0","131.0","112.0","717.0","60.0","110.0","180.0","290.0","5","07/01/11 00:00:00","Espresso","Caffe Mocha","Regular","170"
"239","Florida","East","Major Market","116.0","202.0","86.0","56.0","28.0","547.0","90.0","70.0","110.0","180.0","6","10/01/10 00:00:00","Espresso","Decaf Espresso","Decaf","116"
"239","Florida","East","Major Market","62.0","109.0","48.0","25.0","15.0","593.0","30.0","30.0","50.0","80.0","8","06/01/11 00:00:00","Herbal Tea","Chamomile","Decaf","61"
"239","Florida","East","Major Market","66.0","120.0","54.0","53.0","20.0","312.0","20.0","40.0","50.0","90.0","9","01/01/10 00:00:00","Herbal Tea","Lemon","Decaf","66"
"239","Florida","East","Major Market","92.0","170.0","78.0","45.0","24.0","995.0","50.0","50.0","80.0","130.0","10","05/01/10 00:00:00","Herbal Tea","Mint","Decaf","92"
"239","Florida","East","Major Market","103.0","187.0","86.0","45.0","26.0","1081.0","50.0","60.0","80.0","140.0","10","07/01/11 00:00:00","Herbal Tea","Mint","Decaf","101"
"239","Florida","East","Major Market","48.0","90.0","32.0","21.0","8.0","821.0","40.0","30.0","50.0","80.0","11","01/01/11 00:00:00","Tea","Darjeeling","Regular","58"
"239","Florida","East","Major Market","62.0","104.0","43.0","22.0","12.0","864.0","50.0","40.0","70.0","110.0","11","06/01/11 00:00:00","Tea","Darjeeling","Regular","61"
"253","Washington","West","Small Market","104.0","175.0","71.0","46.0","22.0","373.0","90.0","80.0","130.0","210.0","2","05/01/10 00:00:00","Coffee","Columbian","Regular","104"
"253","Washington","West","Small Market","104.0","176.0","72.0","46.0","23.0","461.0","80.0","80.0","120.0","200.0","2","12/01/10 00:00:00","Coffee","Columbian","Regular","104"
"253","Washington","West","Small Market","104.0","173.0","71.0","43.0","22.0","373.0","90.0","80.0","130.0","210.0","2","05/01/11 00:00:00","Coffee","Columbian","Regular","102"
"253","Washington","West","Small Market","125.0","209.0","86.0","46.0","27.0","463.0","120.0","100.0","160.0","260.0","2","07/01/11 00:00:00","Coffee","Columbian","Regular","123"
"253","Washington","West","Small Market","93.0","166.0","63.0","43.0","20.0","446.0","70.0","70.0","110.0","180.0","2","11/01/11 00:00:00","Coffee","Columbian","Regular","103"
"253","Washington","West","Small Market","129.0","221.0","92.0","113.0","83.0","599.0","60.0","110.0","160.0","270.0","3","05/01/10 00:00:00","Coffee","Decaf Irish Cream","Decaf","129"
"253","Washington","West","Small Market","130.0","224.0","94.0","114.0","85.0","694.0","40.0","110.0","150.0","260.0","3","11/01/10 00:00:00","Coffee","Decaf Irish Cream","Decaf","130"
"253","Washington","West","Small Market","128.0","234.0","92.0","113.0","83.0","541.0","60.0","110.0","160.0","270.0","3","02/01/11 00:00:00","Coffee","Decaf Irish Cream","Decaf","142"
"253","Washington","West","Small Market","129.0","219.0","92.0","105.0","83.0","599.0","60.0","110.0","160.0","270.0","3","05/01/11 00:00:00","Coffee","Decaf Irish Cream","Decaf","127"
"253","Washington","West","Small Market","90.0","155.0","65.0","87.0","58.0","513.0","10.0","40.0","60.0","100.0","13","02/01/10 00:00:00","Tea","Green Tea","Regular","90"
"253","Washington","West","Small Market","87.0","150.0","63.0","87.0","57.0","521.0","10.0","40.0","60.0","100.0","13","04/01/10 00:00:00","Tea","Green Tea","Regular","87"
"253","Washington","West","Small Market","66.0","113.0","47.0","71.0","42.0","622.0","0.0","30.0","40.0","70.0","13","07/01/10 00:00:00","Tea","Green Tea","Regular","66"
"253","Washington","West","Small Market","61.0","104.0","44.0","64.0","39.0","617.0","10.0","20.0","50.0","70.0","13","08/01/11 00:00:00","Tea","Green Tea","Regular","60"
"253","Washington","West","Small Market","66.0","120.0","54.0","53.0","20.0","312.0","20.0","50.0","60.0","110.0","5","01/01/10 00:00:00","Espresso","Caffe Mocha","Regular","66"
"253","Washington","West","Small Market","65.0","118.0","53.0","53.0","20.0","306.0","20.0","50.0","60.0","110.0","5","02/01/10 00:00:00","Espresso","Caffe Mocha","Regular","65"
"253","Washington","West","Small Market","66.0","120.0","54.0","54.0","20.0","301.0","20.0","50.0","60.0","110.0","5","03/01/10 00:00:00","Espresso","Caffe Mocha","Regular","66"
"253","Washington","West","Small Market","70.0","127.0","57.0","55.0","21.0","313.0","30.0","50.0","70.0","120.0","5","04/01/10 00:00:00","Espresso","Caffe Mocha","Regular","70"
"253","Washington","West","Small Market","82.0","149.0","67.0","59.0","25.0","391.0","30.0","60.0","80.0","140.0","5","09/01/10 00:00:00","Espresso","Caffe Mocha","Regular","82"
"253","Washington","West","Small Market","70.0","126.0","56.0","54.0","21.0","385.0","50.0","40.0","70.0","110.0","5","10/01/10 00:00:00","Espresso","Caffe Mocha","Regular","70"
"253","Washington","West","Small Market","96.0","177.0","81.0","47.0","25.0","1046.0","60.0","70.0","90.0","160.0","6","06/01/10 00:00:00","Espresso","Decaf Espresso","Decaf","96"
"253","Washington","West","Small Market","103.0","189.0","86.0","47.0","26.0","1081.0","70.0","80.0","100.0","180.0","6","07/01/10 00:00:00","Espresso","Decaf Espresso","Decaf","103"
"253","Washington","West","Small Market","94.0","174.0","80.0","46.0","24.0","1055.0","80.0","60.0","90.0","150.0","6","10/01/10 00:00:00","Espresso","Decaf Espresso","Decaf","94"
"253","Washington","West","Small Market","96.0","176.0","80.0","45.0","24.0","1079.0","60.0","70.0","100.0","170.0","6","12/01/10 00:00:00","Espresso","Decaf Espresso","Decaf","96"
"253","Washington","West","Small Market","176.0","292.0","116.0","70.0","38.0","962.0","110.0","90.0","160.0","250.0","8","04/01/10 00:00:00","Herbal Tea","Chamomile","Decaf","176"
"253","Washington","West","Small Market","155.0","258.0","103.0","64.0","33.0","1130.0","100.0","80.0","140.0","220.0","8","09/01/10 00:00:00","Herbal Tea","Chamomile","Decaf","155"
"253","Washington","West","Small Market","140.0","230.0","92.0","57.0","30.0","1102.0","90.0","70.0","130.0","200.0","8","06/01/11 00:00:00","Herbal Tea","Chamomile","Decaf","138"
"253","Washington","West","Small Market","135.0","223.0","90.0","56.0","29.0","1139.0","80.0","70.0","120.0","190.0","8","08/01/11 00:00:00","Herbal Tea","Chamomile","Decaf","133"
"253","Washington","West","Small Market","174.0","308.0","115.0","69.0","37.0","1166.0","110.0","100.0","160.0","260.0","8","12/01/11 00:00:00","Herbal Tea","Chamomile","Decaf","193"
"253","Washington","West","Small Market","70.0","118.0","48.0","25.0","13.0","839.0","50.0","40.0","60.0","100.0","9","08/01/10 00:00:00","Herbal Tea","Lemon","Decaf","70"
"253","Washington","West","Small Market","64.0","106.0","43.0","22.0","12.0","822.0","50.0","30.0","60.0","90.0","9","06/01/11 00:00:00","Herbal Tea","Lemon","Decaf","63"
"253","Washington","West","Small Market","68.0","123.0","47.0","24.0","13.0","834.0","40.0","40.0","60.0","100.0","9","11/01/11 00:00:00","Herbal Tea","Lemon","Decaf","76"
"253","Washington","West","Small Market","84.0","133.0","49.0","39.0","15.0","342.0","40.0","30.0","60.0","90.0","11","04/01/10 00:00:00","Tea","Darjeeling","Regular","84"
"253","Washington","West","Small Market","79.0","126.0","47.0","37.0","14.0","366.0","30.0","30.0","50.0","80.0","11","08/01/10 00:00:00","Tea","Darjeeling","Regular","79"
"253","Washington","West","Small Market","113.0","201.0","67.0","45.0","20.0","400.0","50.0","40.0","80.0","120.0","11","01/01/11 00:00:00","Tea","Darjeeling","Regular","134"
"253","Washington","West","Small Market","84.0","142.0","49.0","39.0","15.0","342.0","40.0","30.0","60.0","90.0","11","04/01/11 00:00:00","Tea","Darjeeling","Regular","93"
"253","Washington","West","Small Market","66.0","114.0","41.0","36.0","12.0","320.0","20.0","30.0","40.0","70.0","11","12/01/11 00:00:00","Tea","Darjeeling","Regular","73"
"253","Washington","West","Small Market","89.0","150.0","61.0","41.0","19.0","390.0","40.0","40.0","60.0","100.0","12","01/01/10 00:00:00","Tea","Earl Grey","Regular","89"
"253","Washington","West","Small Market","77.0","129.0","52.0","39.0","16.0","376.0","30.0","30.0","50.0","80.0","12","03/01/10 00:00:00","Tea","Earl Grey","Regular","77"
"253","Washington","West","Small Market","68.0","114.0","46.0","38.0","14.0","388.0","20.0","30.0","40.0","70.0","12","04/01/10 00:00:00","Tea","Earl Grey","Regular","68"
"253","Washington","West","Small Market","63.0","113.0","43.0","35.0","13.0","466.0","20.0","30.0","40.0","70.0","12","12/01/11 00:00:00","Tea","Earl Grey","Regular","70"
"253","Washington","West","Small Market","63.0","112.0","49.0","28.0","16.0","611.0","40.0","40.0","60.0","100.0","4","03/01/10 00:00:00","Espresso","Caffe Latte","Regular","63"
"253","Washington","West","Small Market","30.0","52.0","22.0","19.0","7.0","570.0","20.0","20.0","30.0","50.0","4","11/01/10 00:00:00","Espresso","Caffe Latte","Regular","30"
"253","Washington","West","Small Market","32.0","56.0","24.0","19.0","7.0","567.0","20.0","20.0","30.0","50.0","4","12/01/10 00:00:00","Espresso","Caffe Latte","Regular","32"
"253","Washington","West","Small Market","62.0","117.0","48.0","27.0","15.0","617.0","40.0","40.0","60.0","100.0","4","02/01/11 00:00:00","Espresso","Caffe Latte","Regular","69"
"254","Texas","South","Major Market","152.0","256.0","104.0","40.0","29.0","821.0","120.0","80.0","140.0","220.0","5","05/01/10 00:00:00","Espresso","Caffe Mocha","Regular","152"
"254","Texas","South","Major Market","179.0","322.0","123.0","46.0","34.0","959.0","110.0","90.0","140.0","230.0","5","12/01/11 00:00:00","Espresso","Caffe Mocha","Regular","199"
"254","Texas","South","Major Market","124.0","208.0","86.0","33.0","24.0","499.0","90.0","70.0","110.0","180.0","6","05/01/11 00:00:00","Espresso","Decaf Espresso","Decaf","122"
"254","Texas","South","Major Market","136.0","228.0","94.0","35.0","26.0","608.0","90.0","80.0","110.0","190.0","6","07/01/11 00:00:00","Espresso","Decaf Espresso","Decaf","134"
"254","Texas","South","Major Market","73.0","131.0","50.0","25.0","14.0","589.0","40.0","30.0","60.0","90.0","6","11/01/11 00:00:00","Espresso","Decaf Espresso","Decaf","81"
"254","Texas","South","Major Market","83.0","140.0","57.0","41.0","18.0","364.0","50.0","50.0","80.0","130.0","9","01/01/10 00:00:00","Herbal Tea","Lemon","Decaf","83"
"254","Texas","South","Major Market","83.0","157.0","57.0","43.0","18.0","364.0","50.0","50.0","80.0","130.0","9","01/01/11 00:00:00","Herbal Tea","Lemon","Decaf","100"
"254","Texas","South","Major Market","61.0","102.0","42.0","33.0","13.0","384.0","30.0","40.0","60.0","100.0","9","05/01/11 00:00:00","Herbal Tea","Lemon","Decaf","60"
"254","Texas","South","Major Market","51.0","84.0","34.0","30.0","10.0","432.0","30.0","30.0","50.0","80.0","9","07/01/11 00:00:00","Herbal Tea","Lemon","Decaf","50"
"254","Texas","South","Major Market","96.0","160.0","64.0","52.0","21.0","-161.0","50.0","50.0","80.0","130.0","4","05/01/10 00:00:00","Espresso","Caffe Latte","Regular","96"
"262","Wisconsin","Central","Small Market","66.0","120.0","54.0","53.0","20.0","312.0","30.0","50.0","70.0","120.0","1","01/01/10 00:00:00","Coffee","Amaretto","Regular","66"
"262","Wisconsin","Central","Small Market","65.0","118.0","53.0","53.0","20.0","306.0","30.0","50.0","70.0","120.0","1","02/01/10 00:00:00","Coffee","Amaretto","Regular","65"
"262","Wisconsin","Central","Small Market","66.0","120.0","54.0","53.0","20.0","301.0","30.0","50.0","70.0","120.0","1","03/01/10 00:00:00","Coffee","Amaretto","Regular","66"
"262","Wisconsin","Central","Small Market","72.0","130.0","58.0","55.0","22.0","338.0","20.0","60.0","70.0","130.0","1","05/01/10 00:00:00","Coffee","Amaretto","Regular","72"
"262","Wisconsin","Central","Small Market","67.0","121.0","54.0","53.0","20.0","391.0","20.0","50.0","60.0","110.0","1","11/01/10 00:00:00","Coffee","Amaretto","Regular","67"
"262","Wisconsin","Central","Small Market","66.0","128.0","54.0","53.0","20.0","301.0","30.0","50.0","70.0","120.0","1","03/01/11 00:00:00","Coffee","Amaretto","Regular","74"
"262","Wisconsin","Central","Small Market","74.0","132.0","59.0","52.0","22.0","403.0","20.0","60.0","70.0","130.0","1","07/01/11 00:00:00","Coffee","Amaretto","Regular","73"
"262","Wisconsin","Central","Small Market","67.0","129.0","54.0","53.0","20.0","391.0","20.0","50.0","60.0","110.0","1","11/01/11 00:00:00","Coffee","Amaretto","Regular","75"
"262","Wisconsin","Central","Small Market","111.0","190.0","79.0","102.0","72.0","551.0","20.0","80.0","110.0","190.0","2","01/01/10 00:00:00","Coffee","Columbian","Regular","111"
"262","Wisconsin","Central","Small Market","132.0","227.0","95.0","115.0","86.0","532.0","30.0","100.0","130.0","230.0","2","03/01/10 00:00:00","Coffee","Columbian","Regular","132"
"262","Wisconsin","Central","Small Market","129.0","221.0","92.0","112.0","83.0","599.0","40.0","90.0","140.0","230.0","2","05/01/10 00:00:00","Coffee","Columbian","Regular","129"
"262","Wisconsin","Central","Small Market","173.0","297.0","124.0","141.0","112.0","717.0","60.0","130.0","180.0","310.0","2","07/01/10 00:00:00","Coffee","Columbian","Regular","173"
"262","Wisconsin","Central","Small Market","130.0","224.0","94.0","114.0","85.0","694.0","30.0","90.0","130.0","220.0","2","11/01/10 00:00:00","Coffee","Columbian","Regular","130"
"262","Wisconsin","Central","Small Market","129.0","219.0","92.0","104.0","83.0","599.0","40.0","90.0","140.0","230.0","2","05/01/11 00:00:00","Coffee","Columbian","Regular","127"
"262","Wisconsin","Central","Small Market","154.0","262.0","110.0","121.0","100.0","665.0","50.0","110.0","160.0","270.0","2","06/01/11 00:00:00","Coffee","Columbian","Regular","152"
"262","Wisconsin","Central","Small Market","145.0","266.0","105.0","125.0","95.0","716.0","30.0","100.0","140.0","240.0","2","12/01/11 00:00:00","Coffee","Columbian","Regular","161"
"262","Wisconsin","Central","Small Market","114.0","199.0","85.0","56.0","28.0","555.0","70.0","90.0","110.0","200.0","3","09/01/10 00:00:00","Coffee","Decaf Irish Cream","Decaf","114"
"262","Wisconsin","Central","Small Market","103.0","180.0","77.0","52.0","25.0","557.0","60.0","70.0","100.0","170.0","3","11/01/10 00:00:00","Coffee","Decaf Irish Cream","Decaf","103"
"262","Wisconsin","Central","Small Market","103.0","192.0","77.0","53.0","25.0","423.0","60.0","80.0","100.0","180.0","3","02/01/11 00:00:00","Coffee","Decaf Irish Cream","Decaf","115"
"262","Wisconsin","Central","Small Market","112.0","208.0","83.0","54.0","27.0","433.0","80.0","80.0","120.0","200.0","3","04/01/11 00:00:00","Coffee","Decaf Irish Cream","Decaf","125"
"262","Wisconsin","Central","Small Market","121.0","210.0","91.0","54.0","30.0","533.0","90.0","90.0","130.0","220.0","3","06/01/11 00:00:00","Coffee","Decaf Irish Cream","Decaf","119"
"262","Wisconsin","Central","Small Market","130.0","225.0","97.0","55.0","32.0","575.0","80.0","100.0","130.0","230.0","3","07/01/11 00:00:00","Coffee","Decaf Irish Cream","Decaf","128"
"262","Wisconsin","Central","Small Market","96.0","177.0","81.0","46.0","25.0","1046.0","70.0","90.0","110.0","200.0","5","06/01/10 00:00:00","Espresso","Caffe Mocha","Regular","96"
"262","Wisconsin","Central","Small Market","81.0","168.0","69.0","45.0","21.0","965.0","50.0","80.0","90.0","170.0","5","01/01/11 00:00:00","Espresso","Caffe Mocha","Regular","99"
"262","Wisconsin","Central","Small Market","84.0","164.0","70.0","42.0","21.0","957.0","60.0","80.0","100.0","180.0","5","02/01/11 00:00:00","Espresso","Caffe Mocha","Regular","94"
"262","Wisconsin","Central","Small Market","94.0","185.0","80.0","46.0","24.0","1055.0","120.0","110.0","140.0","250.0","5","10/01/11 00:00:00","Espresso","Caffe Mocha","Regular","105"
"262","Wisconsin","Central","Small Market","96.0","188.0","80.0","46.0","24.0","1079.0","80.0","100.0","120.0","220.0","5","12/01/11 00:00:00","Espresso","Caffe Mocha","Regular","108"
"262","Wisconsin","Central","Small Market","62.0","110.0","48.0","28.0","15.0","623.0","50.0","50.0","70.0","120.0","6","01/01/10 00:00:00","Espresso","Decaf Espresso","Decaf","62"
"262","Wisconsin","Central","Small Market","62.0","110.0","48.0","27.0","15.0","599.0","50.0","50.0","70.0","120.0","6","05/01/10 00:00:00","Espresso","Decaf Espresso","Decaf","62"
"262","Wisconsin","Central","Small Market","62.0","110.0","48.0","28.0","15.0","593.0","50.0","50.0","70.0","120.0","6","06/01/10 00:00:00","Espresso","Decaf Espresso","Decaf","62"
"262","Wisconsin","Central","Small Market","39.0","69.0","30.0","21.0","9.0","581.0","30.0","30.0","50.0","80.0","6","08/01/10 00:00:00","Espresso","Decaf Espresso","Decaf","39"
"262","Wisconsin","Central","Small Market","32.0","56.0","24.0","19.0","7.0","567.0","30.0","30.0","40.0","70.0","6","12/01/10 00:00:00","Espresso","Decaf Espresso","Decaf","32"
"262","Wisconsin","Central","Small Market","63.0","119.0","49.0","29.0","16.0","611.0","60.0","50.0","80.0","130.0","6","03/01/11 00:00:00","Espresso","Decaf Espresso","Decaf","70"
"262","Wisconsin","Central","Small Market","39.0","68.0","30.0","20.0","9.0","581.0","30.0","30.0","50.0","80.0","6","08/01/11 00:00:00","Espresso","Decaf Espresso","Decaf","38"
"262","Wisconsin","Central","Small Market","29.0","54.0","22.0","19.0","7.0","573.0","50.0","20.0","50.0","70.0","6","10/01/11 00:00:00","Espresso","Decaf Espresso","Decaf","32"
"262","Wisconsin","Central","Small Market","105.0","167.0","62.0","42.0","19.0","346.0","70.0","50.0","90.0","140.0","8","03/01/10 00:00:00","Herbal Tea","Chamomile","Decaf","105"
"262","Wisconsin","Central","Small Market","84.0","133.0","49.0","38.0","15.0","342.0","50.0","40.0","70.0","110.0","8","04/01/10 00:00:00","Herbal Tea","Chamomile","Decaf","84"
"262","Wisconsin","Central","Small Market","65.0","103.0","39.0","33.0","12.0","380.0","40.0","30.0","60.0","90.0","8","07/01/11 00:00:00","Herbal Tea","Chamomile","Decaf","64"
"262","Wisconsin","Central","Small Market","94.0","161.0","57.0","41.0","17.0","349.0","70.0","40.0","90.0","130.0","8","09/01/11 00:00:00","Herbal Tea","Chamomile","Decaf","104"
"262","Wisconsin","Central","Small Market","88.0","150.0","53.0","40.0","16.0","321.0","50.0","50.0","80.0","130.0","8","11/01/11 00:00:00","Herbal Tea","Chamomile","Decaf","97"
"262","Wisconsin","Central","Small Market","68.0","115.0","47.0","25.0","13.0","772.0","50.0","40.0","60.0","100.0","9","02/01/10 00:00:00","Herbal Tea","Lemon","Decaf","68"
"262","Wisconsin","Central","Small Market","77.0","130.0","53.0","26.0","14.0","803.0","60.0","40.0","70.0","110.0","9","05/01/10 00:00:00","Herbal Tea","Lemon","Decaf","77"
"262","Wisconsin","Central","Small Market","85.0","144.0","59.0","27.0","16.0","870.0","60.0","50.0","70.0","120.0","9","07/01/10 00:00:00","Herbal Tea","Lemon","Decaf","85"
"262","Wisconsin","Central","Small Market","91.0","154.0","63.0","28.0","17.0","864.0","70.0","50.0","80.0","130.0","9","08/01/10 00:00:00","Herbal Tea","Lemon","Decaf","91"
"262","Wisconsin","Central","Small Market","70.0","118.0","48.0","25.0","13.0","851.0","60.0","30.0","60.0","90.0","9","10/01/10 00:00:00","Herbal Tea","Lemon","Decaf","70"
"262","Wisconsin","Central","Small Market","47.0","78.0","31.0","20.0","8.0","856.0","40.0","20.0","50.0","70.0","9","11/01/10 00:00:00","Herbal Tea","Lemon","Decaf","47"
"262","Wisconsin","Central","Small Market","72.0","129.0","49.0","25.0","13.0","779.0","50.0","40.0","60.0","100.0","9","04/01/11 00:00:00","Herbal Tea","Lemon","Decaf","80"
"262","Wisconsin","Central","Small Market","77.0","129.0","53.0","24.0","14.0","803.0","60.0","40.0","70.0","110.0","9","05/01/11 00:00:00","Herbal Tea","Lemon","Decaf","76"
"262","Wisconsin","Central","Small Market","85.0","143.0","59.0","25.0","16.0","870.0","60.0","50.0","70.0","120.0","9","07/01/11 00:00:00","Herbal Tea","Lemon","Decaf","84"
"262","Wisconsin","Central","Small Market","91.0","153.0","63.0","26.0","17.0","864.0","70.0","50.0","80.0","130.0","9","08/01/11 00:00:00","Herbal Tea","Lemon","Decaf","90"
"262","Wisconsin","Central","Small Market","70.0","126.0","48.0","25.0","13.0","851.0","60.0","30.0","60.0","90.0","9","10/01/11 00:00:00","Herbal Tea","Lemon","Decaf","78"
"262","Wisconsin","Central","Small Market","68.0","114.0","46.0","37.0","14.0","388.0","40.0","30.0","70.0","100.0","11","04/01/10 00:00:00","Tea","Darjeeling","Regular","68"
"262","Wisconsin","Central","Small Market","67.0","113.0","46.0","37.0","14.0","449.0","40.0","20.0","50.0","70.0","11","10/01/10 00:00:00","Tea","Darjeeling","Regular","67"
"262","Wisconsin","Central","Small Market","71.0","120.0","49.0","38.0","15.0","454.0","20.0","40.0","50.0","90.0","11","11/01/10 00:00:00","Tea","Darjeeling","Regular","71"
"262","Wisconsin","Central","Small Market","63.0","106.0","43.0","35.0","13.0","466.0","20.0","30.0","50.0","80.0","11","12/01/10 00:00:00","Tea","Darjeeling","Regular","63"
"262","Wisconsin","Central","Small Market","68.0","121.0","46.0","37.0","14.0","388.0","40.0","30.0","70.0","100.0","11","04/01/11 00:00:00","Tea","Darjeeling","Regular","75"
"262","Wisconsin","Central","Small Market","59.0","98.0","40.0","33.0","12.0","443.0","20.0","30.0","50.0","80.0","11","06/01/11 00:00:00","Tea","Darjeeling","Regular","58"
"262","Wisconsin","Central","Small Market","54.0","89.0","36.0","31.0","11.0","462.0","10.0","30.0","40.0","70.0","11","07/01/11 00:00:00","Tea","Darjeeling","Regular","53"
"262","Wisconsin","Central","Small Market","67.0","120.0","46.0","37.0","14.0","449.0","40.0","20.0","50.0","70.0","11","10/01/11 00:00:00","Tea","Darjeeling","Regular","74"
"262","Wisconsin","Central","Small Market","63.0","113.0","43.0","35.0","13.0","466.0","20.0","30.0","50.0","80.0","11","12/01/11 00:00:00","Tea","Darjeeling","Regular","70"
"262","Wisconsin","Central","Small Market","105.0","180.0","75.0","98.0","68.0","522.0","10.0","60.0","90.0","150.0","12","01/01/10 00:00:00","Tea","Earl Grey","Regular","105"
"262","Wisconsin","Central","Small Market","90.0","154.0","64.0","88.0","58.0","551.0","10.0","50.0","80.0","130.0","12","05/01/10 00:00:00","Tea","Earl Grey","Regular","90"
"262","Wisconsin","Central","Small Market","105.0","201.0","75.0","103.0","68.0","522.0","10.0","60.0","90.0","150.0","12","01/01/11 00:00:00","Tea","Earl Grey","Regular","126"
"262","Wisconsin","Central","Small Market","87.0","160.0","63.0","86.0","57.0","506.0","10.0","50.0","80.0","130.0","12","03/01/11 00:00:00","Tea","Earl Grey","Regular","97"
"262","Wisconsin","Central","Small Market","84.0","153.0","60.0","84.0","54.0","606.0","0.0","40.0","50.0","90.0","12","10/01/11 00:00:00","Tea","Earl Grey","Regular","93"
"262","Wisconsin","Central","Small Market","76.0","140.0","55.0","79.0","49.0","627.0","0.0","40.0","60.0","100.0","12","12/01/11 00:00:00","Tea","Earl Grey","Regular","85"
"281","Texas","South","Major Market","295.0","582.0","251.0","98.0","77.0","1268.0","280.0","310.0","370.0","680.0","2","09/01/11 00:00:00","Coffee","Columbian","Regular","331"
"281","Texas","South","Major Market","107.0","188.0","83.0","36.0","27.0","584.0","100.0","100.0","130.0","230.0","3","05/01/11 00:00:00","Coffee","Decaf Irish Cream","Decaf","105"
"281","Texas","South","Major Market","51.0","96.0","39.0","25.0","12.0","541.0","80.0","40.0","90.0","130.0","3","10/01/11 00:00:00","Coffee","Decaf Irish Cream","Decaf","57"
"281","Texas","South","Major Market","163.0","276.0","113.0","43.0","31.0","897.0","120.0","90.0","140.0","230.0","5","06/01/10 00:00:00","Espresso","Caffe Mocha","Regular","163"
"281","Texas","South","Major Market","80.0","140.0","60.0","47.0","19.0","336.0","50.0","50.0","80.0","130.0","8","01/01/10 00:00:00","Herbal Tea","Chamomile","Decaf","80"
"281","Texas","South","Major Market","80.0","157.0","60.0","49.0","19.0","336.0","50.0","50.0","80.0","130.0","8","01/01/11 00:00:00","Herbal Tea","Chamomile","Decaf","97"
"281","Texas","South","Major Market","72.0","121.0","49.0","37.0","15.0","351.0","40.0","40.0","70.0","110.0","9","03/01/10 00:00:00","Herbal Tea","Lemon","Decaf","72"
"281","Texas","South","Major Market","51.0","85.0","34.0","32.0","10.0","432.0","30.0","30.0","50.0","80.0","9","07/01/10 00:00:00","Herbal Tea","Lemon","Decaf","51"
"281","Texas","South","Major Market","51.0","85.0","34.0","32.0","10.0","428.0","30.0","30.0","50.0","80.0","9","08/01/10 00:00:00","Herbal Tea","Lemon","Decaf","51"
"281","Texas","South","Major Market","64.0","114.0","43.0","37.0","13.0","363.0","30.0","40.0","60.0","100.0","9","04/01/11 00:00:00","Herbal Tea","Lemon","Decaf","71"
"281","Texas","South","Major Market","79.0","131.0","52.0","49.0","17.0","-456.0","40.0","40.0","70.0","110.0","4","07/01/10 00:00:00","Espresso","Caffe Latte","Regular","79"
"281","Texas","South","Major Market","81.0","134.0","54.0","45.0","17.0","-321.0","40.0","40.0","70.0","110.0","4","06/01/11 00:00:00","Espresso","Caffe Latte","Regular","80"
"303","Colorado","Central","Major Market","144.0","243.0","99.0","39.0","27.0","766.0","120.0","100.0","150.0","250.0","1","02/01/10 00:00:00","Coffee","Amaretto","Regular","144"
"303","Colorado","Central","Major Market","126.0","227.0","87.0","36.0","24.0","756.0","100.0","90.0","130.0","220.0","1","03/01/11 00:00:00","Coffee","Amaretto","Regular","140"
"303","Colorado","Central","Major Market","179.0","322.0","123.0","45.0","34.0","959.0","130.0","120.0","170.0","290.0","1","12/01/11 00:00:00","Coffee","Amaretto","Regular","199"
"303","Colorado","Central","Major Market","107.0","190.0","83.0","39.0","27.0","584.0","80.0","80.0","110.0","190.0","2","05/01/10 00:00:00","Coffee","Columbian","Regular","107"
"303","Colorado","Central","Major Market","107.0","202.0","83.0","39.0","27.0","613.0","80.0","80.0","110.0","190.0","2","02/01/11 00:00:00","Coffee","Columbian","Regular","119"
"303","Colorado","Central","Major Market","112.0","197.0","87.0","38.0","28.0","564.0","80.0","90.0","110.0","200.0","2","07/01/11 00:00:00","Coffee","Columbian","Regular","110"
"303","Colorado","Central","Major Market","74.0","141.0","58.0","32.0","19.0","548.0","50.0","60.0","70.0","130.0","2","09/01/11 00:00:00","Coffee","Columbian","Regular","83"
"303","Colorado","Central","Major Market","51.0","96.0","39.0","24.0","12.0","541.0","50.0","30.0","50.0","80.0","2","10/01/11 00:00:00","Coffee","Columbian","Regular","57"
"303","Colorado","Central","Major Market","145.0","245.0","100.0","40.0","28.0","822.0","120.0","100.0","150.0","250.0","3","04/01/10 00:00:00","Coffee","Decaf Irish Cream","Decaf","145"
"303","Colorado","Central","Major Market","137.0","247.0","95.0","38.0","26.0","809.0","110.0","100.0","140.0","240.0","3","02/01/11 00:00:00","Coffee","Decaf Irish Cream","Decaf","152"
"303","Colorado","Central","Major Market","139.0","249.0","95.0","38.0","26.0","799.0","110.0","100.0","140.0","240.0","3","03/01/11 00:00:00","Coffee","Decaf Irish Cream","Decaf","154"
"303","Colorado","Central","Major Market","145.0","261.0","100.0","40.0","28.0","822.0","120.0","100.0","150.0","250.0","3","04/01/11 00:00:00","Coffee","Decaf Irish Cream","Decaf","161"
"303","Colorado","Central","Major Market","152.0","254.0","104.0","37.0","29.0","871.0","120.0","110.0","150.0","260.0","3","05/01/11 00:00:00","Coffee","Decaf Irish Cream","Decaf","150"
"303","Colorado","Central","Major Market","185.0","309.0","127.0","43.0","35.0","1007.0","150.0","130.0","190.0","320.0","3","07/01/11 00:00:00","Coffee","Decaf Irish Cream","Decaf","182"
"303","Colorado","Central","Major Market","56.0","100.0","44.0","26.0","14.0","623.0","30.0","30.0","50.0","80.0","13","01/01/10 00:00:00","Tea","Green Tea","Regular","56"
"303","Colorado","Central","Major Market","60.0","106.0","46.0","28.0","15.0","608.0","40.0","30.0","60.0","90.0","13","04/01/10 00:00:00","Tea","Green Tea","Regular","60"
"303","Colorado","Central","Major Market","53.0","94.0","41.0","26.0","13.0","592.0","30.0","30.0","50.0","80.0","13","07/01/10 00:00:00","Tea","Green Tea","Regular","53"
"303","Colorado","Central","Major Market","56.0","112.0","44.0","27.0","14.0","623.0","30.0","30.0","50.0","80.0","13","01/01/11 00:00:00","Tea","Green Tea","Regular","68"
"303","Colorado","Central","Major Market","60.0","113.0","46.0","28.0","15.0","608.0","40.0","30.0","60.0","90.0","13","04/01/11 00:00:00","Tea","Green Tea","Regular","67"
"303","Colorado","Central","Major Market","80.0","134.0","54.0","26.0","15.0","456.0","70.0","60.0","90.0","150.0","5","01/01/10 00:00:00","Espresso","Caffe Mocha","Regular","80"
"303","Colorado","Central","Major Market","124.0","210.0","86.0","36.0","24.0","499.0","120.0","90.0","150.0","240.0","5","05/01/10 00:00:00","Espresso","Caffe Mocha","Regular","124"
"303","Colorado","Central","Major Market","136.0","230.0","94.0","38.0","26.0","608.0","140.0","100.0","170.0","270.0","5","07/01/10 00:00:00","Espresso","Caffe Mocha","Regular","136"
"303","Colorado","Central","Major Market","118.0","199.0","81.0","34.0","22.0","588.0","110.0","90.0","140.0","230.0","5","09/01/10 00:00:00","Espresso","Caffe Mocha","Regular","118"
"303","Colorado","Central","Major Market","111.0","187.0","76.0","32.0","21.0","580.0","170.0","100.0","180.0","280.0","5","10/01/10 00:00:00","Espresso","Caffe Mocha","Regular","111"
"303","Colorado","Central","Major Market","73.0","123.0","50.0","25.0","14.0","589.0","70.0","60.0","90.0","150.0","5","11/01/10 00:00:00","Espresso","Caffe Mocha","Regular","73"
"303","Colorado","Central","Major Market","112.0","201.0","77.0","32.0","21.0","449.0","110.0","80.0","140.0","220.0","5","02/01/11 00:00:00","Espresso","Caffe Mocha","Regular","124"
"303","Colorado","Central","Major Market","136.0","228.0","94.0","34.0","26.0","562.0","140.0","100.0","170.0","270.0","5","06/01/11 00:00:00","Espresso","Caffe Mocha","Regular","134"
"303","Colorado","Central","Major Market","73.0","131.0","50.0","25.0","14.0","589.0","70.0","60.0","90.0","150.0","5","11/01/11 00:00:00","Espresso","Caffe Mocha","Regular","81"
"303","Colorado","Central","Major Market","114.0","189.0","75.0","55.0","24.0","549.0","90.0","80.0","140.0","220.0","6","02/01/10 00:00:00","Espresso","Decaf Espresso","Decaf","114"
"303","Colorado","Central","Major Market","96.0","160.0","64.0","52.0","21.0","593.0","60.0","70.0","110.0","180.0","6","05/01/10 00:00:00","Espresso","Decaf Espresso","Decaf","96"
"303","Colorado","Central","Major Market","81.0","135.0","54.0","48.0","17.0","641.0","50.0","60.0","90.0","150.0","6","06/01/10 00:00:00","Espresso","Decaf Espresso","Decaf","81"
"303","Colorado","Central","Major Market","79.0","131.0","52.0","48.0","17.0","668.0","50.0","60.0","90.0","150.0","6","07/01/10 00:00:00","Espresso","Decaf Espresso","Decaf","79"
"303","Colorado","Central","Major Market","90.0","150.0","60.0","51.0","19.0","656.0","60.0","60.0","110.0","170.0","6","09/01/10 00:00:00","Espresso","Decaf Espresso","Decaf","90"
"303","Colorado","Central","Major Market","110.0","182.0","72.0","54.0","23.0","650.0","130.0","100.0","160.0","260.0","6","10/01/10 00:00:00","Espresso","Decaf Espresso","Decaf","110"
"303","Colorado","Central","Major Market","114.0","189.0","75.0","56.0","24.0","659.0","100.0","90.0","150.0","240.0","6","11/01/10 00:00:00","Espresso","Decaf Espresso","Decaf","114"
"303","Colorado","Central","Major Market","102.0","181.0","68.0","54.0","22.0","559.0","80.0","70.0","130.0","200.0","6","04/01/11 00:00:00","Espresso","Decaf Espresso","Decaf","113"
"303","Colorado","Central","Major Market","79.0","130.0","52.0","45.0","17.0","668.0","50.0","60.0","90.0","150.0","6","07/01/11 00:00:00","Espresso","Decaf Espresso","Decaf","78"
"303","Colorado","Central","Major Market","163.0","325.0","162.0","69.0","45.0","1091.0","100.0","130.0","150.0","280.0","8","04/01/10 00:00:00","Herbal Tea","Chamomile","Decaf","163"
"303","Colorado","Central","Major Market","146.0","291.0","145.0","65.0","40.0","1304.0","80.0","120.0","130.0","250.0","8","07/01/10 00:00:00","Herbal Tea","Chamomile","Decaf","146"
"303","Colorado","Central","Major Market","146.0","291.0","145.0","64.0","40.0","1292.0","80.0","120.0","130.0","250.0","8","08/01/10 00:00:00","Herbal Tea","Chamomile","Decaf","146"
"303","Colorado","Central","Major Market","153.0","306.0","153.0","66.0","42.0","1319.0","80.0","140.0","140.0","280.0","8","12/01/10 00:00:00","Herbal Tea","Chamomile","Decaf","153"
"303","Colorado","Central","Major Market","155.0","330.0","155.0","68.0","43.0","1280.0","90.0","130.0","140.0","270.0","8","09/01/11 00:00:00","Herbal Tea","Chamomile","Decaf","175"
"303","Colorado","Central","Major Market","71.0","122.0","51.0","76.0","46.0","503.0","30.0","30.0","60.0","90.0","9","10/01/10 00:00:00","Herbal Tea","Lemon","Decaf","71"
"303","Colorado","Central","Major Market","73.0","125.0","52.0","77.0","47.0","509.0","10.0","40.0","70.0","110.0","9","11/01/10 00:00:00","Herbal Tea","Lemon","Decaf","73"
"303","Colorado","Central","Major Market","73.0","133.0","52.0","77.0","47.0","421.0","20.0","40.0","70.0","110.0","9","03/01/11 00:00:00","Herbal Tea","Lemon","Decaf","81"
"303","Colorado","Central","Major Market","63.0","106.0","44.0","65.0","40.0","496.0","10.0","30.0","60.0","90.0","9","06/01/11 00:00:00","Herbal Tea","Lemon","Decaf","62"
"303","Colorado","Central","Major Market","56.0","94.0","39.0","61.0","36.0","517.0","0.0","30.0","50.0","80.0","9","07/01/11 00:00:00","Herbal Tea","Lemon","Decaf","55"
"303","Colorado","Central","Major Market","80.0","140.0","60.0","47.0","19.0","329.0","40.0","50.0","70.0","120.0","10","02/01/10 00:00:00","Herbal Tea","Mint","Decaf","80"
"303","Colorado","Central","Major Market","62.0","108.0","46.0","42.0","15.0","415.0","30.0","30.0","60.0","90.0","10","08/01/10 00:00:00","Herbal Tea","Mint","Decaf","62"
"303","Colorado","Central","Major Market","73.0","127.0","54.0","44.0","17.0","424.0","30.0","50.0","60.0","110.0","10","12/01/10 00:00:00","Herbal Tea","Mint","Decaf","73"
"303","Colorado","Central","Major Market","62.0","107.0","46.0","39.0","15.0","415.0","30.0","30.0","60.0","90.0","10","08/01/11 00:00:00","Herbal Tea","Mint","Decaf","61"
"303","Colorado","Central","Major Market","67.0","121.0","54.0","54.0","20.0","337.0","20.0","40.0","60.0","100.0","11","04/01/10 00:00:00","Tea","Darjeeling","Regular","67"
"303","Colorado","Central","Major Market","66.0","120.0","54.0","53.0","20.0","404.0","30.0","30.0","50.0","80.0","11","10/01/10 00:00:00","Tea","Darjeeling","Regular","66"
"303","Colorado","Central","Major Market","57.0","103.0","46.0","51.0","17.0","422.0","10.0","30.0","50.0","80.0","11","12/01/10 00:00:00","Tea","Darjeeling","Regular","57"
"303","Colorado","Central","Major Market","57.0","110.0","46.0","51.0","17.0","422.0","10.0","30.0","50.0","80.0","11","12/01/11 00:00:00","Tea","Darjeeling","Regular","64"
"303","Colorado","Central","Major Market","76.0","140.0","64.0","40.0","19.0","965.0","40.0","50.0","70.0","120.0","12","01/01/10 00:00:00","Tea","Earl Grey","Regular","76"
"303","Colorado","Central","Major Market","73.0","135.0","62.0","41.0","19.0","952.0","30.0","50.0","60.0","110.0","12","03/01/10 00:00:00","Tea","Earl Grey","Regular","73"
"303","Colorado","Central","Major Market","66.0","122.0","56.0","39.0","17.0","992.0","30.0","40.0","60.0","100.0","12","05/01/10 00:00:00","Tea","Earl Grey","Regular","66"
"303","Colorado","Central","Major Market","64.0","118.0","54.0","37.0","16.0","1037.0","40.0","30.0","50.0","80.0","12","10/01/10 00:00:00","Tea","Earl Grey","Regular","64"
"303","Colorado","Central","Major Market","63.0","116.0","53.0","37.0","16.0","1054.0","20.0","40.0","50.0","90.0","12","12/01/10 00:00:00","Tea","Earl Grey","Regular","63"
"303","Colorado","Central","Major Market","75.0","147.0","63.0","41.0","19.0","965.0","40.0","50.0","70.0","120.0","12","04/01/11 00:00:00","Tea","Earl Grey","Regular","84"
"303","Colorado","Central","Major Market","66.0","121.0","56.0","36.0","17.0","992.0","30.0","40.0","60.0","100.0","12","05/01/11 00:00:00","Tea","Earl Grey","Regular","65"
"305","Florida","East","Major Market","134.0","222.0","88.0","61.0","29.0","653.0","90.0","80.0","130.0","210.0","2","04/01/10 00:00:00","Coffee","Columbian","Regular","134"
"305","Florida","East","Major Market","172.0","283.0","114.0","63.0","37.0","822.0","120.0","100.0","170.0","270.0","2","07/01/11 00:00:00","Coffee","Columbian","Regular","169"
"305","Florida","East","Major Market","120.0","206.0","86.0","49.0","26.0","490.0","70.0","80.0","110.0","190.0","3","02/01/10 00:00:00","Coffee","Decaf Irish Cream","Decaf","120"
"305","Florida","East","Major Market","128.0","220.0","92.0","112.0","83.0","541.0","40.0","80.0","130.0","210.0","5","02/01/10 00:00:00","Espresso","Caffe Mocha","Regular","128"
"305","Florida","East","Major Market","145.0","250.0","105.0","124.0","95.0","716.0","30.0","100.0","140.0","240.0","5","12/01/10 00:00:00","Espresso","Caffe Mocha","Regular","145"
"305","Florida","East","Major Market","145.0","266.0","105.0","124.0","95.0","716.0","30.0","100.0","140.0","240.0","5","12/01/11 00:00:00","Espresso","Caffe Mocha","Regular","161"
"305","Florida","East","Major Market","103.0","201.0","77.0","56.0","25.0","432.0","60.0","70.0","100.0","170.0","6","01/01/11 00:00:00","Espresso","Decaf Espresso","Decaf","124"
"305","Florida","East","Major Market","58.0","103.0","45.0","27.0","14.0","605.0","30.0","30.0","50.0","80.0","8","04/01/10 00:00:00","Herbal Tea","Chamomile","Decaf","58"
"305","Florida","East","Major Market","70.0","127.0","57.0","55.0","21.0","313.0","20.0","40.0","50.0","90.0","9","04/01/10 00:00:00","Herbal Tea","Lemon","Decaf","70"
"305","Florida","East","Major Market","72.0","130.0","58.0","55.0","22.0","338.0","30.0","40.0","60.0","100.0","9","05/01/10 00:00:00","Herbal Tea","Lemon","Decaf","72"
"305","Florida","East","Major Market","77.0","140.0","63.0","57.0","23.0","397.0","30.0","40.0","60.0","100.0","9","08/01/10 00:00:00","Herbal Tea","Lemon","Decaf","77"
"305","Florida","East","Major Market","82.0","149.0","67.0","58.0","25.0","391.0","20.0","50.0","60.0","110.0","9","09/01/10 00:00:00","Herbal Tea","Lemon","Decaf","82"
"305","Florida","East","Major Market","82.0","159.0","67.0","58.0","25.0","391.0","20.0","50.0","60.0","110.0","9","09/01/11 00:00:00","Herbal Tea","Lemon","Decaf","92"
"305","Florida","East","Major Market","80.0","155.0","65.0","57.0","24.0","403.0","20.0","40.0","60.0","100.0","9","12/01/11 00:00:00","Herbal Tea","Lemon","Decaf","90"
"305","Florida","East","Major Market","96.0","177.0","81.0","47.0","25.0","1046.0","40.0","60.0","70.0","130.0","10","06/01/10 00:00:00","Herbal Tea","Mint","Decaf","96"
"305","Florida","East","Major Market","123.0","226.0","103.0","53.0","31.0","1073.0","70.0","70.0","100.0","170.0","10","08/01/10 00:00:00","Herbal Tea","Mint","Decaf","123"
"305","Florida","East","Major Market","94.0","174.0","80.0","46.0","24.0","1055.0","40.0","40.0","50.0","90.0","10","10/01/10 00:00:00","Herbal Tea","Mint","Decaf","94"
"309","Illinois","Central","Major Market","225.0","387.0","162.0","96.0","53.0","1148.0","140.0","170.0","230.0","400.0","2","09/01/10 00:00:00","Coffee","Columbian","Regular","225"
"309","Illinois","Central","Major Market","139.0","234.0","95.0","52.0","30.0","608.0","100.0","100.0","140.0","240.0","3","01/01/10 00:00:00","Coffee","Decaf Irish Cream","Decaf","139"
"309","Illinois","Central","Major Market","178.0","301.0","123.0","62.0","39.0","611.0","130.0","130.0","180.0","310.0","3","04/01/10 00:00:00","Coffee","Decaf Irish Cream","Decaf","178"
"309","Illinois","Central","Major Market","222.0","373.0","154.0","67.0","49.0","817.0","170.0","160.0","230.0","390.0","3","08/01/11 00:00:00","Coffee","Decaf Irish Cream","Decaf","219"
"309","Illinois","Central","Major Market","312.0","546.0","234.0","109.0","77.0","1310.0","260.0","270.0","370.0","640.0","5","01/01/10 00:00:00","Espresso","Caffe Mocha","Regular","312"
"309","Illinois","Central","Major Market","335.0","626.0","252.0","115.0","83.0","1316.0","280.0","290.0","400.0","690.0","5","04/01/11 00:00:00","Espresso","Caffe Mocha","Regular","374"
"309","Illinois","Central","Major Market","336.0","628.0","253.0","116.0","83.0","1686.0","280.0","290.0","400.0","690.0","5","09/01/11 00:00:00","Espresso","Caffe Mocha","Regular","375"
"309","Illinois","Central","Major Market","261.0","516.0","260.0","90.0","72.0","1715.0","210.0","300.0","310.0","610.0","6","06/01/11 00:00:00","Espresso","Decaf Espresso","Decaf","256"
"309","Illinois","Central","Major Market","179.0","302.0","123.0","46.0","34.0","959.0","130.0","110.0","170.0","280.0","8","12/01/10 00:00:00","Herbal Tea","Chamomile","Decaf","179"
"309","Illinois","Central","Major Market","178.0","301.0","123.0","45.0","34.0","947.0","140.0","100.0","160.0","260.0","10","06/01/10 00:00:00","Herbal Tea","Mint","Decaf","178"
"309","Illinois","Central","Major Market","191.0","323.0","132.0","48.0","36.0","994.0","140.0","110.0","170.0","280.0","10","08/01/10 00:00:00","Herbal Tea","Mint","Decaf","191"
"309","Illinois","Central","Major Market","139.0","249.0","95.0","37.0","26.0","799.0","100.0","80.0","120.0","200.0","10","03/01/11 00:00:00","Herbal Tea","Mint","Decaf","154"
"309","Illinois","Central","Major Market","112.0","189.0","77.0","33.0","21.0","449.0","80.0","60.0","100.0","160.0","11","02/01/10 00:00:00","Tea","Darjeeling","Regular","112"
"309","Illinois","Central","Major Market","79.0","133.0","54.0","26.0","15.0","601.0","50.0","40.0","70.0","110.0","11","12/01/10 00:00:00","Tea","Darjeeling","Regular","79"
"309","Illinois","Central","Major Market","117.0","211.0","81.0","34.0","22.0","460.0","80.0","60.0","110.0","170.0","11","04/01/11 00:00:00","Tea","Darjeeling","Regular","130"
"309","Illinois","Central","Major Market","81.0","134.0","54.0","45.0","17.0","641.0","30.0","40.0","70.0","110.0","12","06/01/11 00:00:00","Tea","Earl Grey","Regular","80"
"309","Illinois","Central","Major Market","114.0","201.0","75.0","55.0","24.0","659.0","50.0","60.0","90.0","150.0","12","11/01/11 00:00:00","Tea","Earl Grey","Regular","126"
"310","California","West","Major Market","-26.0","132.0","144.0","96.0","47.0","862.0","-120.0","180.0","-40.0","140.0","3","01/01/11 00:00:00","Coffee","Decaf Irish Cream","Decaf","-12"
"310","California","West","Major Market","96.0","159.0","64.0","49.0","21.0","593.0","30.0","40.0","60.0","100.0","13","05/01/11 00:00:00","Tea","Green Tea","Regular","95"
"310","California","West","Major Market","349.0","607.0","263.0","111.0","86.0","1433.0","220.0","250.0","330.0","580.0","6","05/01/11 00:00:00","Espresso","Decaf Espresso","Decaf","344"
"310","California","West","Major Market","245.0","452.0","207.0","85.0","64.0","965.0","160.0","170.0","220.0","390.0","9","01/01/10 00:00:00","Herbal Tea","Lemon","Decaf","245"
"310","California","West","Major Market","68.0","120.0","52.0","30.0","17.0","554.0","40.0","40.0","60.0","100.0","10","08/01/10 00:00:00","Herbal Tea","Mint","Decaf","68"
"310","California","West","Major Market","107.0","188.0","83.0","37.0","27.0","574.0","60.0","70.0","90.0","160.0","10","06/01/11 00:00:00","Herbal Tea","Mint","Decaf","105"
"310","California","West","Major Market","152.0","256.0","104.0","41.0","29.0","821.0","100.0","60.0","110.0","170.0","11","05/01/10 00:00:00","Tea","Darjeeling","Regular","152"
"310","California","West","Major Market","179.0","302.0","123.0","45.0","34.0","928.0","100.0","80.0","120.0","200.0","11","09/01/10 00:00:00","Tea","Darjeeling","Regular","179"
"310","California","West","Major Market","179.0","322.0","123.0","45.0","34.0","928.0","100.0","80.0","120.0","200.0","11","09/01/11 00:00:00","Tea","Darjeeling","Regular","199"
"310","California","West","Major Market","145.0","245.0","100.0","40.0","28.0","598.0","90.0","60.0","100.0","160.0","12","08/01/10 00:00:00","Tea","Earl Grey","Regular","145"
"310","California","West","Major Market","239.0","509.0","239.0","90.0","66.0","1417.0","150.0","220.0","230.0","450.0","4","03/01/11 00:00:00","Espresso","Caffe Latte","Regular","270"
"310","California","West","Major Market","249.0","531.0","249.0","93.0","69.0","1775.0","160.0","230.0","240.0","470.0","4","09/01/11 00:00:00","Espresso","Caffe Latte","Regular","282"
"312","Illinois","Central","Major Market","206.0","354.0","148.0","91.0","48.0","844.0","140.0","150.0","220.0","370.0","2","02/01/10 00:00:00","Coffee","Columbian","Regular","206"
"312","Illinois","Central","Major Market","329.0","567.0","238.0","121.0","78.0","1190.0","230.0","250.0","340.0","590.0","2","07/01/10 00:00:00","Coffee","Columbian","Regular","329"
"312","Illinois","Central","Major Market","206.0","377.0","148.0","91.0","48.0","844.0","140.0","150.0","220.0","370.0","2","02/01/11 00:00:00","Coffee","Columbian","Regular","229"
"312","Illinois","Central","Major Market","278.0","474.0","200.0","103.0","66.0","1095.0","190.0","210.0","290.0","500.0","2","06/01/11 00:00:00","Coffee","Columbian","Regular","274"
"312","Illinois","Central","Major Market","310.0","569.0","224.0","116.0","73.0","1191.0","190.0","220.0","300.0","520.0","2","12/01/11 00:00:00","Coffee","Columbian","Regular","345"
"312","Illinois","Central","Major Market","178.0","321.0","123.0","62.0","39.0","611.0","130.0","130.0","180.0","310.0","3","04/01/11 00:00:00","Coffee","Decaf Irish Cream","Decaf","198"
"312","Illinois","Central","Major Market","185.0","332.0","127.0","63.0","40.0","830.0","130.0","120.0","180.0","300.0","3","12/01/11 00:00:00","Coffee","Decaf Irish Cream","Decaf","205"
"312","Illinois","Central","Major Market","324.0","567.0","243.0","113.0","80.0","1260.0","260.0","280.0","380.0","660.0","5","03/01/10 00:00:00","Espresso","Caffe Mocha","Regular","324"
"312","Illinois","Central","Major Market","362.0","634.0","272.0","121.0","89.0","1616.0","300.0","310.0","430.0","740.0","5","06/01/10 00:00:00","Espresso","Caffe Mocha","Regular","362"
"312","Illinois","Central","Major Market","312.0","611.0","234.0","114.0","77.0","1310.0","260.0","270.0","370.0","640.0","5","01/01/11 00:00:00","Espresso","Caffe Mocha","Regular","377"
"312","Illinois","Central","Major Market","341.0","637.0","257.0","117.0","84.0","1662.0","420.0","370.0","520.0","890.0","5","10/01/11 00:00:00","Espresso","Caffe Mocha","Regular","380"
"312","Illinois","Central","Major Market","229.0","457.0","228.0","87.0","63.0","1436.0","180.0","260.0","270.0","530.0","6","02/01/10 00:00:00","Espresso","Decaf Espresso","Decaf","229"
"312","Illinois","Central","Major Market","261.0","521.0","260.0","97.0","72.0","1715.0","210.0","300.0","310.0","610.0","6","06/01/10 00:00:00","Espresso","Decaf Espresso","Decaf","261"
"312","Illinois","Central","Major Market","266.0","532.0","266.0","98.0","74.0","1819.0","220.0","300.0","320.0","620.0","6","07/01/10 00:00:00","Espresso","Decaf Espresso","Decaf","266"
"312","Illinois","Central","Major Market","249.0","498.0","249.0","94.0","69.0","1775.0","210.0","280.0","300.0","580.0","6","09/01/10 00:00:00","Espresso","Decaf Espresso","Decaf","249"
"312","Illinois","Central","Major Market","239.0","478.0","239.0","90.0","66.0","1755.0","300.0","340.0","370.0","710.0","6","10/01/10 00:00:00","Espresso","Decaf Espresso","Decaf","239"
"312","Illinois","Central","Major Market","130.0","219.0","89.0","35.0","24.0","777.0","100.0","70.0","120.0","190.0","8","01/01/10 00:00:00","Herbal Tea","Chamomile","Decaf","130"
"312","Illinois","Central","Major Market","152.0","256.0","104.0","41.0","29.0","952.0","120.0","80.0","140.0","220.0","8","07/01/10 00:00:00","Herbal Tea","Chamomile","Decaf","152"
"312","Illinois","Central","Major Market","172.0","290.0","118.0","45.0","33.0","930.0","110.0","110.0","150.0","260.0","8","11/01/10 00:00:00","Herbal Tea","Chamomile","Decaf","172"
"312","Illinois","Central","Major Market","126.0","227.0","87.0","35.0","24.0","756.0","90.0","70.0","110.0","180.0","8","03/01/11 00:00:00","Herbal Tea","Chamomile","Decaf","140"
"312","Illinois","Central","Major Market","179.0","322.0","123.0","46.0","34.0","928.0","140.0","100.0","160.0","260.0","8","09/01/11 00:00:00","Herbal Tea","Chamomile","Decaf","199"
"312","Illinois","Central","Major Market","112.0","199.0","87.0","40.0","28.0","564.0","70.0","70.0","100.0","170.0","9","07/01/10 00:00:00","Herbal Tea","Lemon","Decaf","112"
"312","Illinois","Central","Major Market","68.0","119.0","52.0","27.0","17.0","554.0","40.0","40.0","60.0","100.0","9","08/01/11 00:00:00","Herbal Tea","Lemon","Decaf","67"
"312","Illinois","Central","Major Market","74.0","141.0","58.0","31.0","19.0","548.0","50.0","40.0","70.0","110.0","9","09/01/11 00:00:00","Herbal Tea","Lemon","Decaf","83"
"312","Illinois","Central","Major Market","51.0","96.0","39.0","24.0","12.0","541.0","40.0","20.0","40.0","60.0","9","10/01/11 00:00:00","Herbal Tea","Lemon","Decaf","57"
"312","Illinois","Central","Major Market","52.0","98.0","40.0","25.0","13.0","536.0","30.0","30.0","50.0","80.0","9","11/01/11 00:00:00","Herbal Tea","Lemon","Decaf","58"
"312","Illinois","Central","Major Market","56.0","106.0","43.0","27.0","14.0","531.0","30.0","40.0","50.0","90.0","9","12/01/11 00:00:00","Herbal Tea","Lemon","Decaf","63"
"312","Illinois","Central","Major Market","152.0","254.0","104.0","37.0","29.0","871.0","120.0","80.0","140.0","220.0","10","05/01/11 00:00:00","Herbal Tea","Mint","Decaf","150"
"312","Illinois","Central","Major Market","185.0","309.0","127.0","43.0","35.0","1007.0","150.0","100.0","170.0","270.0","10","07/01/11 00:00:00","Herbal Tea","Mint","Decaf","182"
"312","Illinois","Central","Major Market","191.0","320.0","132.0","45.0","36.0","994.0","140.0","110.0","170.0","280.0","10","08/01/11 00:00:00","Herbal Tea","Mint","Decaf","188"
"312","Illinois","Central","Major Market","124.0","224.0","86.0","36.0","24.0","1003.0","80.0","80.0","110.0","190.0","10","12/01/11 00:00:00","Herbal Tea","Mint","Decaf","138"
"312","Illinois","Central","Major Market","136.0","230.0","94.0","37.0","26.0","562.0","90.0","80.0","120.0","200.0","11","06/01/10 00:00:00","Tea","Darjeeling","Regular","136"
"312","Illinois","Central","Major Market","136.0","228.0","94.0","34.0","26.0","608.0","90.0","80.0","120.0","200.0","11","07/01/11 00:00:00","Tea","Darjeeling","Regular","134"
"312","Illinois","Central","Major Market","145.0","243.0","100.0","37.0","28.0","598.0","100.0","80.0","130.0","210.0","11","08/01/11 00:00:00","Tea","Darjeeling","Regular","143"
"312","Illinois","Central","Major Market","81.0","135.0","54.0","48.0","17.0","641.0","30.0","40.0","70.0","110.0","12","06/01/10 00:00:00","Tea","Earl Grey","Regular","81"
"312","Illinois","Central","Major Market","79.0","130.0","52.0","45.0","17.0","668.0","30.0","40.0","70.0","110.0","12","07/01/11 00:00:00","Tea","Earl Grey","Regular","78"
"314","Missouri","Central","Small Market","107.0","193.0","86.0","65.0","32.0","484.0","50.0","90.0","110.0","200.0","2","02/01/10 00:00:00","Coffee","Columbian","Regular","107"
"314","Missouri","Central","Small Market","83.0","150.0","67.0","58.0","25.0","599.0","30.0","70.0","80.0","150.0","2","09/01/10 00:00:00","Coffee","Columbian","Regular","83"
"314","Missouri","Central","Small Market","105.0","213.0","85.0","69.0","32.0","494.0","40.0","90.0","100.0","190.0","2","01/01/11 00:00:00","Coffee","Columbian","Regular","128"
"314","Missouri","Central","Small Market","104.0","201.0","85.0","65.0","32.0","476.0","40.0","90.0","100.0","190.0","2","03/01/11 00:00:00","Coffee","Columbian","Regular","116"
"314","Missouri","Central","Small Market","93.0","167.0","76.0","58.0","28.0","613.0","40.0","80.0","90.0","170.0","2","07/01/11 00:00:00","Coffee","Columbian","Regular","91"
"314","Missouri","Central","Small Market","77.0","142.0","65.0","42.0","20.0","1042.0","50.0","60.0","80.0","140.0","3","06/01/10 00:00:00","Coffee","Decaf Irish Cream","Decaf","77"
"314","Missouri","Central","Small Market","72.0","132.0","60.0","40.0","18.0","1070.0","40.0","60.0","70.0","130.0","3","07/01/10 00:00:00","Coffee","Decaf Irish Cream","Decaf","72"
"314","Missouri","Central","Small Market","74.0","136.0","62.0","40.0","19.0","1059.0","50.0","60.0","80.0","140.0","3","09/01/10 00:00:00","Coffee","Decaf Irish Cream","Decaf","74"
"314","Missouri","Central","Small Market","81.0","150.0","69.0","43.0","21.0","1060.0","40.0","60.0","80.0","140.0","3","11/01/10 00:00:00","Coffee","Decaf Irish Cream","Decaf","81"
"314","Missouri","Central","Small Market","92.0","190.0","78.0","47.0","24.0","965.0","50.0","80.0","90.0","170.0","3","01/01/11 00:00:00","Coffee","Decaf Irish Cream","Decaf","112"
"314","Missouri","Central","Small Market","89.0","174.0","74.0","44.0","22.0","949.0","60.0","70.0","100.0","170.0","3","03/01/11 00:00:00","Coffee","Decaf Irish Cream","Decaf","100"
"314","Missouri","Central","Small Market","72.0","131.0","60.0","37.0","18.0","1070.0","40.0","60.0","70.0","130.0","3","07/01/11 00:00:00","Coffee","Decaf Irish Cream","Decaf","71"
"314","Missouri","Central","Small Market","43.0","77.0","34.0","46.0","12.0","240.0","10.0","10.0","30.0","40.0","13","10/01/10 00:00:00","Tea","Green Tea","Regular","43"
"314","Missouri","Central","Small Market","41.0","74.0","33.0","45.0","12.0","243.0","0.0","20.0","40.0","60.0","13","11/01/10 00:00:00","Tea","Green Tea","Regular","41"
"314","Missouri","Central","Small Market","44.0","84.0","35.0","46.0","13.0","197.0","-10.0","30.0","30.0","60.0","13","04/01/11 00:00:00","Tea","Green Tea","Regular","49"
"314","Missouri","Central","Small Market","45.0","80.0","36.0","44.0","13.0","212.0","0.0","30.0","40.0","70.0","13","05/01/11 00:00:00","Tea","Green Tea","Regular","44"
"314","Missouri","Central","Small Market","51.0","97.0","40.0","49.0","15.0","244.0","10.0","30.0","50.0","80.0","13","09/01/11 00:00:00","Tea","Green Tea","Regular","57"
"314","Missouri","Central","Small Market","43.0","82.0","34.0","46.0","12.0","240.0","10.0","10.0","30.0","40.0","13","10/01/11 00:00:00","Tea","Green Tea","Regular","48"
"314","Missouri","Central","Small Market","41.0","79.0","33.0","45.0","12.0","243.0","0.0","20.0","40.0","60.0","13","11/01/11 00:00:00","Tea","Green Tea","Regular","46"
"314","Missouri","Central","Small Market","49.0","83.0","34.0","20.0","9.0","890.0","40.0","30.0","60.0","90.0","5","08/01/10 00:00:00","Espresso","Caffe Mocha","Regular","49"
"314","Missouri","Central","Small Market","59.0","99.0","40.0","23.0","11.0","881.0","90.0","50.0","90.0","140.0","5","10/01/10 00:00:00","Espresso","Caffe Mocha","Regular","59"
"314","Missouri","Central","Small Market","78.0","132.0","54.0","27.0","15.0","885.0","80.0","60.0","100.0","160.0","5","11/01/10 00:00:00","Espresso","Caffe Mocha","Regular","78"
"314","Missouri","Central","Small Market","73.0","123.0","50.0","25.0","14.0","898.0","70.0","60.0","90.0","150.0","5","12/01/10 00:00:00","Espresso","Caffe Mocha","Regular","73"
"314","Missouri","Central","Small Market","73.0","131.0","50.0","25.0","14.0","814.0","70.0","50.0","90.0","140.0","5","02/01/11 00:00:00","Espresso","Caffe Mocha","Regular","81"
"314","Missouri","Central","Small Market","68.0","123.0","47.0","25.0","13.0","821.0","60.0","50.0","80.0","130.0","5","04/01/11 00:00:00","Espresso","Caffe Mocha","Regular","76"
"314","Missouri","Central","Small Market","55.0","91.0","37.0","20.0","10.0","876.0","40.0","40.0","60.0","100.0","5","06/01/11 00:00:00","Espresso","Caffe Mocha","Regular","54"
"314","Missouri","Central","Small Market","57.0","96.0","39.0","22.0","10.0","845.0","50.0","40.0","70.0","110.0","6","07/01/10 00:00:00","Espresso","Decaf Espresso","Decaf","57"
"314","Missouri","Central","Small Market","48.0","81.0","33.0","21.0","9.0","836.0","50.0","40.0","60.0","100.0","6","11/01/10 00:00:00","Espresso","Decaf Espresso","Decaf","48"
"314","Missouri","Central","Small Market","46.0","77.0","31.0","19.0","8.0","844.0","50.0","30.0","60.0","90.0","6","12/01/10 00:00:00","Espresso","Decaf Espresso","Decaf","46"
"314","Missouri","Central","Small Market","57.0","95.0","39.0","20.0","10.0","845.0","50.0","40.0","70.0","110.0","6","07/01/11 00:00:00","Espresso","Decaf Espresso","Decaf","56"
"314","Missouri","Central","Small Market","47.0","84.0","32.0","20.0","8.0","837.0","50.0","30.0","60.0","90.0","6","09/01/11 00:00:00","Espresso","Decaf Espresso","Decaf","52"
"314","Missouri","Central","Small Market","63.0","107.0","44.0","69.0","40.0","261.0","10.0","30.0","60.0","90.0","8","04/01/10 00:00:00","Herbal Tea","Chamomile","Decaf","63"
"314","Missouri","Central","Small Market","88.0","151.0","63.0","86.0","57.0","332.0","20.0","50.0","80.0","130.0","8","08/01/10 00:00:00","Herbal Tea","Chamomile","Decaf","88"
"314","Missouri","Central","Small Market","61.0","103.0","43.0","64.0","39.0","282.0","10.0","30.0","60.0","90.0","8","05/01/11 00:00:00","Herbal Tea","Chamomile","Decaf","60"
"314","Missouri","Central","Small Market","62.0","113.0","44.0","69.0","40.0","325.0","10.0","30.0","60.0","90.0","8","09/01/11 00:00:00","Herbal Tea","Chamomile","Decaf","69"
"314","Missouri","Central","Small Market","62.0","113.0","44.0","70.0","40.0","325.0","0.0","40.0","50.0","90.0","8","11/01/11 00:00:00","Herbal Tea","Chamomile","Decaf","69"
"314","Missouri","Central","Small Market","69.0","126.0","49.0","74.0","44.0","335.0","0.0","40.0","60.0","100.0","8","12/01/11 00:00:00","Herbal Tea","Chamomile","Decaf","77"
"314","Missouri","Central","Small Market","11.0","99.0","88.0","50.0","27.0","525.0","-20.0","70.0","10.0","80.0","9","01/01/10 00:00:00","Herbal Tea","Lemon","Decaf","11"
"314","Missouri","Central","Small Market","11.0","111.0","88.0","52.0","27.0","525.0","-20.0","70.0","10.0","80.0","9","01/01/11 00:00:00","Herbal Tea","Lemon","Decaf","23"
"314","Missouri","Central","Small Market","25.0","140.0","116.0","54.0","35.0","1142.0","0.0","90.0","30.0","120.0","9","06/01/11 00:00:00","Herbal Tea","Lemon","Decaf","24"
"314","Missouri","Central","Small Market","40.0","130.0","82.0","49.0","25.0","1804.0","0.0","70.0","40.0","110.0","9","11/01/11 00:00:00","Herbal Tea","Lemon","Decaf","48"
"314","Missouri","Central","Small Market","47.0","82.0","35.0","38.0","11.0","196.0","10.0","30.0","40.0","70.0","11","01/01/10 00:00:00","Tea","Darjeeling","Regular","47"
"314","Missouri","Central","Small Market","53.0","92.0","39.0","39.0","12.0","212.0","20.0","30.0","50.0","80.0","11","05/01/10 00:00:00","Tea","Darjeeling","Regular","53"
"314","Missouri","Central","Small Market","52.0","91.0","39.0","39.0","12.0","248.0","20.0","30.0","50.0","80.0","11","09/01/10 00:00:00","Tea","Darjeeling","Regular","52"
"314","Missouri","Central","Small Market","49.0","91.0","36.0","38.0","11.0","187.0","10.0","30.0","40.0","70.0","11","03/01/11 00:00:00","Tea","Darjeeling","Regular","55"
"314","Missouri","Central","Small Market","59.0","102.0","44.0","39.0","14.0","258.0","30.0","30.0","60.0","90.0","11","07/01/11 00:00:00","Tea","Darjeeling","Regular","58"
"314","Missouri","Central","Small Market","53.0","98.0","39.0","40.0","12.0","244.0","30.0","20.0","40.0","60.0","11","10/01/11 00:00:00","Tea","Darjeeling","Regular","59"
"314","Missouri","Central","Small Market","51.0","95.0","38.0","40.0","12.0","256.0","10.0","30.0","40.0","70.0","11","12/01/11 00:00:00","Tea","Darjeeling","Regular","57"
"314","Missouri","Central","Small Market","38.0","68.0","30.0","45.0","11.0","165.0","-10.0","20.0","30.0","50.0","12","02/01/10 00:00:00","Tea","Earl Grey","Regular","38"
"314","Missouri","Central","Small Market","36.0","65.0","29.0","45.0","11.0","169.0","-10.0","20.0","30.0","50.0","12","04/01/10 00:00:00","Tea","Earl Grey","Regular","36"
"314","Missouri","Central","Small Market","42.0","76.0","34.0","46.0","12.0","182.0","0.0","20.0","40.0","60.0","12","05/01/10 00:00:00","Tea","Earl Grey","Regular","42"
"314","Missouri","Central","Small Market","30.0","54.0","24.0","42.0","9.0","212.0","-10.0","20.0","20.0","40.0","12","09/01/10 00:00:00","Tea","Earl Grey","Regular","30"
"314","Missouri","Central","Small Market","36.0","64.0","29.0","42.0","11.0","215.0","-10.0","20.0","30.0","50.0","12","08/01/11 00:00:00","Tea","Earl Grey","Regular","35"
"315","New York","East","Major Market","390.0","650.0","260.0","143.0","91.0","2548.0","230.0","210.0","330.0","540.0","2","10/01/10 00:00:00","Coffee","Columbian","Regular","390"
"315","New York","East","Major Market","420.0","745.0","279.0","149.0","97.0","2642.0","250.0","250.0","370.0","620.0","2","12/01/11 00:00:00","Coffee","Columbian","Regular","466"
"315","New York","East","Major Market","136.0","230.0","94.0","38.0","26.0","608.0","120.0","90.0","150.0","240.0","13","07/01/10 00:00:00","Tea","Green Tea","Regular","136"
"315","New York","East","Major Market","-44.0","61.0","105.0","128.0","95.0","725.0","-170.0","100.0","-50.0","50.0","5","01/01/10 00:00:00","Espresso","Caffe Mocha","Regular","-44"
"315","New York","East","Major Market","386.0","651.0","265.0","134.0","100.0","1613.0","200.0","200.0","300.0","500.0","9","05/01/10 00:00:00","Herbal Tea","Lemon","Decaf","386"
"315","New York","East","Major Market","398.0","663.0","271.0","126.0","102.0","1727.0","220.0","200.0","320.0","520.0","9","06/01/11 00:00:00","Herbal Tea","Lemon","Decaf","392"
"315","New York","East","Major Market","-37.0","198.0","235.0","94.0","72.0","2169.0","-90.0","170.0","-20.0","150.0","10","05/01/10 00:00:00","Herbal Tea","Mint","Decaf","-37"
"315","New York","East","Major Market","-75.0","164.0","239.0","95.0","74.0","4360.0","-100.0","130.0","-50.0","80.0","10","10/01/10 00:00:00","Herbal Tea","Mint","Decaf","-75"
"315","New York","East","Major Market","145.0","261.0","100.0","40.0","28.0","822.0","130.0","100.0","160.0","260.0","11","04/01/11 00:00:00","Tea","Darjeeling","Regular","161"
"315","New York","East","Major Market","126.0","213.0","87.0","35.0","24.0","756.0","110.0","90.0","140.0","230.0","12","03/01/10 00:00:00","Tea","Earl Grey","Regular","126"
"315","New York","East","Major Market","172.0","290.0","118.0","45.0","33.0","930.0","130.0","120.0","170.0","290.0","12","11/01/10 00:00:00","Tea","Earl Grey","Regular","172"
"318","Louisiana","South","Small Market","59.0","99.0","40.0","23.0","11.0","793.0","50.0","50.0","70.0","120.0","2","05/01/10 00:00:00","Coffee","Columbian","Regular","59"
"318","Louisiana","South","Small Market","59.0","99.0","40.0","23.0","11.0","843.0","50.0","50.0","70.0","120.0","2","07/01/10 00:00:00","Coffee","Columbian","Regular","59"
"318","Louisiana","South","Small Market","71.0","119.0","48.0","25.0","13.0","834.0","60.0","60.0","80.0","140.0","2","09/01/10 00:00:00","Coffee","Columbian","Regular","71"
"318","Louisiana","South","Small Market","71.0","120.0","49.0","25.0","13.0","845.0","70.0","50.0","90.0","140.0","2","12/01/10 00:00:00","Coffee","Columbian","Regular","71"
"318","Louisiana","South","Small Market","59.0","98.0","40.0","21.0","11.0","793.0","50.0","50.0","70.0","120.0","2","05/01/11 00:00:00","Coffee","Columbian","Regular","58"
"318","Louisiana","South","Small Market","71.0","127.0","48.0","25.0","13.0","834.0","60.0","60.0","80.0","140.0","2","09/01/11 00:00:00","Coffee","Columbian","Regular","79"
"318","Louisiana","South","Small Market","68.0","123.0","47.0","24.0","13.0","834.0","60.0","50.0","80.0","130.0","2","11/01/11 00:00:00","Coffee","Columbian","Regular","76"
"318","Louisiana","South","Small Market","72.0","121.0","49.0","25.0","13.0","767.0","70.0","60.0","90.0","150.0","3","03/01/10 00:00:00","Coffee","Decaf Irish Cream","Decaf","72"
"318","Louisiana","South","Small Market","72.0","121.0","49.0","24.0","13.0","779.0","70.0","60.0","90.0","150.0","3","04/01/10 00:00:00","Coffee","Decaf Irish Cream","Decaf","72"
"318","Louisiana","South","Small Market","77.0","130.0","53.0","25.0","14.0","803.0","80.0","60.0","100.0","160.0","3","05/01/10 00:00:00","Coffee","Decaf Irish Cream","Decaf","77"
"318","Louisiana","South","Small Market","85.0","144.0","59.0","27.0","16.0","842.0","90.0","70.0","110.0","180.0","3","06/01/10 00:00:00","Coffee","Decaf Irish Cream","Decaf","85"
"318","Louisiana","South","Small Market","85.0","144.0","59.0","27.0","16.0","870.0","90.0","70.0","110.0","180.0","3","07/01/10 00:00:00","Coffee","Decaf Irish Cream","Decaf","85"
"318","Louisiana","South","Small Market","48.0","91.0","33.0","21.0","9.0","777.0","50.0","40.0","60.0","100.0","3","01/01/11 00:00:00","Coffee","Decaf Irish Cream","Decaf","58"
"318","Louisiana","South","Small Market","105.0","167.0","62.0","42.0","19.0","346.0","70.0","50.0","90.0","140.0","5","03/01/10 00:00:00","Espresso","Caffe Mocha","Regular","105"
"318","Louisiana","South","Small Market","84.0","142.0","49.0","39.0","15.0","342.0","50.0","40.0","70.0","110.0","5","04/01/11 00:00:00","Espresso","Caffe Mocha","Regular","93"
"318","Louisiana","South","Small Market","65.0","103.0","39.0","33.0","12.0","380.0","30.0","30.0","50.0","80.0","5","07/01/11 00:00:00","Espresso","Caffe Mocha","Regular","64"
"318","Louisiana","South","Small Market","79.0","125.0","47.0","35.0","14.0","366.0","40.0","40.0","60.0","100.0","5","08/01/11 00:00:00","Espresso","Caffe Mocha","Regular","78"
"318","Louisiana","South","Small Market","88.0","150.0","53.0","39.0","16.0","321.0","30.0","40.0","60.0","100.0","5","11/01/11 00:00:00","Espresso","Caffe Mocha","Regular","97"
"318","Louisiana","South","Small Market","65.0","110.0","45.0","37.0","14.0","410.0","40.0","30.0","60.0","90.0","6","05/01/10 00:00:00","Espresso","Decaf Espresso","Decaf","65"
"318","Louisiana","South","Small Market","59.0","99.0","40.0","36.0","12.0","443.0","30.0","30.0","50.0","80.0","6","06/01/10 00:00:00","Espresso","Decaf Espresso","Decaf","59"
"318","Louisiana","South","Small Market","67.0","113.0","46.0","37.0","14.0","449.0","40.0","20.0","40.0","60.0","6","10/01/10 00:00:00","Espresso","Decaf Espresso","Decaf","67"
"318","Louisiana","South","Small Market","67.0","120.0","46.0","37.0","14.0","449.0","40.0","20.0","40.0","60.0","6","10/01/11 00:00:00","Espresso","Decaf Espresso","Decaf","74"
"318","Louisiana","South","Small Market","63.0","113.0","43.0","36.0","13.0","466.0","20.0","30.0","50.0","80.0","6","12/01/11 00:00:00","Espresso","Decaf Espresso","Decaf","70"
"318","Louisiana","South","Small Market","60.0","106.0","46.0","28.0","15.0","587.0","40.0","40.0","60.0","100.0","8","07/01/10 00:00:00","Herbal Tea","Chamomile","Decaf","60"
"318","Louisiana","South","Small Market","90.0","159.0","69.0","35.0","22.0","572.0","60.0","60.0","90.0","150.0","8","09/01/10 00:00:00","Herbal Tea","Chamomile","Decaf","90"
"318","Louisiana","South","Small Market","63.0","125.0","49.0","29.0","16.0","623.0","40.0","40.0","60.0","100.0","8","01/01/11 00:00:00","Herbal Tea","Chamomile","Decaf","76"
"318","Louisiana","South","Small Market","63.0","119.0","49.0","28.0","16.0","617.0","40.0","40.0","60.0","100.0","8","02/01/11 00:00:00","Herbal Tea","Chamomile","Decaf","70"
"318","Louisiana","South","Small Market","62.0","117.0","48.0","28.0","15.0","611.0","40.0","40.0","60.0","100.0","8","03/01/11 00:00:00","Herbal Tea","Chamomile","Decaf","69"
"318","Louisiana","South","Small Market","133.0","251.0","103.0","46.0","33.0","564.0","110.0","80.0","130.0","210.0","8","10/01/11 00:00:00","Herbal Tea","Chamomile","Decaf","148"
"318","Louisiana","South","Small Market","104.0","189.0","85.0","65.0","32.0","476.0","40.0","80.0","100.0","180.0","9","03/01/10 00:00:00","Herbal Tea","Lemon","Decaf","104"
"318","Louisiana","South","Small Market","93.0","169.0","76.0","61.0","28.0","580.0","40.0","70.0","90.0","160.0","9","06/01/10 00:00:00","Herbal Tea","Lemon","Decaf","93"
"318","Louisiana","South","Small Market","93.0","169.0","76.0","62.0","28.0","613.0","40.0","70.0","90.0","160.0","9","07/01/10 00:00:00","Herbal Tea","Lemon","Decaf","93"
"318","Louisiana","South","Small Market","105.0","213.0","85.0","68.0","32.0","494.0","40.0","80.0","100.0","180.0","9","01/01/11 00:00:00","Herbal Tea","Lemon","Decaf","128"
"318","Louisiana","South","Small Market","93.0","167.0","76.0","57.0","28.0","580.0","40.0","70.0","90.0","160.0","9","06/01/11 00:00:00","Herbal Tea","Lemon","Decaf","91"
"318","Louisiana","South","Small Market","85.0","163.0","68.0","59.0","25.0","619.0","30.0","60.0","80.0","140.0","9","12/01/11 00:00:00","Herbal Tea","Lemon","Decaf","95"
"318","Louisiana","South","Small Market","90.0","155.0","65.0","88.0","58.0","342.0","10.0","50.0","80.0","130.0","4","02/01/10 00:00:00","Espresso","Caffe Latte","Regular","90"
"318","Louisiana","South","Small Market","87.0","150.0","63.0","86.0","57.0","187.0","0.0","50.0","70.0","120.0","4","03/01/10 00:00:00","Espresso","Caffe Latte","Regular","87"
"318","Louisiana","South","Small Market","75.0","128.0","53.0","78.0","48.0","-267.0","10.0","40.0","70.0","110.0","4","06/01/10 00:00:00","Espresso","Caffe Latte","Regular","75"
"318","Louisiana","South","Small Market","87.0","149.0","62.0","85.0","56.0","-613.0","0.0","50.0","70.0","120.0","4","09/01/10 00:00:00","Espresso","Caffe Latte","Regular","87"
"318","Louisiana","South","Small Market","84.0","144.0","60.0","83.0","54.0","-762.0","10.0","30.0","60.0","90.0","4","10/01/10 00:00:00","Espresso","Caffe Latte","Regular","84"
"318","Louisiana","South","Small Market","90.0","165.0","65.0","88.0","58.0","342.0","10.0","50.0","80.0","130.0","4","02/01/11 00:00:00","Espresso","Caffe Latte","Regular","100"
"318","Louisiana","South","Small Market","87.0","159.0","62.0","85.0","56.0","-613.0","0.0","50.0","70.0","120.0","4","09/01/11 00:00:00","Espresso","Caffe Latte","Regular","97"
"318","Louisiana","South","Small Market","86.0","157.0","61.0","85.0","55.0","-906.0","10.0","40.0","70.0","110.0","4","11/01/11 00:00:00","Espresso","Caffe Latte","Regular","96"
"319","Iowa","Central","Small Market","27.0","45.0","18.0","16.0","5.0","821.0","20.0","10.0","30.0","40.0","1","01/01/10 00:00:00","Coffee","Amaretto","Regular","27"
"319","Iowa","Central","Small Market","36.0","61.0","25.0","19.0","7.0","854.0","30.0","20.0","40.0","60.0","1","07/01/10 00:00:00","Coffee","Amaretto","Regular","36"
"319","Iowa","Central","Small Market","29.0","48.0","19.0","16.0","5.0","848.0","20.0","20.0","30.0","50.0","1","09/01/10 00:00:00","Coffee","Amaretto","Regular","29"
"319","Iowa","Central","Small Market","27.0","48.0","18.0","17.0","5.0","818.0","20.0","10.0","30.0","40.0","1","02/01/11 00:00:00","Coffee","Amaretto","Regular","30"
"319","Iowa","Central","Small Market","29.0","49.0","20.0","16.0","5.0","829.0","20.0","20.0","30.0","50.0","1","05/01/11 00:00:00","Coffee","Amaretto","Regular","29"
"319","Iowa","Central","Small Market","35.0","57.0","23.0","16.0","6.0","843.0","30.0","20.0","40.0","60.0","1","06/01/11 00:00:00","Coffee","Amaretto","Regular","34"
"319","Iowa","Central","Small Market","38.0","62.0","25.0","18.0","7.0","851.0","30.0","20.0","40.0","60.0","1","08/01/11 00:00:00","Coffee","Amaretto","Regular","37"
"319","Iowa","Central","Small Market","29.0","51.0","19.0","16.0","5.0","848.0","20.0","20.0","30.0","50.0","1","09/01/11 00:00:00","Coffee","Amaretto","Regular","32"
"319","Iowa","Central","Small Market","35.0","63.0","28.0","29.0","8.0","961.0","20.0","20.0","40.0","60.0","2","02/01/10 00:00:00","Coffee","Columbian","Regular","35"
"319","Iowa","Central","Small Market","39.0","72.0","33.0","32.0","10.0","1003.0","20.0","30.0","40.0","70.0","2","09/01/10 00:00:00","Coffee","Columbian","Regular","39"
"319","Iowa","Central","Small Market","33.0","65.0","28.0","30.0","8.0","964.0","20.0","20.0","40.0","60.0","2","04/01/11 00:00:00","Coffee","Columbian","Regular","37"
"319","Iowa","Central","Small Market","41.0","74.0","34.0","30.0","10.0","1010.0","20.0","30.0","40.0","70.0","2","07/01/11 00:00:00","Coffee","Columbian","Regular","40"
"319","Iowa","Central","Small Market","49.0","89.0","41.0","32.0","12.0","1007.0","20.0","40.0","50.0","90.0","2","08/01/11 00:00:00","Coffee","Columbian","Regular","48"
"319","Iowa","Central","Small Market","28.0","49.0","21.0","19.0","6.0","614.0","20.0","20.0","30.0","50.0","3","04/01/10 00:00:00","Coffee","Decaf Irish Cream","Decaf","28"
"319","Iowa","Central","Small Market","14.0","24.0","10.0","15.0","3.0","594.0","10.0","0.0","20.0","20.0","3","12/01/10 00:00:00","Coffee","Decaf Irish Cream","Decaf","14"
"319","Iowa","Central","Small Market","31.0","58.0","23.0","19.0","7.0","617.0","20.0","20.0","30.0","50.0","3","03/01/11 00:00:00","Coffee","Decaf Irish Cream","Decaf","35"
"319","Iowa","Central","Small Market","20.0","37.0","15.0","17.0","4.0","600.0","10.0","10.0","20.0","30.0","3","09/01/11 00:00:00","Coffee","Decaf Irish Cream","Decaf","22"
"319","Iowa","Central","Small Market","13.0","25.0","10.0","16.0","3.0","596.0","10.0","0.0","20.0","20.0","3","11/01/11 00:00:00","Coffee","Decaf Irish Cream","Decaf","15"
"319","Iowa","Central","Small Market","28.0","47.0","19.0","17.0","5.0","774.0","20.0","20.0","30.0","50.0","5","02/01/10 00:00:00","Espresso","Caffe Mocha","Regular","28"
"319","Iowa","Central","Small Market","29.0","49.0","20.0","17.0","5.0","784.0","20.0","20.0","30.0","50.0","5","05/01/10 00:00:00","Espresso","Caffe Mocha","Regular","29"
"319","Iowa","Central","Small Market","35.0","58.0","23.0","17.0","6.0","800.0","50.0","20.0","50.0","70.0","5","10/01/10 00:00:00","Espresso","Caffe Mocha","Regular","35"
"319","Iowa","Central","Small Market","35.0","62.0","23.0","17.0","6.0","803.0","30.0","20.0","40.0","60.0","5","09/01/11 00:00:00","Espresso","Caffe Mocha","Regular","39"
"319","Iowa","Central","Small Market","43.0","43.0","0.0","12.0","0.0","602.0","40.0","0.0","50.0","50.0","6","06/01/10 00:00:00","Espresso","Decaf Espresso","Decaf","43"
"319","Iowa","Central","Small Market","43.0","43.0","0.0","11.0","0.0","473.0","40.0","0.0","50.0","50.0","6","09/01/10 00:00:00","Espresso","Decaf Espresso","Decaf","43"
"319","Iowa","Central","Small Market","43.0","46.0","0.0","11.0","0.0","774.0","40.0","0.0","50.0","50.0","6","02/01/11 00:00:00","Espresso","Decaf Espresso","Decaf","46"
"319","Iowa","Central","Small Market","387.0","678.0","291.0","129.0","96.0","1742.0","240.0","250.0","340.0","590.0","8","07/01/10 00:00:00","Herbal Tea","Chamomile","Decaf","387"
"319","Iowa","Central","Small Market","349.0","607.0","263.0","110.0","86.0","1433.0","220.0","220.0","310.0","530.0","8","05/01/11 00:00:00","Herbal Tea","Chamomile","Decaf","344"
"319","Iowa","Central","Small Market","336.0","628.0","253.0","116.0","83.0","1686.0","210.0","210.0","300.0","510.0","8","09/01/11 00:00:00","Herbal Tea","Chamomile","Decaf","375"
"319","Iowa","Central","Small Market","341.0","637.0","257.0","117.0","84.0","1662.0","210.0","200.0","280.0","480.0","8","10/01/11 00:00:00","Herbal Tea","Chamomile","Decaf","380"
"319","Iowa","Central","Small Market","158.0","267.0","109.0","56.0","34.0","585.0","110.0","90.0","140.0","230.0","9","03/01/10 00:00:00","Herbal Tea","Lemon","Decaf","158"
"319","Iowa","Central","Small Market","178.0","301.0","123.0","63.0","39.0","611.0","120.0","100.0","160.0","260.0","9","04/01/10 00:00:00","Herbal Tea","Lemon","Decaf","178"
"319","Iowa","Central","Small Market","204.0","345.0","141.0","68.0","45.0","764.0","140.0","120.0","180.0","300.0","9","06/01/10 00:00:00","Herbal Tea","Lemon","Decaf","204"
"319","Iowa","Central","Small Market","222.0","376.0","154.0","72.0","49.0","833.0","150.0","130.0","200.0","330.0","9","07/01/10 00:00:00","Herbal Tea","Lemon","Decaf","222"
"319","Iowa","Central","Small Market","185.0","312.0","127.0","62.0","40.0","830.0","120.0","120.0","170.0","290.0","9","12/01/10 00:00:00","Herbal Tea","Lemon","Decaf","185"
"319","Iowa","Central","Small Market","178.0","321.0","123.0","63.0","39.0","611.0","120.0","100.0","160.0","260.0","9","04/01/11 00:00:00","Herbal Tea","Lemon","Decaf","198"
"319","Iowa","Central","Small Market","239.0","478.0","239.0","91.0","66.0","1464.0","140.0","200.0","220.0","420.0","11","04/01/10 00:00:00","Tea","Darjeeling","Regular","239"
"319","Iowa","Central","Small Market","228.0","510.0","228.0","91.0","63.0","1459.0","140.0","190.0","210.0","400.0","11","01/01/11 00:00:00","Tea","Darjeeling","Regular","282"
"319","Iowa","Central","Small Market","261.0","516.0","260.0","89.0","72.0","1559.0","150.0","220.0","230.0","450.0","11","05/01/11 00:00:00","Tea","Darjeeling","Regular","256"
"319","Iowa","Central","Small Market","266.0","527.0","266.0","92.0","74.0","1797.0","150.0","220.0","240.0","460.0","11","08/01/11 00:00:00","Tea","Darjeeling","Regular","261"
"319","Iowa","Central","Small Market","301.0","546.0","245.0","126.0","93.0","1419.0","160.0","210.0","270.0","480.0","12","01/01/10 00:00:00","Tea","Earl Grey","Regular","301"
"319","Iowa","Central","Small Market","332.0","602.0","270.0","135.0","102.0","1834.0","170.0","230.0","290.0","520.0","12","07/01/10 00:00:00","Tea","Earl Grey","Regular","332"
"319","Iowa","Central","Small Market","300.0","545.0","245.0","127.0","93.0","1784.0","130.0","200.0","250.0","450.0","12","11/01/10 00:00:00","Tea","Earl Grey","Regular","300"
"321","Florida","East","Major Market","125.0","214.0","89.0","51.0","27.0","481.0","80.0","80.0","120.0","200.0","3","03/01/10 00:00:00","Coffee","Decaf Irish Cream","Decaf","125"
"321","Florida","East","Major Market","159.0","273.0","114.0","59.0","35.0","555.0","100.0","100.0","150.0","250.0","3","05/01/10 00:00:00","Coffee","Decaf Irish Cream","Decaf","159"
"321","Florida","East","Major Market","161.0","277.0","116.0","59.0","35.0","678.0","100.0","110.0","150.0","260.0","3","08/01/10 00:00:00","Coffee","Decaf Irish Cream","Decaf","161"
"321","Florida","East","Major Market","134.0","245.0","96.0","53.0","29.0","666.0","80.0","90.0","120.0","210.0","3","09/01/11 00:00:00","Coffee","Decaf Irish Cream","Decaf","149"
"321","Florida","East","Major Market","77.0","129.0","53.0","23.0","14.0","803.0","70.0","50.0","90.0","140.0","13","05/01/11 00:00:00","Tea","Green Tea","Regular","76"
"321","Florida","East","Major Market","51.0","91.0","34.0","21.0","9.0","863.0","40.0","30.0","50.0","80.0","13","12/01/11 00:00:00","Tea","Green Tea","Regular","57"
"321","Florida","East","Major Market","132.0","242.0","95.0","115.0","86.0","532.0","30.0","90.0","130.0","220.0","5","03/01/11 00:00:00","Espresso","Caffe Mocha","Regular","147"
"321","Florida","East","Major Market","121.0","212.0","91.0","58.0","30.0","533.0","80.0","80.0","120.0","200.0","6","06/01/10 00:00:00","Espresso","Decaf Espresso","Decaf","121"
"321","Florida","East","Major Market","116.0","215.0","86.0","56.0","28.0","547.0","90.0","70.0","110.0","180.0","6","10/01/11 00:00:00","Espresso","Decaf Espresso","Decaf","129"
"321","Florida","East","Major Market","58.0","110.0","45.0","27.0","14.0","605.0","30.0","30.0","50.0","80.0","8","04/01/11 00:00:00","Herbal Tea","Chamomile","Decaf","65"
"321","Florida","East","Major Market","81.0","168.0","69.0","44.0","21.0","965.0","40.0","50.0","60.0","110.0","10","01/01/11 00:00:00","Herbal Tea","Mint","Decaf","99"
"321","Florida","East","Major Market","45.0","80.0","30.0","19.0","8.0","882.0","30.0","30.0","40.0","70.0","11","12/01/11 00:00:00","Tea","Darjeeling","Regular","50"
"323","California","West","Major Market","173.0","298.0","125.0","146.0","113.0","700.0","30.0","120.0","160.0","280.0","5","03/01/10 00:00:00","Espresso","Caffe Mocha","Regular","173"
"323","California","West","Major Market","173.0","318.0","125.0","146.0","113.0","700.0","30.0","120.0","160.0","280.0","5","03/01/11 00:00:00","Espresso","Caffe Mocha","Regular","193"
"323","California","West","Major Market","324.0","604.0","243.0","113.0","80.0","1260.0","210.0","230.0","310.0","540.0","6","03/01/11 00:00:00","Espresso","Decaf Espresso","Decaf","361"
"323","California","West","Major Market","253.0","498.0","214.0","88.0","66.0","923.0","170.0","180.0","230.0","410.0","9","03/01/11 00:00:00","Herbal Tea","Lemon","Decaf","284"
"323","California","West","Major Market","52.0","98.0","40.0","25.0","13.0","536.0","30.0","30.0","50.0","80.0","10","11/01/11 00:00:00","Herbal Tea","Mint","Decaf","58"
"323","California","West","Major Market","56.0","106.0","43.0","27.0","14.0","531.0","30.0","40.0","50.0","90.0","10","12/01/11 00:00:00","Herbal Tea","Mint","Decaf","63"
"323","California","West","Major Market","179.0","322.0","123.0","45.0","34.0","959.0","110.0","90.0","130.0","220.0","11","12/01/11 00:00:00","Tea","Darjeeling","Regular","199"
"323","California","West","Major Market","228.0","510.0","228.0","92.0","63.0","1459.0","150.0","210.0","220.0","430.0","4","01/01/11 00:00:00","Espresso","Caffe Latte","Regular","282"
"325","Texas","South","Major Market","107.0","190.0","83.0","39.0","27.0","623.0","100.0","100.0","130.0","230.0","3","01/01/10 00:00:00","Coffee","Decaf Irish Cream","Decaf","107"
"325","Texas","South","Major Market","112.0","199.0","87.0","41.0","28.0","564.0","110.0","100.0","140.0","240.0","3","07/01/10 00:00:00","Coffee","Decaf Irish Cream","Decaf","112"
"325","Texas","South","Major Market","74.0","132.0","58.0","32.0","19.0","548.0","70.0","70.0","90.0","160.0","3","09/01/10 00:00:00","Coffee","Decaf Irish Cream","Decaf","74"
"325","Texas","South","Major Market","130.0","219.0","89.0","35.0","24.0","777.0","90.0","70.0","110.0","180.0","5","01/01/10 00:00:00","Espresso","Caffe Mocha","Regular","130"
"325","Texas","South","Major Market","132.0","223.0","91.0","36.0","25.0","777.0","100.0","70.0","120.0","190.0","5","04/01/10 00:00:00","Espresso","Caffe Mocha","Regular","132"
"325","Texas","South","Major Market","118.0","212.0","81.0","33.0","22.0","588.0","90.0","60.0","110.0","170.0","6","09/01/11 00:00:00","Espresso","Decaf Espresso","Decaf","131"
"325","Texas","South","Major Market","71.0","131.0","52.0","45.0","17.0","405.0","70.0","30.0","80.0","110.0","8","10/01/11 00:00:00","Herbal Tea","Chamomile","Decaf","79"
"325","Texas","South","Major Market","73.0","135.0","54.0","45.0","17.0","424.0","30.0","50.0","60.0","110.0","8","12/01/11 00:00:00","Herbal Tea","Chamomile","Decaf","81"
"325","Texas","South","Major Market","64.0","107.0","43.0","37.0","13.0","363.0","30.0","40.0","60.0","100.0","9","04/01/10 00:00:00","Herbal Tea","Lemon","Decaf","64"
"325","Texas","South","Major Market","76.0","136.0","52.0","38.0","16.0","357.0","50.0","40.0","80.0","120.0","9","02/01/11 00:00:00","Herbal Tea","Lemon","Decaf","84"
"325","Texas","South","Major Market","108.0","180.0","72.0","54.0","23.0","189.0","50.0","60.0","90.0","150.0","4","03/01/10 00:00:00","Espresso","Caffe Latte","Regular","108"
"330","Ohio","Central","Major Market","71.0","123.0","52.0","44.0","17.0","361.0","40.0","50.0","70.0","120.0","1","05/01/10 00:00:00","Coffee","Amaretto","Regular","71"
"330","Ohio","Central","Major Market","79.0","138.0","59.0","46.0","19.0","411.0","50.0","50.0","80.0","130.0","1","11/01/10 00:00:00","Coffee","Amaretto","Regular","79"
"330","Ohio","Central","Major Market","80.0","157.0","60.0","48.0","19.0","336.0","50.0","60.0","80.0","140.0","1","01/01/11 00:00:00","Coffee","Amaretto","Regular","97"
"330","Ohio","Central","Major Market","80.0","149.0","60.0","47.0","19.0","329.0","50.0","60.0","80.0","140.0","1","02/01/11 00:00:00","Coffee","Amaretto","Regular","89"
"330","Ohio","Central","Major Market","76.0","136.0","52.0","38.0","16.0","357.0","50.0","50.0","80.0","130.0","2","02/01/11 00:00:00","Coffee","Columbian","Regular","84"
"330","Ohio","Central","Major Market","72.0","129.0","49.0","37.0","15.0","351.0","40.0","50.0","70.0","120.0","2","03/01/11 00:00:00","Coffee","Columbian","Regular","80"
"330","Ohio","Central","Major Market","64.0","114.0","43.0","37.0","13.0","363.0","40.0","40.0","70.0","110.0","2","04/01/11 00:00:00","Coffee","Columbian","Regular","71"
"330","Ohio","Central","Major Market","51.0","84.0","34.0","30.0","10.0","428.0","30.0","30.0","50.0","80.0","2","08/01/11 00:00:00","Coffee","Columbian","Regular","50"
"330","Ohio","Central","Major Market","60.0","108.0","41.0","36.0","13.0","435.0","20.0","40.0","50.0","90.0","2","12/01/11 00:00:00","Coffee","Columbian","Regular","67"
"330","Ohio","Central","Major Market","56.0","95.0","39.0","65.0","36.0","517.0","0.0","40.0","50.0","90.0","3","07/01/10 00:00:00","Coffee","Decaf Irish Cream","Decaf","56"
"330","Ohio","Central","Major Market","71.0","137.0","58.0","56.0","22.0","325.0","40.0","60.0","90.0","150.0","6","03/01/11 00:00:00","Espresso","Decaf Espresso","Decaf","79"
"330","Ohio","Central","Major Market","34.0","56.0","22.0","17.0","6.0","452.0","30.0","10.0","30.0","40.0","8","02/01/10 00:00:00","Herbal Tea","Chamomile","Decaf","34"
"330","Ohio","Central","Major Market","33.0","55.0","22.0","17.0","6.0","865.0","30.0","10.0","30.0","40.0","9","08/01/10 00:00:00","Herbal Tea","Lemon","Decaf","33"
"330","Ohio","Central","Major Market","49.0","82.0","33.0","20.0","9.0","870.0","30.0","30.0","40.0","70.0","9","12/01/10 00:00:00","Herbal Tea","Lemon","Decaf","49"
"330","Ohio","Central","Major Market","45.0","80.0","30.0","19.0","8.0","820.0","40.0","20.0","40.0","60.0","9","04/01/11 00:00:00","Herbal Tea","Lemon","Decaf","50"
"330","Ohio","Central","Major Market","119.0","197.0","78.0","57.0","25.0","798.0","60.0","60.0","100.0","160.0","11","11/01/10 00:00:00","Tea","Darjeeling","Regular","119"
"330","Ohio","Central","Major Market","167.0","276.0","111.0","63.0","36.0","767.0","90.0","90.0","150.0","240.0","11","06/01/11 00:00:00","Tea","Darjeeling","Regular","165"
"330","Ohio","Central","Major Market","161.0","277.0","116.0","58.0","35.0","678.0","100.0","90.0","150.0","240.0","12","08/01/10 00:00:00","Tea","Earl Grey","Regular","161"
"337","Louisiana","South","Small Market","56.0","94.0","38.0","22.0","10.0","772.0","60.0","40.0","70.0","110.0","2","02/01/10 00:00:00","Coffee","Columbian","Regular","56"
"337","Louisiana","South","Small Market","64.0","107.0","43.0","24.0","12.0","822.0","60.0","50.0","80.0","130.0","2","06/01/10 00:00:00","Coffee","Columbian","Regular","64"
"337","Louisiana","South","Small Market","51.0","95.0","34.0","22.0","9.0","777.0","50.0","40.0","60.0","100.0","2","01/01/11 00:00:00","Coffee","Columbian","Regular","61"
"337","Louisiana","South","Small Market","49.0","87.0","33.0","20.0","9.0","768.0","50.0","40.0","60.0","100.0","2","03/01/11 00:00:00","Coffee","Columbian","Regular","54"
"337","Louisiana","South","Small Market","59.0","98.0","40.0","21.0","11.0","843.0","50.0","50.0","70.0","120.0","2","07/01/11 00:00:00","Coffee","Columbian","Regular","58"
"337","Louisiana","South","Small Market","71.0","127.0","48.0","24.0","13.0","829.0","80.0","70.0","90.0","160.0","2","10/01/11 00:00:00","Coffee","Columbian","Regular","79"
"337","Louisiana","South","Small Market","77.0","129.0","53.0","23.0","14.0","803.0","80.0","60.0","100.0","160.0","3","05/01/11 00:00:00","Coffee","Decaf Irish Cream","Decaf","76"
"337","Louisiana","South","Small Market","51.0","91.0","34.0","20.0","9.0","863.0","50.0","40.0","60.0","100.0","3","12/01/11 00:00:00","Coffee","Decaf Irish Cream","Decaf","57"
"337","Louisiana","South","Small Market","113.0","180.0","67.0","43.0","20.0","400.0","80.0","50.0","100.0","150.0","5","01/01/10 00:00:00","Espresso","Caffe Mocha","Regular","113"
"337","Louisiana","South","Small Market","79.0","126.0","47.0","38.0","14.0","366.0","40.0","40.0","60.0","100.0","5","08/01/10 00:00:00","Espresso","Caffe Mocha","Regular","79"
"337","Louisiana","South","Small Market","78.0","124.0","47.0","34.0","14.0","371.0","40.0","40.0","60.0","100.0","5","06/01/11 00:00:00","Espresso","Caffe Mocha","Regular","77"
"337","Louisiana","South","Small Market","94.0","161.0","57.0","41.0","17.0","349.0","60.0","40.0","80.0","120.0","5","09/01/11 00:00:00","Espresso","Caffe Mocha","Regular","104"
"337","Louisiana","South","Small Market","89.0","150.0","61.0","41.0","19.0","390.0","50.0","50.0","70.0","120.0","6","01/01/10 00:00:00","Espresso","Decaf Espresso","Decaf","89"
"337","Louisiana","South","Small Market","89.0","168.0","61.0","43.0","19.0","390.0","50.0","50.0","70.0","120.0","6","01/01/11 00:00:00","Espresso","Decaf Espresso","Decaf","107"
"337","Louisiana","South","Small Market","67.0","120.0","46.0","36.0","14.0","454.0","40.0","30.0","60.0","90.0","6","09/01/11 00:00:00","Espresso","Decaf Espresso","Decaf","74"
"337","Louisiana","South","Small Market","71.0","128.0","49.0","37.0","15.0","454.0","30.0","30.0","60.0","90.0","6","11/01/11 00:00:00","Espresso","Decaf Espresso","Decaf","79"
"337","Louisiana","South","Small Market","63.0","112.0","49.0","28.0","16.0","623.0","40.0","40.0","60.0","100.0","8","01/01/10 00:00:00","Herbal Tea","Chamomile","Decaf","63"
"337","Louisiana","South","Small Market","63.0","112.0","49.0","28.0","16.0","617.0","40.0","40.0","60.0","100.0","8","02/01/10 00:00:00","Herbal Tea","Chamomile","Decaf","63"
"337","Louisiana","South","Small Market","62.0","110.0","48.0","28.0","15.0","611.0","40.0","40.0","60.0","100.0","8","03/01/10 00:00:00","Herbal Tea","Chamomile","Decaf","62"
"337","Louisiana","South","Small Market","130.0","231.0","101.0","45.0","33.0","552.0","80.0","90.0","120.0","210.0","8","11/01/10 00:00:00","Herbal Tea","Chamomile","Decaf","130"
"337","Louisiana","South","Small Market","63.0","110.0","48.0","25.0","15.0","593.0","40.0","40.0","60.0","100.0","8","06/01/11 00:00:00","Herbal Tea","Chamomile","Decaf","62"
"337","Louisiana","South","Small Market","60.0","105.0","46.0","26.0","15.0","587.0","40.0","40.0","60.0","100.0","8","07/01/11 00:00:00","Herbal Tea","Chamomile","Decaf","59"
"337","Louisiana","South","Small Market","90.0","169.0","69.0","35.0","22.0","572.0","60.0","60.0","90.0","150.0","8","09/01/11 00:00:00","Herbal Tea","Chamomile","Decaf","100"
"337","Louisiana","South","Small Market","98.0","178.0","80.0","63.0","30.0","494.0","50.0","70.0","100.0","170.0","9","04/01/10 00:00:00","Herbal Tea","Lemon","Decaf","98"
"337","Louisiana","South","Small Market","96.0","173.0","77.0","63.0","29.0","529.0","40.0","70.0","90.0","160.0","9","05/01/10 00:00:00","Herbal Tea","Lemon","Decaf","96"
"337","Louisiana","South","Small Market","102.0","184.0","82.0","64.0","31.0","601.0","40.0","70.0","100.0","170.0","9","11/01/10 00:00:00","Herbal Tea","Lemon","Decaf","102"
"337","Louisiana","South","Small Market","98.0","190.0","80.0","63.0","30.0","494.0","50.0","70.0","100.0","170.0","9","04/01/11 00:00:00","Herbal Tea","Lemon","Decaf","110"
"337","Louisiana","South","Small Market","96.0","171.0","77.0","59.0","29.0","529.0","40.0","70.0","90.0","160.0","9","05/01/11 00:00:00","Herbal Tea","Lemon","Decaf","94"
"337","Louisiana","South","Small Market","102.0","196.0","82.0","64.0","31.0","601.0","40.0","70.0","100.0","170.0","9","11/01/11 00:00:00","Herbal Tea","Lemon","Decaf","114"
"337","Louisiana","South","Small Market","61.0","104.0","44.0","63.0","39.0","-508.0","10.0","30.0","60.0","90.0","4","08/01/11 00:00:00","Espresso","Caffe Latte","Regular","60"
"339","Massachusetts","East","Major Market","451.0","553.0","68.0","54.0","22.0","-348.0","400.0","60.0","430.0","490.0","2","04/01/11 00:00:00","Coffee","Columbian","Regular","485"
"339","Massachusetts","East","Major Market","26.0","44.0","18.0","17.0","5.0","486.0","20.0","10.0","30.0","40.0","13","07/01/10 00:00:00","Tea","Green Tea","Regular","26"
"339","Massachusetts","East","Major Market","68.0","105.0","37.0","62.0","33.0","540.0","20.0","30.0","70.0","100.0","5","08/01/10 00:00:00","Espresso","Caffe Mocha","Regular","68"
"339","Massachusetts","East","Major Market","52.0","99.0","47.0","72.0","42.0","571.0","-10.0","40.0","50.0","90.0","5","12/01/10 00:00:00","Espresso","Caffe Mocha","Regular","52"
"339","Massachusetts","East","Major Market","65.0","125.0","52.0","77.0","47.0","458.0","10.0","40.0","70.0","110.0","5","04/01/11 00:00:00","Espresso","Caffe Mocha","Regular","73"
"339","Massachusetts","East","Major Market","68.0","104.0","37.0","58.0","33.0","540.0","20.0","30.0","70.0","100.0","5","08/01/11 00:00:00","Espresso","Caffe Mocha","Regular","67"
"339","Massachusetts","East","Major Market","68.0","128.0","52.0","76.0","47.0","554.0","0.0","50.0","60.0","110.0","5","11/01/11 00:00:00","Espresso","Caffe Mocha","Regular","76"
"339","Massachusetts","East","Major Market","72.0","130.0","58.0","55.0","22.0","338.0","30.0","40.0","60.0","100.0","9","01/01/10 00:00:00","Herbal Tea","Lemon","Decaf","72"
"339","Massachusetts","East","Major Market","60.0","109.0","49.0","51.0","18.0","414.0","20.0","30.0","50.0","80.0","9","08/01/10 00:00:00","Herbal Tea","Lemon","Decaf","60"
"339","Massachusetts","East","Major Market","66.0","128.0","54.0","53.0","20.0","404.0","20.0","30.0","30.0","60.0","9","10/01/11 00:00:00","Herbal Tea","Lemon","Decaf","74"
"339","Massachusetts","East","Major Market","43.0","72.0","29.0","20.0","8.0","862.0","30.0","30.0","40.0","70.0","11","09/01/10 00:00:00","Tea","Darjeeling","Regular","43"
"339","Massachusetts","East","Major Market","52.0","88.0","36.0","21.0","10.0","862.0","40.0","30.0","60.0","90.0","11","11/01/10 00:00:00","Tea","Darjeeling","Regular","52"
"339","Massachusetts","East","Major Market","149.0","298.0","149.0","65.0","41.0","1156.0","100.0","140.0","150.0","290.0","7","05/01/10 00:00:00","Espresso","Regular Espresso","Regular","149"
"339","Massachusetts","East","Major Market","149.0","298.0","149.0","66.0","41.0","1245.0","100.0","140.0","150.0","290.0","7","06/01/10 00:00:00","Espresso","Regular Espresso","Regular","149"
"339","Massachusetts","East","Major Market","146.0","288.0","145.0","60.0","40.0","1304.0","100.0","130.0","150.0","280.0","7","07/01/11 00:00:00","Espresso","Regular Espresso","Regular","143"
"347","New York","East","Major Market","374.0","623.0","249.0","138.0","87.0","2580.0","230.0","220.0","340.0","560.0","2","11/01/10 00:00:00","Coffee","Columbian","Regular","374"
"347","New York","East","Major Market","80.0","134.0","54.0","26.0","15.0","456.0","70.0","50.0","90.0","140.0","13","01/01/10 00:00:00","Tea","Green Tea","Regular","80"
"347","New York","East","Major Market","112.0","201.0","77.0","33.0","21.0","449.0","90.0","80.0","120.0","200.0","13","02/01/11 00:00:00","Tea","Green Tea","Regular","124"
"347","New York","East","Major Market","136.0","228.0","94.0","34.0","26.0","562.0","120.0","90.0","150.0","240.0","13","06/01/11 00:00:00","Tea","Green Tea","Regular","134"
"347","New York","East","Major Market","-85.0","77.0","162.0","181.0","147.0","2321.0","-240.0","150.0","-80.0","70.0","5","07/01/10 00:00:00","Espresso","Caffe Mocha","Regular","-85"
"347","New York","East","Major Market","-60.0","61.0","121.0","142.0","109.0","3385.0","-190.0","110.0","-60.0","50.0","5","11/01/10 00:00:00","Espresso","Caffe Mocha","Regular","-60"
"347","New York","East","Major Market","-85.0","76.0","162.0","168.0","147.0","2321.0","-240.0","150.0","-80.0","70.0","5","07/01/11 00:00:00","Espresso","Caffe Mocha","Regular","-86"
"347","New York","East","Major Market","-32.0","194.0","214.0","87.0","66.0","1480.0","-80.0","160.0","-20.0","140.0","10","03/01/11 00:00:00","Herbal Tea","Mint","Decaf","-20"
"347","New York","East","Major Market","139.0","234.0","95.0","38.0","26.0","821.0","120.0","100.0","150.0","250.0","11","01/01/10 00:00:00","Tea","Darjeeling","Regular","139"
"347","New York","East","Major Market","145.0","245.0","100.0","39.0","28.0","981.0","130.0","100.0","160.0","260.0","11","09/01/10 00:00:00","Tea","Darjeeling","Regular","145"
"347","New York","East","Major Market","137.0","247.0","95.0","37.0","26.0","809.0","120.0","100.0","150.0","250.0","11","02/01/11 00:00:00","Tea","Darjeeling","Regular","152"
"347","New York","East","Major Market","139.0","249.0","95.0","37.0","26.0","799.0","120.0","100.0","150.0","250.0","11","03/01/11 00:00:00","Tea","Darjeeling","Regular","154"
"347","New York","East","Major Market","132.0","238.0","91.0","37.0","25.0","777.0","120.0","90.0","150.0","240.0","12","04/01/11 00:00:00","Tea","Earl Grey","Regular","147"
"347","New York","East","Major Market","163.0","274.0","113.0","39.0","31.0","897.0","140.0","110.0","180.0","290.0","12","06/01/11 00:00:00","Tea","Earl Grey","Regular","161"
"347","New York","East","Major Market","284.0","557.0","239.0","90.0","66.0","1260.0","210.0","220.0","290.0","510.0","7","03/01/11 00:00:00","Espresso","Regular Espresso","Regular","318"
"351","Massachusetts","East","Major Market","443.0","510.0","67.0","53.0","22.0","-3534.0","360.0","60.0","390.0","450.0","2","12/01/10 00:00:00","Coffee","Columbian","Regular","443"
"351","Massachusetts","East","Major Market","487.0","546.0","64.0","49.0","21.0","-663.0","430.0","60.0","460.0","520.0","2","05/01/11 00:00:00","Coffee","Columbian","Regular","482"
"351","Massachusetts","East","Major Market","443.0","543.0","67.0","53.0","22.0","-3534.0","360.0","60.0","390.0","450.0","2","12/01/11 00:00:00","Coffee","Columbian","Regular","476"
"351","Massachusetts","East","Major Market","48.0","80.0","32.0","19.0","8.0","482.0","40.0","30.0","50.0","80.0","13","11/01/10 00:00:00","Tea","Green Tea","Regular","48"
"351","Massachusetts","East","Major Market","26.0","44.0","18.0","15.0","5.0","478.0","20.0","10.0","30.0","40.0","13","06/01/11 00:00:00","Tea","Green Tea","Regular","26"
"351","Massachusetts","East","Major Market","67.0","111.0","44.0","70.0","40.0","543.0","10.0","40.0","60.0","100.0","5","06/01/10 00:00:00","Espresso","Caffe Mocha","Regular","67"
"351","Massachusetts","East","Major Market","45.0","80.0","30.0","19.0","8.0","820.0","40.0","30.0","50.0","80.0","11","04/01/11 00:00:00","Tea","Darjeeling","Regular","50"
"351","Massachusetts","East","Major Market","52.0","94.0","36.0","21.0","10.0","862.0","40.0","30.0","60.0","90.0","11","11/01/11 00:00:00","Tea","Darjeeling","Regular","58"
"351","Massachusetts","East","Major Market","163.0","325.0","162.0","69.0","45.0","1091.0","100.0","150.0","160.0","310.0","7","04/01/10 00:00:00","Espresso","Regular Espresso","Regular","163"
"351","Massachusetts","East","Major Market","153.0","306.0","153.0","66.0","42.0","1319.0","80.0","150.0","140.0","290.0","7","12/01/10 00:00:00","Espresso","Regular Espresso","Regular","153"
"352","Florida","East","Major Market","150.0","265.0","99.0","64.0","32.0","798.0","100.0","90.0","140.0","230.0","2","09/01/11 00:00:00","Coffee","Columbian","Regular","166"
"352","Florida","East","Major Market","120.0","220.0","86.0","49.0","26.0","490.0","70.0","80.0","110.0","190.0","3","02/01/11 00:00:00","Coffee","Decaf Irish Cream","Decaf","134"
"352","Florida","East","Major Market","103.0","192.0","77.0","52.0","25.0","423.0","60.0","70.0","100.0","170.0","6","02/01/11 00:00:00","Espresso","Decaf Espresso","Decaf","115"
"352","Florida","East","Major Market","63.0","119.0","49.0","28.0","16.0","611.0","30.0","30.0","50.0","80.0","8","03/01/11 00:00:00","Herbal Tea","Chamomile","Decaf","70"
"352","Florida","East","Major Market","65.0","114.0","50.0","27.0","16.0","587.0","30.0","30.0","50.0","80.0","8","07/01/11 00:00:00","Herbal Tea","Chamomile","Decaf","64"
"352","Florida","East","Major Market","74.0","132.0","59.0","51.0","22.0","403.0","30.0","40.0","60.0","100.0","9","07/01/11 00:00:00","Herbal Tea","Lemon","Decaf","73"
"352","Florida","East","Major Market","84.0","164.0","70.0","42.0","21.0","957.0","50.0","50.0","70.0","120.0","10","02/01/11 00:00:00","Herbal Tea","Mint","Decaf","94"
"352","Florida","East","Major Market","53.0","89.0","36.0","21.0","10.0","838.0","40.0","30.0","60.0","90.0","11","05/01/10 00:00:00","Tea","Darjeeling","Regular","53"
"352","Florida","East","Major Market","42.0","70.0","28.0","19.0","7.0","875.0","40.0","20.0","50.0","70.0","11","11/01/10 00:00:00","Tea","Darjeeling","Regular","42"
"352","Florida","East","Major Market","42.0","75.0","28.0","19.0","7.0","875.0","40.0","20.0","50.0","70.0","11","11/01/11 00:00:00","Tea","Darjeeling","Regular","47"
"360","Washington","West","Small Market","99.0","167.0","68.0","43.0","21.0","445.0","80.0","80.0","120.0","200.0","2","09/01/10 00:00:00","Coffee","Columbian","Regular","99"
"360","Washington","West","Small Market","84.0","151.0","58.0","40.0","18.0","331.0","70.0","70.0","100.0","170.0","2","02/01/11 00:00:00","Coffee","Columbian","Regular","93"
"360","Washington","West","Small Market","99.0","178.0","68.0","43.0","21.0","438.0","110.0","90.0","140.0","230.0","2","10/01/11 00:00:00","Coffee","Columbian","Regular","110"
"360","Washington","West","Small Market","104.0","188.0","72.0","46.0","23.0","461.0","80.0","80.0","120.0","200.0","2","12/01/11 00:00:00","Coffee","Columbian","Regular","116"
"360","Washington","West","Small Market","173.0","297.0","124.0","142.0","112.0","717.0","100.0","150.0","220.0","370.0","3","07/01/10 00:00:00","Coffee","Decaf Irish Cream","Decaf","173"
"360","Washington","West","Small Market","130.0","223.0","93.0","114.0","84.0","692.0","60.0","110.0","160.0","270.0","3","09/01/10 00:00:00","Coffee","Decaf Irish Cream","Decaf","130"
"360","Washington","West","Small Market","132.0","242.0","95.0","115.0","86.0","554.0","70.0","110.0","170.0","280.0","3","04/01/11 00:00:00","Coffee","Decaf Irish Cream","Decaf","147"
"360","Washington","West","Small Market","184.0","314.0","133.0","140.0","120.0","705.0","100.0","160.0","230.0","390.0","3","08/01/11 00:00:00","Coffee","Decaf Irish Cream","Decaf","181"
"360","Washington","West","Small Market","105.0","180.0","75.0","97.0","68.0","522.0","20.0","40.0","80.0","120.0","13","01/01/10 00:00:00","Tea","Green Tea","Regular","105"
"360","Washington","West","Small Market","75.0","128.0","53.0","78.0","48.0","597.0","0.0","30.0","50.0","80.0","13","06/01/10 00:00:00","Tea","Green Tea","Regular","75"
"360","Washington","West","Small Market","76.0","131.0","55.0","79.0","49.0","627.0","-10.0","40.0","50.0","90.0","13","12/01/10 00:00:00","Tea","Green Tea","Regular","76"
"360","Washington","West","Small Market","87.0","160.0","63.0","87.0","57.0","506.0","10.0","40.0","60.0","100.0","13","03/01/11 00:00:00","Tea","Green Tea","Regular","97"
"360","Washington","West","Small Market","66.0","112.0","47.0","66.0","42.0","622.0","0.0","30.0","40.0","70.0","13","07/01/11 00:00:00","Tea","Green Tea","Regular","65"
"360","Washington","West","Small Market","66.0","128.0","54.0","54.0","20.0","301.0","20.0","50.0","60.0","110.0","5","03/01/11 00:00:00","Espresso","Caffe Mocha","Regular","74"
"360","Washington","West","Small Market","72.0","129.0","58.0","52.0","22.0","338.0","20.0","50.0","70.0","120.0","5","05/01/11 00:00:00","Espresso","Caffe Mocha","Regular","71"
"360","Washington","West","Small Market","74.0","132.0","59.0","52.0","22.0","377.0","20.0","50.0","70.0","120.0","5","06/01/11 00:00:00","Espresso","Caffe Mocha","Regular","73"
"360","Washington","West","Small Market","74.0","132.0","59.0","52.0","22.0","403.0","20.0","50.0","70.0","120.0","5","07/01/11 00:00:00","Espresso","Caffe Mocha","Regular","73"
"360","Washington","West","Small Market","77.0","139.0","63.0","53.0","23.0","397.0","20.0","60.0","70.0","130.0","5","08/01/11 00:00:00","Espresso","Caffe Mocha","Regular","76"
"360","Washington","West","Small Market","82.0","159.0","67.0","59.0","25.0","391.0","30.0","60.0","80.0","140.0","5","09/01/11 00:00:00","Espresso","Caffe Mocha","Regular","92"
"360","Washington","West","Small Market","103.0","187.0","86.0","44.0","26.0","1081.0","70.0","80.0","100.0","180.0","6","07/01/11 00:00:00","Espresso","Decaf Espresso","Decaf","101"
"360","Washington","West","Small Market","94.0","185.0","80.0","46.0","24.0","1055.0","80.0","60.0","90.0","150.0","6","10/01/11 00:00:00","Espresso","Decaf Espresso","Decaf","105"
"360","Washington","West","Small Market","96.0","188.0","80.0","45.0","24.0","1079.0","60.0","70.0","100.0","170.0","6","12/01/11 00:00:00","Espresso","Decaf Espresso","Decaf","108"
"360","Washington","West","Small Market","135.0","225.0","90.0","60.0","29.0","1139.0","80.0","70.0","120.0","190.0","8","08/01/10 00:00:00","Herbal Tea","Chamomile","Decaf","135"
"360","Washington","West","Small Market","186.0","329.0","123.0","71.0","40.0","932.0","120.0","100.0","170.0","270.0","8","03/01/11 00:00:00","Herbal Tea","Chamomile","Decaf","206"
"360","Washington","West","Small Market","188.0","334.0","125.0","73.0","41.0","1119.0","130.0","90.0","160.0","250.0","8","10/01/11 00:00:00","Herbal Tea","Chamomile","Decaf","209"
"360","Washington","West","Small Market","51.0","85.0","34.0","21.0","9.0","777.0","50.0","20.0","50.0","70.0","9","01/01/10 00:00:00","Herbal Tea","Lemon","Decaf","51"
"360","Washington","West","Small Market","49.0","82.0","33.0","20.0","9.0","768.0","50.0","20.0","50.0","70.0","9","03/01/10 00:00:00","Herbal Tea","Lemon","Decaf","49"
"360","Washington","West","Small Market","71.0","119.0","48.0","24.0","13.0","834.0","50.0","40.0","60.0","100.0","9","09/01/10 00:00:00","Herbal Tea","Lemon","Decaf","71"
"360","Washington","West","Small Market","51.0","95.0","34.0","22.0","9.0","777.0","50.0","20.0","50.0","70.0","9","01/01/11 00:00:00","Herbal Tea","Lemon","Decaf","61"
"360","Washington","West","Small Market","51.0","92.0","35.0","21.0","9.0","776.0","40.0","30.0","40.0","70.0","9","04/01/11 00:00:00","Herbal Tea","Lemon","Decaf","57"
"360","Washington","West","Small Market","70.0","117.0","48.0","23.0","13.0","839.0","50.0","40.0","60.0","100.0","9","08/01/11 00:00:00","Herbal Tea","Lemon","Decaf","69"
"360","Washington","West","Small Market","113.0","180.0","67.0","43.0","20.0","400.0","50.0","40.0","80.0","120.0","11","01/01/10 00:00:00","Tea","Darjeeling","Regular","113"
"360","Washington","West","Small Market","109.0","174.0","65.0","43.0","20.0","372.0","40.0","40.0","70.0","110.0","11","02/01/10 00:00:00","Tea","Darjeeling","Regular","109"
"360","Washington","West","Small Market","78.0","125.0","47.0","37.0","14.0","371.0","30.0","30.0","50.0","80.0","11","06/01/10 00:00:00","Tea","Darjeeling","Regular","78"
"360","Washington","West","Small Market","65.0","103.0","39.0","33.0","12.0","380.0","30.0","20.0","50.0","70.0","11","07/01/11 00:00:00","Tea","Darjeeling","Regular","64"
"360","Washington","West","Small Market","65.0","110.0","45.0","38.0","14.0","410.0","30.0","20.0","50.0","70.0","12","05/01/10 00:00:00","Tea","Earl Grey","Regular","65"
"360","Washington","West","Small Market","67.0","113.0","46.0","36.0","14.0","454.0","30.0","30.0","40.0","70.0","12","09/01/10 00:00:00","Tea","Earl Grey","Regular","67"
"360","Washington","West","Small Market","67.0","113.0","46.0","36.0","14.0","449.0","30.0","20.0","30.0","50.0","12","10/01/10 00:00:00","Tea","Earl Grey","Regular","67"
"360","Washington","West","Small Market","62.0","110.0","48.0","27.0","15.0","617.0","40.0","40.0","60.0","100.0","4","02/01/10 00:00:00","Espresso","Caffe Latte","Regular","62"
"360","Washington","West","Small Market","43.0","81.0","33.0","22.0","10.0","577.0","30.0","30.0","40.0","70.0","4","09/01/11 00:00:00","Espresso","Caffe Latte","Regular","48"
"361","Texas","South","Major Market","247.0","486.0","209.0","86.0","64.0","969.0","230.0","260.0","310.0","570.0","2","04/01/11 00:00:00","Coffee","Columbian","Regular","277"
"361","Texas","South","Major Market","107.0","213.0","83.0","41.0","27.0","623.0","100.0","100.0","130.0","230.0","3","01/01/11 00:00:00","Coffee","Decaf Irish Cream","Decaf","130"
"361","Texas","South","Major Market","117.0","211.0","81.0","33.0","22.0","441.0","90.0","60.0","110.0","170.0","6","03/01/11 00:00:00","Espresso","Decaf Espresso","Decaf","130"
"361","Texas","South","Major Market","101.0","179.0","67.0","54.0","22.0","-1239.0","30.0","50.0","70.0","120.0","4","12/01/11 00:00:00","Espresso","Caffe Latte","Regular","112"
"386","Florida","East","Major Market","150.0","249.0","99.0","64.0","32.0","798.0","100.0","90.0","140.0","230.0","2","09/01/10 00:00:00","Coffee","Columbian","Regular","150"
"386","Florida","East","Major Market","116.0","224.0","84.0","51.0","26.0","500.0","70.0","80.0","110.0","190.0","3","01/01/11 00:00:00","Coffee","Decaf Irish Cream","Decaf","140"
"386","Florida","East","Major Market","173.0","297.0","124.0","141.0","112.0","717.0","60.0","110.0","180.0","290.0","5","07/01/10 00:00:00","Espresso","Caffe Mocha","Regular","173"
"386","Florida","East","Major Market","112.0","208.0","83.0","54.0","27.0","575.0","70.0","80.0","110.0","190.0","6","12/01/11 00:00:00","Espresso","Decaf Espresso","Decaf","125"
"386","Florida","East","Major Market","29.0","51.0","22.0","19.0","7.0","573.0","20.0","0.0","20.0","20.0","8","10/01/10 00:00:00","Herbal Tea","Chamomile","Decaf","29"
"386","Florida","East","Major Market","62.0","105.0","43.0","24.0","12.0","864.0","50.0","40.0","70.0","110.0","11","06/01/10 00:00:00","Tea","Darjeeling","Regular","62"
"386","Florida","East","Major Market","65.0","110.0","45.0","24.0","12.0","885.0","50.0","40.0","70.0","110.0","11","07/01/10 00:00:00","Tea","Darjeeling","Regular","65"
"405","Oklahoma","South","Small Market","60.0","106.0","46.0","27.0","15.0","608.0","60.0","50.0","80.0","130.0","2","04/01/10 00:00:00","Coffee","Columbian","Regular","60"
"405","Oklahoma","South","Small Market","87.0","155.0","68.0","34.0","22.0","587.0","80.0","80.0","110.0","190.0","2","08/01/10 00:00:00","Coffee","Columbian","Regular","87"
"405","Oklahoma","South","Small Market","104.0","185.0","81.0","38.0","26.0","551.0","100.0","90.0","130.0","220.0","2","12/01/10 00:00:00","Coffee","Columbian","Regular","104"
"405","Oklahoma","South","Small Market","56.0","107.0","44.0","27.0","14.0","618.0","50.0","50.0","70.0","120.0","2","02/01/11 00:00:00","Coffee","Columbian","Regular","63"
"405","Oklahoma","South","Small Market","55.0","104.0","43.0","26.0","14.0","613.0","50.0","50.0","70.0","120.0","2","03/01/11 00:00:00","Coffee","Columbian","Regular","61"
"405","Oklahoma","South","Small Market","56.0","98.0","43.0","25.0","14.0","597.0","50.0","50.0","70.0","120.0","2","06/01/11 00:00:00","Coffee","Columbian","Regular","55"
"405","Oklahoma","South","Small Market","48.0","80.0","32.0","19.0","8.0","817.0","50.0","40.0","60.0","100.0","3","02/01/10 00:00:00","Coffee","Decaf Irish Cream","Decaf","48"
"405","Oklahoma","South","Small Market","47.0","79.0","32.0","20.0","8.0","813.0","40.0","40.0","50.0","90.0","3","03/01/10 00:00:00","Coffee","Decaf Irish Cream","Decaf","47"
"405","Oklahoma","South","Small Market","45.0","75.0","30.0","20.0","8.0","820.0","50.0","30.0","60.0","90.0","3","04/01/10 00:00:00","Coffee","Decaf Irish Cream","Decaf","45"
"405","Oklahoma","South","Small Market","42.0","71.0","29.0","20.0","8.0","835.0","40.0","30.0","50.0","80.0","3","05/01/10 00:00:00","Coffee","Decaf Irish Cream","Decaf","42"
"405","Oklahoma","South","Small Market","36.0","60.0","24.0","17.0","6.0","856.0","30.0","30.0","40.0","70.0","3","06/01/10 00:00:00","Coffee","Decaf Irish Cream","Decaf","36"
"405","Oklahoma","South","Small Market","34.0","57.0","23.0","18.0","6.0","868.0","40.0","20.0","50.0","70.0","3","07/01/10 00:00:00","Coffee","Decaf Irish Cream","Decaf","34"
"405","Oklahoma","South","Small Market","33.0","55.0","22.0","17.0","6.0","865.0","30.0","20.0","40.0","60.0","3","08/01/10 00:00:00","Coffee","Decaf Irish Cream","Decaf","33"
"405","Oklahoma","South","Small Market","47.0","84.0","32.0","20.0","8.0","813.0","40.0","40.0","50.0","90.0","3","03/01/11 00:00:00","Coffee","Decaf Irish Cream","Decaf","52"
"405","Oklahoma","South","Small Market","39.0","70.0","27.0","18.0","7.0","859.0","60.0","30.0","60.0","90.0","3","10/01/11 00:00:00","Coffee","Decaf Irish Cream","Decaf","43"
"405","Oklahoma","South","Small Market","48.0","80.0","32.0","20.0","8.0","456.0","40.0","20.0","40.0","60.0","5","01/01/10 00:00:00","Espresso","Caffe Mocha","Regular","48"
"405","Oklahoma","South","Small Market","29.0","49.0","20.0","16.0","5.0","464.0","30.0","10.0","30.0","40.0","5","05/01/10 00:00:00","Espresso","Caffe Mocha","Regular","29"
"405","Oklahoma","South","Small Market","32.0","53.0","21.0","17.0","5.0","480.0","30.0","0.0","30.0","30.0","5","10/01/10 00:00:00","Espresso","Caffe Mocha","Regular","32"
"405","Oklahoma","South","Small Market","32.0","56.0","21.0","16.0","5.0","454.0","30.0","10.0","30.0","40.0","5","04/01/11 00:00:00","Espresso","Caffe Mocha","Regular","35"
"405","Oklahoma","South","Small Market","126.0","210.0","84.0","59.0","27.0","651.0","70.0","70.0","110.0","180.0","6","01/01/10 00:00:00","Espresso","Decaf Espresso","Decaf","126"
"405","Oklahoma","South","Small Market","120.0","200.0","80.0","57.0","26.0","640.0","70.0","60.0","110.0","170.0","6","02/01/10 00:00:00","Espresso","Decaf Espresso","Decaf","120"
"405","Oklahoma","South","Small Market","141.0","235.0","94.0","62.0","31.0","697.0","80.0","80.0","120.0","200.0","6","05/01/10 00:00:00","Espresso","Decaf Espresso","Decaf","141"
"405","Oklahoma","South","Small Market","172.0","286.0","114.0","69.0","37.0","810.0","100.0","90.0","150.0","240.0","6","08/01/10 00:00:00","Espresso","Decaf Espresso","Decaf","172"
"405","Oklahoma","South","Small Market","123.0","205.0","82.0","58.0","27.0","788.0","60.0","50.0","80.0","130.0","6","10/01/10 00:00:00","Espresso","Decaf Espresso","Decaf","123"
"405","Oklahoma","South","Small Market","133.0","221.0","88.0","61.0","29.0","817.0","60.0","60.0","110.0","170.0","6","12/01/10 00:00:00","Espresso","Decaf Espresso","Decaf","133"
"405","Oklahoma","South","Small Market","126.0","235.0","84.0","62.0","27.0","651.0","70.0","70.0","110.0","180.0","6","01/01/11 00:00:00","Espresso","Decaf Espresso","Decaf","151"
"405","Oklahoma","South","Small Market","120.0","213.0","80.0","57.0","26.0","640.0","70.0","60.0","110.0","170.0","6","02/01/11 00:00:00","Espresso","Decaf Espresso","Decaf","133"
"405","Oklahoma","South","Small Market","134.0","237.0","88.0","60.0","29.0","653.0","80.0","70.0","120.0","190.0","6","04/01/11 00:00:00","Espresso","Decaf Espresso","Decaf","149"
"405","Oklahoma","South","Small Market","172.0","283.0","114.0","64.0","37.0","822.0","100.0","90.0","150.0","240.0","6","07/01/11 00:00:00","Espresso","Decaf Espresso","Decaf","169"
"405","Oklahoma","South","Small Market","150.0","265.0","99.0","63.0","32.0","798.0","80.0","80.0","130.0","210.0","6","09/01/11 00:00:00","Espresso","Decaf Espresso","Decaf","166"
"405","Oklahoma","South","Small Market","123.0","218.0","82.0","58.0","27.0","788.0","60.0","50.0","80.0","130.0","6","10/01/11 00:00:00","Espresso","Decaf Espresso","Decaf","136"
"405","Oklahoma","South","Small Market","74.0","133.0","59.0","55.0","22.0","403.0","30.0","50.0","80.0","130.0","8","07/01/10 00:00:00","Herbal Tea","Chamomile","Decaf","74"
"405","Oklahoma","South","Small Market","70.0","126.0","56.0","54.0","21.0","385.0","50.0","40.0","70.0","110.0","8","10/01/10 00:00:00","Herbal Tea","Chamomile","Decaf","70"
"405","Oklahoma","South","Small Market","80.0","145.0","65.0","58.0","24.0","403.0","20.0","60.0","70.0","130.0","8","12/01/10 00:00:00","Herbal Tea","Chamomile","Decaf","80"
"405","Oklahoma","South","Small Market","72.0","129.0","58.0","51.0","22.0","338.0","20.0","50.0","70.0","120.0","8","05/01/11 00:00:00","Herbal Tea","Chamomile","Decaf","71"
"405","Oklahoma","South","Small Market","80.0","155.0","65.0","58.0","24.0","403.0","20.0","60.0","70.0","130.0","8","12/01/11 00:00:00","Herbal Tea","Chamomile","Decaf","90"
"405","Oklahoma","South","Small Market","128.0","220.0","92.0","113.0","83.0","541.0","40.0","80.0","130.0","210.0","9","02/01/10 00:00:00","Herbal Tea","Lemon","Decaf","128"
"405","Oklahoma","South","Small Market","132.0","227.0","95.0","115.0","86.0","532.0","30.0","90.0","130.0","220.0","9","03/01/10 00:00:00","Herbal Tea","Lemon","Decaf","132"
"405","Oklahoma","South","Small Market","132.0","227.0","95.0","116.0","86.0","554.0","30.0","90.0","130.0","220.0","9","04/01/10 00:00:00","Herbal Tea","Lemon","Decaf","132"
"405","Oklahoma","South","Small Market","173.0","297.0","124.0","141.0","112.0","717.0","60.0","110.0","180.0","290.0","9","07/01/10 00:00:00","Herbal Tea","Lemon","Decaf","173"
"405","Oklahoma","South","Small Market","134.0","230.0","96.0","117.0","87.0","683.0","40.0","80.0","120.0","200.0","9","10/01/10 00:00:00","Herbal Tea","Lemon","Decaf","134"
"405","Oklahoma","South","Small Market","111.0","213.0","79.0","106.0","72.0","551.0","30.0","70.0","110.0","180.0","9","01/01/11 00:00:00","Herbal Tea","Lemon","Decaf","134"
"405","Oklahoma","South","Small Market","128.0","234.0","92.0","113.0","83.0","541.0","40.0","80.0","130.0","210.0","9","02/01/11 00:00:00","Herbal Tea","Lemon","Decaf","142"
"405","Oklahoma","South","Small Market","173.0","294.0","124.0","131.0","112.0","717.0","60.0","110.0","180.0","290.0","9","07/01/11 00:00:00","Herbal Tea","Lemon","Decaf","170"
"405","Oklahoma","South","Small Market","184.0","314.0","133.0","140.0","120.0","705.0","60.0","120.0","190.0","310.0","9","08/01/11 00:00:00","Herbal Tea","Lemon","Decaf","181"
"405","Oklahoma","South","Small Market","130.0","238.0","93.0","114.0","84.0","692.0","40.0","80.0","130.0","210.0","9","09/01/11 00:00:00","Herbal Tea","Lemon","Decaf","145"
"405","Oklahoma","South","Small Market","130.0","239.0","94.0","115.0","85.0","694.0","20.0","80.0","120.0","200.0","9","11/01/11 00:00:00","Herbal Tea","Lemon","Decaf","145"
"405","Oklahoma","South","Small Market","116.0","200.0","84.0","50.0","26.0","500.0","70.0","70.0","100.0","170.0","4","01/01/10 00:00:00","Espresso","Caffe Latte","Regular","116"
"405","Oklahoma","South","Small Market","120.0","206.0","86.0","50.0","26.0","300.0","70.0","70.0","100.0","170.0","4","02/01/10 00:00:00","Espresso","Caffe Latte","Regular","120"
"405","Oklahoma","South","Small Market","125.0","214.0","89.0","51.0","27.0","94.0","80.0","70.0","110.0","180.0","4","03/01/10 00:00:00","Espresso","Caffe Latte","Regular","125"
"405","Oklahoma","South","Small Market","127.0","218.0","91.0","51.0","28.0","-1785.0","70.0","50.0","80.0","130.0","4","10/01/10 00:00:00","Espresso","Caffe Latte","Regular","127"
"405","Oklahoma","South","Small Market","116.0","224.0","84.0","52.0","26.0","500.0","70.0","70.0","100.0","170.0","4","01/01/11 00:00:00","Espresso","Caffe Latte","Regular","140"
"405","Oklahoma","South","Small Market","125.0","228.0","89.0","51.0","27.0","94.0","80.0","70.0","110.0","180.0","4","03/01/11 00:00:00","Espresso","Caffe Latte","Regular","139"
"405","Oklahoma","South","Small Market","164.0","279.0","118.0","55.0","36.0","-660.0","100.0","100.0","140.0","240.0","4","06/01/11 00:00:00","Espresso","Caffe Latte","Regular","161"
"405","Oklahoma","South","Small Market","195.0","333.0","141.0","62.0","43.0","-942.0","110.0","120.0","160.0","280.0","4","07/01/11 00:00:00","Espresso","Caffe Latte","Regular","192"
"405","Oklahoma","South","Small Market","127.0","232.0","91.0","51.0","28.0","-1785.0","70.0","50.0","80.0","130.0","4","10/01/11 00:00:00","Espresso","Caffe Latte","Regular","141"
"405","Oklahoma","South","Small Market","143.0","261.0","102.0","54.0","31.0","-2003.0","60.0","80.0","100.0","180.0","4","11/01/11 00:00:00","Espresso","Caffe Latte","Regular","159"
"407","Florida","East","Major Market","123.0","205.0","82.0","59.0","27.0","788.0","90.0","60.0","110.0","170.0","2","10/01/10 00:00:00","Coffee","Columbian","Regular","123"
"407","Florida","East","Major Market","133.0","236.0","88.0","60.0","29.0","817.0","80.0","70.0","120.0","190.0","2","12/01/11 00:00:00","Coffee","Columbian","Regular","148"
"407","Florida","East","Major Market","85.0","144.0","59.0","27.0","16.0","842.0","70.0","60.0","90.0","150.0","13","06/01/10 00:00:00","Tea","Green Tea","Regular","85"
"407","Florida","East","Major Market","103.0","180.0","77.0","52.0","25.0","423.0","60.0","70.0","100.0","170.0","6","02/01/10 00:00:00","Espresso","Decaf Espresso","Decaf","103"
"407","Florida","East","Major Market","112.0","195.0","83.0","54.0","27.0","575.0","70.0","80.0","110.0","190.0","6","12/01/10 00:00:00","Espresso","Decaf Espresso","Decaf","112"
"407","Florida","East","Major Market","67.0","121.0","54.0","54.0","20.0","391.0","10.0","40.0","40.0","80.0","9","11/01/10 00:00:00","Herbal Tea","Lemon","Decaf","67"
"407","Florida","East","Major Market","99.0","182.0","83.0","46.0","25.0","1063.0","50.0","60.0","80.0","140.0","10","09/01/10 00:00:00","Herbal Tea","Mint","Decaf","99"
"407","Florida","East","Major Market","96.0","188.0","80.0","46.0","24.0","1079.0","30.0","60.0","60.0","120.0","10","12/01/11 00:00:00","Herbal Tea","Mint","Decaf","108"
"408","California","West","Major Market","-27.0","135.0","154.0","94.0","50.0","1288.0","-120.0","190.0","-40.0","150.0","3","03/01/11 00:00:00","Coffee","Decaf Irish Cream","Decaf","-19"
"408","California","West","Major Market","225.0","384.0","162.0","167.0","147.0","943.0","60.0","150.0","220.0","370.0","5","07/01/11 00:00:00","Espresso","Caffe Mocha","Regular","222"
"408","California","West","Major Market","145.0","245.0","100.0","39.0","28.0","822.0","110.0","80.0","130.0","210.0","8","04/01/10 00:00:00","Herbal Tea","Chamomile","Decaf","145"
"408","California","West","Major Market","139.0","249.0","95.0","38.0","26.0","799.0","100.0","80.0","120.0","200.0","8","03/01/11 00:00:00","Herbal Tea","Chamomile","Decaf","154"
"408","California","West","Major Market","107.0","190.0","83.0","40.0","27.0","574.0","60.0","70.0","90.0","160.0","10","06/01/10 00:00:00","Herbal Tea","Mint","Decaf","107"
"408","California","West","Major Market","107.0","202.0","83.0","39.0","27.0","613.0","60.0","70.0","90.0","160.0","10","02/01/11 00:00:00","Herbal Tea","Mint","Decaf","119"
"408","California","West","Major Market","79.0","142.0","54.0","26.0","15.0","601.0","50.0","30.0","60.0","90.0","12","12/01/11 00:00:00","Tea","Earl Grey","Regular","88"
"409","Texas","South","Major Market","245.0","452.0","207.0","86.0","64.0","965.0","220.0","260.0","300.0","560.0","2","01/01/10 00:00:00","Coffee","Columbian","Regular","245"
"409","Texas","South","Major Market","284.0","559.0","241.0","96.0","74.0","1321.0","240.0","280.0","340.0","620.0","2","12/01/11 00:00:00","Coffee","Columbian","Regular","318"
"409","Texas","South","Major Market","172.0","290.0","118.0","45.0","33.0","930.0","100.0","90.0","130.0","220.0","5","11/01/10 00:00:00","Espresso","Caffe Mocha","Regular","172"
"409","Texas","South","Major Market","144.0","259.0","99.0","38.0","27.0","766.0","100.0","80.0","120.0","200.0","5","02/01/11 00:00:00","Espresso","Caffe Mocha","Regular","160"
"409","Texas","South","Major Market","126.0","227.0","87.0","35.0","24.0","756.0","90.0","70.0","110.0","180.0","5","03/01/11 00:00:00","Espresso","Caffe Mocha","Regular","140"
"409","Texas","South","Major Market","80.0","150.0","54.0","27.0","15.0","456.0","60.0","40.0","70.0","110.0","6","01/01/11 00:00:00","Espresso","Decaf Espresso","Decaf","96"
"409","Texas","South","Major Market","136.0","228.0","94.0","34.0","26.0","562.0","90.0","80.0","110.0","190.0","6","06/01/11 00:00:00","Espresso","Decaf Espresso","Decaf","134"
"409","Texas","South","Major Market","55.0","93.0","38.0","35.0","12.0","414.0","30.0","30.0","60.0","90.0","9","06/01/10 00:00:00","Herbal Tea","Lemon","Decaf","55"
"409","Texas","South","Major Market","64.0","107.0","43.0","36.0","13.0","419.0","50.0","30.0","60.0","90.0","9","10/01/10 00:00:00","Herbal Tea","Lemon","Decaf","64"
"409","Texas","South","Major Market","96.0","159.0","64.0","48.0","21.0","-161.0","50.0","50.0","80.0","130.0","4","05/01/11 00:00:00","Espresso","Caffe Latte","Regular","95"
"413","Massachusetts","East","Major Market","422.0","494.0","72.0","55.0","23.0","558.0","360.0","60.0","400.0","460.0","2","01/01/10 00:00:00","Coffee","Columbian","Regular","422"
"413","Massachusetts","East","Major Market","516.0","576.0","60.0","51.0","19.0","-2572.0","460.0","50.0","490.0","540.0","2","09/01/10 00:00:00","Coffee","Columbian","Regular","516"
"413","Massachusetts","East","Major Market","422.0","553.0","72.0","58.0","23.0","558.0","360.0","60.0","400.0","460.0","2","01/01/11 00:00:00","Coffee","Columbian","Regular","481"
"413","Massachusetts","East","Major Market","29.0","49.0","20.0","17.0","5.0","464.0","20.0","20.0","30.0","50.0","13","05/01/10 00:00:00","Tea","Green Tea","Regular","29"
"413","Massachusetts","East","Major Market","26.0","44.0","18.0","16.0","5.0","478.0","20.0","10.0","30.0","40.0","13","06/01/10 00:00:00","Tea","Green Tea","Regular","26"
"413","Massachusetts","East","Major Market","32.0","53.0","21.0","17.0","5.0","480.0","30.0","20.0","30.0","50.0","13","10/01/10 00:00:00","Tea","Green Tea","Regular","32"
"413","Massachusetts","East","Major Market","61.0","114.0","53.0","77.0","48.0","491.0","0.0","50.0","60.0","110.0","5","05/01/10 00:00:00","Espresso","Caffe Mocha","Regular","61"
"413","Massachusetts","East","Major Market","61.0","113.0","53.0","72.0","48.0","491.0","0.0","50.0","60.0","110.0","5","05/01/11 00:00:00","Espresso","Caffe Mocha","Regular","60"
"413","Massachusetts","East","Major Market","72.0","110.0","39.0","60.0","36.0","560.0","20.0","30.0","70.0","100.0","5","07/01/11 00:00:00","Espresso","Caffe Mocha","Regular","71"
"413","Massachusetts","East","Major Market","65.0","117.0","53.0","49.0","20.0","361.0","20.0","40.0","50.0","90.0","9","05/01/11 00:00:00","Herbal Tea","Lemon","Decaf","64"
"413","Massachusetts","East","Major Market","34.0","57.0","23.0","18.0","6.0","868.0","30.0","20.0","40.0","60.0","11","07/01/10 00:00:00","Tea","Darjeeling","Regular","34"
"413","Massachusetts","East","Major Market","47.0","84.0","32.0","19.0","8.0","813.0","40.0","30.0","50.0","80.0","11","03/01/11 00:00:00","Tea","Darjeeling","Regular","52"
"413","Massachusetts","East","Major Market","34.0","56.0","23.0","17.0","6.0","868.0","30.0","20.0","40.0","60.0","11","07/01/11 00:00:00","Tea","Darjeeling","Regular","33"
"413","Massachusetts","East","Major Market","146.0","291.0","145.0","64.0","40.0","1292.0","100.0","130.0","150.0","280.0","7","08/01/10 00:00:00","Espresso","Regular Espresso","Regular","146"
"413","Massachusetts","East","Major Market","149.0","295.0","149.0","61.0","41.0","1245.0","100.0","140.0","150.0","290.0","7","06/01/11 00:00:00","Espresso","Regular Espresso","Regular","146"
"414","Wisconsin","Central","Small Market","82.0","149.0","67.0","59.0","25.0","391.0","30.0","70.0","80.0","150.0","1","09/01/10 00:00:00","Coffee","Amaretto","Regular","82"
"414","Wisconsin","Central","Small Market","72.0","129.0","58.0","51.0","22.0","338.0","20.0","60.0","70.0","130.0","1","05/01/11 00:00:00","Coffee","Amaretto","Regular","71"
"414","Wisconsin","Central","Small Market","77.0","139.0","63.0","52.0","23.0","397.0","30.0","60.0","80.0","140.0","1","08/01/11 00:00:00","Coffee","Amaretto","Regular","76"
"414","Wisconsin","Central","Small Market","70.0","134.0","56.0","55.0","21.0","385.0","50.0","40.0","80.0","120.0","1","10/01/11 00:00:00","Coffee","Amaretto","Regular","78"
"414","Wisconsin","Central","Small Market","130.0","223.0","93.0","114.0","84.0","692.0","40.0","90.0","140.0","230.0","2","09/01/10 00:00:00","Coffee","Columbian","Regular","130"
"414","Wisconsin","Central","Small Market","134.0","245.0","96.0","116.0","87.0","683.0","60.0","90.0","140.0","230.0","2","10/01/11 00:00:00","Coffee","Columbian","Regular","149"
"414","Wisconsin","Central","Small Market","103.0","180.0","77.0","52.0","25.0","432.0","60.0","80.0","100.0","180.0","3","01/01/10 00:00:00","Coffee","Decaf Irish Cream","Decaf","103"
"414","Wisconsin","Central","Small Market","103.0","180.0","77.0","53.0","25.0","423.0","60.0","80.0","100.0","180.0","3","02/01/10 00:00:00","Coffee","Decaf Irish Cream","Decaf","103"
"414","Wisconsin","Central","Small Market","108.0","188.0","80.0","53.0","26.0","415.0","70.0","80.0","110.0","190.0","3","03/01/10 00:00:00","Coffee","Decaf Irish Cream","Decaf","108"
"414","Wisconsin","Central","Small Market","112.0","195.0","83.0","54.0","27.0","433.0","80.0","80.0","120.0","200.0","3","04/01/10 00:00:00","Coffee","Decaf Irish Cream","Decaf","112"
"414","Wisconsin","Central","Small Market","132.0","231.0","99.0","59.0","32.0","565.0","90.0","100.0","140.0","240.0","3","08/01/10 00:00:00","Coffee","Decaf Irish Cream","Decaf","132"
"414","Wisconsin","Central","Small Market","103.0","201.0","77.0","55.0","25.0","432.0","60.0","80.0","100.0","180.0","3","01/01/11 00:00:00","Coffee","Decaf Irish Cream","Decaf","124"
"414","Wisconsin","Central","Small Market","114.0","212.0","85.0","56.0","28.0","555.0","70.0","90.0","110.0","200.0","3","09/01/11 00:00:00","Coffee","Decaf Irish Cream","Decaf","127"
"414","Wisconsin","Central","Small Market","112.0","208.0","83.0","55.0","27.0","575.0","70.0","80.0","110.0","190.0","3","12/01/11 00:00:00","Coffee","Decaf Irish Cream","Decaf","125"
"414","Wisconsin","Central","Small Market","81.0","150.0","69.0","43.0","21.0","965.0","50.0","80.0","90.0","170.0","5","01/01/10 00:00:00","Espresso","Caffe Mocha","Regular","81"
"414","Wisconsin","Central","Small Market","84.0","154.0","70.0","42.0","21.0","957.0","60.0","80.0","100.0","180.0","5","02/01/10 00:00:00","Espresso","Caffe Mocha","Regular","84"
"414","Wisconsin","Central","Small Market","99.0","182.0","83.0","46.0","25.0","1063.0","80.0","90.0","120.0","210.0","5","09/01/10 00:00:00","Espresso","Caffe Mocha","Regular","99"
"414","Wisconsin","Central","Small Market","84.0","165.0","71.0","43.0","22.0","950.0","60.0","80.0","100.0","180.0","5","03/01/11 00:00:00","Espresso","Caffe Mocha","Regular","94"
"414","Wisconsin","Central","Small Market","62.0","109.0","48.0","26.0","15.0","593.0","50.0","50.0","70.0","120.0","6","06/01/11 00:00:00","Espresso","Decaf Espresso","Decaf","61"
"414","Wisconsin","Central","Small Market","99.0","159.0","60.0","42.0","18.0","329.0","80.0","40.0","80.0","120.0","8","10/01/10 00:00:00","Herbal Tea","Chamomile","Decaf","99"
"414","Wisconsin","Central","Small Market","84.0","142.0","49.0","38.0","15.0","342.0","50.0","40.0","70.0","110.0","8","04/01/11 00:00:00","Herbal Tea","Chamomile","Decaf","93"
"414","Wisconsin","Central","Small Market","78.0","124.0","47.0","35.0","14.0","371.0","50.0","40.0","70.0","110.0","8","06/01/11 00:00:00","Herbal Tea","Chamomile","Decaf","77"
"414","Wisconsin","Central","Small Market","79.0","125.0","47.0","35.0","14.0","366.0","50.0","40.0","70.0","110.0","8","08/01/11 00:00:00","Herbal Tea","Chamomile","Decaf","78"
"414","Wisconsin","Central","Small Market","75.0","134.0","51.0","25.0","14.0","857.0","60.0","40.0","70.0","110.0","9","09/01/11 00:00:00","Herbal Tea","Lemon","Decaf","83"
"414","Wisconsin","Central","Small Market","77.0","129.0","52.0","39.0","16.0","376.0","40.0","40.0","70.0","110.0","11","03/01/10 00:00:00","Tea","Darjeeling","Regular","77"
"414","Wisconsin","Central","Small Market","90.0","155.0","65.0","87.0","58.0","513.0","10.0","50.0","80.0","130.0","12","02/01/10 00:00:00","Tea","Earl Grey","Regular","90"
"414","Wisconsin","Central","Small Market","87.0","150.0","63.0","86.0","57.0","521.0","10.0","50.0","80.0","130.0","12","04/01/10 00:00:00","Tea","Earl Grey","Regular","87"
"414","Wisconsin","Central","Small Market","75.0","127.0","53.0","72.0","48.0","597.0","10.0","40.0","70.0","110.0","12","06/01/11 00:00:00","Tea","Earl Grey","Regular","74"
"415","California","West","Major Market","387.0","645.0","258.0","142.0","90.0","2067.0","360.0","320.0","480.0","800.0","2","02/01/10 00:00:00","Coffee","Columbian","Regular","387"
"415","California","West","Major Market","-31.0","169.0","200.0","111.0","66.0","2393.0","-140.0","250.0","-40.0","210.0","3","06/01/10 00:00:00","Coffee","Decaf Irish Cream","Decaf","-31"
"415","California","West","Major Market","108.0","180.0","72.0","54.0","23.0","541.0","50.0","40.0","80.0","120.0","13","03/01/10 00:00:00","Tea","Green Tea","Regular","108"
"415","California","West","Major Market","102.0","170.0","68.0","54.0","22.0","559.0","40.0","40.0","70.0","110.0","13","04/01/10 00:00:00","Tea","Green Tea","Regular","102"
"415","California","West","Major Market","79.0","131.0","52.0","49.0","17.0","668.0","20.0","30.0","50.0","80.0","13","07/01/10 00:00:00","Tea","Green Tea","Regular","79"
"415","California","West","Major Market","173.0","318.0","125.0","147.0","113.0","729.0","30.0","120.0","160.0","280.0","5","04/01/11 00:00:00","Espresso","Caffe Mocha","Regular","193"
"415","California","West","Major Market","335.0","626.0","252.0","115.0","83.0","1316.0","220.0","240.0","320.0","560.0","6","04/01/11 00:00:00","Espresso","Decaf Espresso","Decaf","374"
"415","California","West","Major Market","341.0","637.0","257.0","116.0","84.0","1662.0","240.0","230.0","320.0","550.0","6","10/01/11 00:00:00","Espresso","Decaf Espresso","Decaf","380"
"415","California","West","Major Market","145.0","261.0","100.0","39.0","28.0","822.0","110.0","80.0","130.0","210.0","8","04/01/11 00:00:00","Herbal Tea","Chamomile","Decaf","161"
"415","California","West","Major Market","284.0","525.0","241.0","96.0","74.0","1321.0","170.0","220.0","260.0","480.0","9","12/01/10 00:00:00","Herbal Tea","Lemon","Decaf","284"
"415","California","West","Major Market","247.0","486.0","209.0","85.0","64.0","969.0","170.0","170.0","230.0","400.0","9","04/01/11 00:00:00","Herbal Tea","Lemon","Decaf","277"
"415","California","West","Major Market","288.0","527.0","244.0","89.0","75.0","1213.0","190.0","200.0","260.0","460.0","9","06/01/11 00:00:00","Herbal Tea","Lemon","Decaf","283"
"415","California","West","Major Market","126.0","213.0","87.0","35.0","24.0","756.0","80.0","50.0","90.0","140.0","11","03/01/10 00:00:00","Tea","Darjeeling","Regular","126"
"415","California","West","Major Market","136.0","230.0","94.0","38.0","26.0","562.0","80.0","60.0","90.0","150.0","12","06/01/10 00:00:00","Tea","Earl Grey","Regular","136"
"415","California","West","Major Market","261.0","521.0","260.0","96.0","72.0","1559.0","180.0","240.0","260.0","500.0","4","05/01/10 00:00:00","Espresso","Caffe Latte","Regular","261"
"415","California","West","Major Market","239.0","509.0","239.0","91.0","66.0","1464.0","150.0","220.0","230.0","450.0","4","04/01/11 00:00:00","Espresso","Caffe Latte","Regular","270"
"417","Missouri","Central","Small Market","88.0","160.0","72.0","61.0","27.0","606.0","40.0","70.0","90.0","160.0","2","08/01/10 00:00:00","Coffee","Columbian","Regular","88"
"417","Missouri","Central","Small Market","60.0","109.0","50.0","33.0","15.0","1064.0","30.0","50.0","60.0","110.0","3","08/01/11 00:00:00","Coffee","Decaf Irish Cream","Decaf","59"
"417","Missouri","Central","Small Market","81.0","160.0","69.0","43.0","21.0","1060.0","40.0","60.0","80.0","140.0","3","11/01/11 00:00:00","Coffee","Decaf Irish Cream","Decaf","91"
"417","Missouri","Central","Small Market","42.0","76.0","34.0","46.0","12.0","197.0","0.0","20.0","40.0","60.0","13","01/01/10 00:00:00","Tea","Green Tea","Regular","42"
"417","Missouri","Central","Small Market","48.0","86.0","38.0","47.0","14.0","248.0","0.0","30.0","40.0","70.0","13","08/01/10 00:00:00","Tea","Green Tea","Regular","48"
"417","Missouri","Central","Small Market","46.0","81.0","36.0","43.0","13.0","252.0","0.0","30.0","40.0","70.0","13","07/01/11 00:00:00","Tea","Green Tea","Regular","45"
"417","Missouri","Central","Small Market","48.0","80.0","32.0","20.0","8.0","841.0","50.0","30.0","60.0","90.0","6","08/01/10 00:00:00","Espresso","Decaf Espresso","Decaf","48"
"417","Missouri","Central","Small Market","47.0","79.0","32.0","20.0","8.0","837.0","50.0","30.0","60.0","90.0","6","09/01/10 00:00:00","Espresso","Decaf Espresso","Decaf","47"
"417","Missouri","Central","Small Market","47.0","84.0","32.0","19.0","8.0","833.0","80.0","30.0","80.0","110.0","6","10/01/11 00:00:00","Espresso","Decaf Espresso","Decaf","52"
"417","Missouri","Central","Small Market","61.0","104.0","43.0","69.0","39.0","282.0","10.0","30.0","60.0","90.0","8","05/01/10 00:00:00","Herbal Tea","Chamomile","Decaf","61"
"417","Missouri","Central","Small Market","69.0","118.0","49.0","74.0","44.0","335.0","0.0","40.0","60.0","100.0","8","12/01/10 00:00:00","Herbal Tea","Chamomile","Decaf","69"
"417","Missouri","Central","Small Market","63.0","114.0","44.0","69.0","40.0","251.0","10.0","30.0","60.0","90.0","8","03/01/11 00:00:00","Herbal Tea","Chamomile","Decaf","70"
"417","Missouri","Central","Small Market","63.0","114.0","44.0","69.0","40.0","261.0","10.0","30.0","60.0","90.0","8","04/01/11 00:00:00","Herbal Tea","Chamomile","Decaf","70"
"417","Missouri","Central","Small Market","18.0","102.0","84.0","50.0","26.0","625.0","-20.0","70.0","10.0","80.0","9","02/01/10 00:00:00","Herbal Tea","Lemon","Decaf","18"
"417","Missouri","Central","Small Market","49.0","169.0","120.0","61.0","37.0","1334.0","0.0","100.0","40.0","140.0","9","07/01/10 00:00:00","Herbal Tea","Lemon","Decaf","49"
"417","Missouri","Central","Small Market","23.0","116.0","86.0","49.0","26.0","1698.0","10.0","60.0","20.0","80.0","9","10/01/11 00:00:00","Herbal Tea","Lemon","Decaf","30"
"417","Missouri","Central","Small Market","68.0","171.0","92.0","52.0","28.0","1898.0","20.0","80.0","60.0","140.0","9","12/01/11 00:00:00","Herbal Tea","Lemon","Decaf","79"
"417","Missouri","Central","Small Market","49.0","85.0","36.0","38.0","11.0","187.0","10.0","30.0","40.0","70.0","11","03/01/10 00:00:00","Tea","Darjeeling","Regular","49"
"417","Missouri","Central","Small Market","47.0","82.0","35.0","38.0","11.0","248.0","10.0","20.0","40.0","60.0","11","11/01/10 00:00:00","Tea","Darjeeling","Regular","47"
"417","Missouri","Central","Small Market","47.0","87.0","35.0","38.0","11.0","191.0","10.0","30.0","40.0","70.0","11","02/01/11 00:00:00","Tea","Darjeeling","Regular","52"
"417","Missouri","Central","Small Market","51.0","94.0","37.0","40.0","12.0","195.0","10.0","30.0","40.0","70.0","11","04/01/11 00:00:00","Tea","Darjeeling","Regular","57"
"417","Missouri","Central","Small Market","53.0","91.0","39.0","36.0","12.0","212.0","20.0","30.0","50.0","80.0","11","05/01/11 00:00:00","Tea","Darjeeling","Regular","52"
"417","Missouri","Central","Small Market","42.0","75.0","33.0","45.0","12.0","162.0","0.0","20.0","40.0","60.0","12","03/01/10 00:00:00","Tea","Earl Grey","Regular","42"
"417","Missouri","Central","Small Market","31.0","56.0","25.0","42.0","9.0","209.0","0.0","10.0","20.0","30.0","12","10/01/10 00:00:00","Tea","Earl Grey","Regular","31"
"417","Missouri","Central","Small Market","36.0","69.0","29.0","45.0","11.0","169.0","-10.0","20.0","30.0","50.0","12","04/01/11 00:00:00","Tea","Earl Grey","Regular","40"
"417","Missouri","Central","Small Market","42.0","75.0","34.0","43.0","12.0","182.0","0.0","20.0","40.0","60.0","12","05/01/11 00:00:00","Tea","Earl Grey","Regular","41"
"419","Ohio","Central","Major Market","62.0","107.0","46.0","40.0","15.0","415.0","40.0","40.0","70.0","110.0","1","08/01/11 00:00:00","Coffee","Amaretto","Regular","61"
"419","Ohio","Central","Major Market","64.0","107.0","43.0","35.0","13.0","424.0","40.0","40.0","70.0","110.0","2","09/01/10 00:00:00","Coffee","Columbian","Regular","64"
"419","Ohio","Central","Major Market","65.0","112.0","47.0","71.0","42.0","521.0","10.0","40.0","70.0","110.0","3","12/01/10 00:00:00","Coffee","Decaf Irish Cream","Decaf","65"
"419","Ohio","Central","Major Market","149.0","298.0","149.0","66.0","41.0","1245.0","120.0","170.0","180.0","350.0","5","06/01/10 00:00:00","Espresso","Caffe Mocha","Regular","149"
"419","Ohio","Central","Major Market","67.0","121.0","54.0","54.0","20.0","337.0","30.0","60.0","80.0","140.0","6","04/01/10 00:00:00","Espresso","Decaf Espresso","Decaf","67"
"419","Ohio","Central","Major Market","64.0","115.0","51.0","52.0","19.0","396.0","30.0","50.0","80.0","130.0","6","06/01/10 00:00:00","Espresso","Decaf Espresso","Decaf","64"
"419","Ohio","Central","Major Market","69.0","124.0","55.0","53.0","20.0","410.0","40.0","70.0","80.0","150.0","6","11/01/10 00:00:00","Espresso","Decaf Espresso","Decaf","69"
"419","Ohio","Central","Major Market","67.0","129.0","54.0","54.0","20.0","337.0","30.0","60.0","80.0","140.0","6","04/01/11 00:00:00","Espresso","Decaf Espresso","Decaf","75"
"419","Ohio","Central","Major Market","57.0","109.0","45.0","51.0","17.0","409.0","30.0","50.0","70.0","120.0","6","09/01/11 00:00:00","Espresso","Decaf Espresso","Decaf","64"
"419","Ohio","Central","Major Market","66.0","128.0","54.0","54.0","20.0","404.0","70.0","70.0","100.0","170.0","6","10/01/11 00:00:00","Espresso","Decaf Espresso","Decaf","74"
"419","Ohio","Central","Major Market","57.0","110.0","46.0","51.0","17.0","422.0","40.0","50.0","80.0","130.0","6","12/01/11 00:00:00","Espresso","Decaf Espresso","Decaf","64"
"419","Ohio","Central","Major Market","29.0","49.0","20.0","17.0","5.0","464.0","30.0","10.0","30.0","40.0","8","05/01/10 00:00:00","Herbal Tea","Chamomile","Decaf","29"
"419","Ohio","Central","Major Market","34.0","60.0","22.0","17.0","6.0","452.0","30.0","10.0","30.0","40.0","8","02/01/11 00:00:00","Herbal Tea","Chamomile","Decaf","38"
"419","Ohio","Central","Major Market","43.0","72.0","29.0","20.0","8.0","862.0","40.0","20.0","40.0","60.0","9","09/01/10 00:00:00","Herbal Tea","Lemon","Decaf","43"
"419","Ohio","Central","Major Market","52.0","94.0","36.0","22.0","10.0","862.0","40.0","30.0","50.0","80.0","9","11/01/11 00:00:00","Herbal Tea","Lemon","Decaf","58"
"419","Ohio","Central","Major Market","123.0","218.0","82.0","58.0","27.0","788.0","60.0","50.0","90.0","140.0","11","10/01/11 00:00:00","Tea","Darjeeling","Regular","136"
"419","Ohio","Central","Major Market","143.0","245.0","102.0","54.0","31.0","666.0","70.0","80.0","120.0","200.0","12","11/01/10 00:00:00","Tea","Earl Grey","Regular","143"
"419","Ohio","Central","Major Market","125.0","228.0","89.0","51.0","27.0","481.0","70.0","70.0","110.0","180.0","12","03/01/11 00:00:00","Tea","Earl Grey","Regular","139"
"419","Ohio","Central","Major Market","195.0","333.0","141.0","62.0","43.0","692.0","110.0","120.0","170.0","290.0","12","07/01/11 00:00:00","Tea","Earl Grey","Regular","192"
"419","Ohio","Central","Major Market","161.0","275.0","116.0","54.0","35.0","678.0","100.0","90.0","150.0","240.0","12","08/01/11 00:00:00","Tea","Earl Grey","Regular","159"
"419","Ohio","Central","Major Market","127.0","232.0","91.0","51.0","28.0","656.0","80.0","50.0","100.0","150.0","12","10/01/11 00:00:00","Tea","Earl Grey","Regular","141"
"425","Washington","West","Small Market","114.0","193.0","79.0","48.0","25.0","425.0","110.0","90.0","150.0","240.0","2","06/01/10 00:00:00","Coffee","Columbian","Regular","114"
"425","Washington","West","Small Market","125.0","211.0","86.0","50.0","27.0","463.0","120.0","100.0","160.0","260.0","2","07/01/10 00:00:00","Coffee","Columbian","Regular","125"
"425","Washington","West","Small Market","93.0","156.0","63.0","43.0","20.0","446.0","70.0","70.0","110.0","180.0","2","11/01/10 00:00:00","Coffee","Columbian","Regular","93"
"425","Washington","West","Small Market","125.0","209.0","86.0","46.0","27.0","454.0","120.0","100.0","160.0","260.0","2","08/01/11 00:00:00","Coffee","Columbian","Regular","123"
"425","Washington","West","Small Market","99.0","178.0","68.0","43.0","21.0","445.0","80.0","80.0","120.0","200.0","2","09/01/11 00:00:00","Coffee","Columbian","Regular","110"
"425","Washington","West","Small Market","134.0","230.0","96.0","117.0","87.0","683.0","100.0","140.0","190.0","330.0","3","10/01/10 00:00:00","Coffee","Decaf Irish Cream","Decaf","134"
"425","Washington","West","Small Market","90.0","154.0","64.0","88.0","58.0","551.0","10.0","40.0","60.0","100.0","13","05/01/10 00:00:00","Tea","Green Tea","Regular","90"
"425","Washington","West","Small Market","87.0","149.0","62.0","85.0","56.0","612.0","10.0","40.0","60.0","100.0","13","09/01/10 00:00:00","Tea","Green Tea","Regular","87"
"425","Washington","West","Small Market","105.0","201.0","75.0","102.0","68.0","522.0","20.0","40.0","80.0","120.0","13","01/01/11 00:00:00","Tea","Green Tea","Regular","126"
"425","Washington","West","Small Market","90.0","165.0","65.0","87.0","58.0","513.0","10.0","40.0","60.0","100.0","13","02/01/11 00:00:00","Tea","Green Tea","Regular","100"
"425","Washington","West","Small Market","74.0","133.0","59.0","56.0","22.0","377.0","20.0","50.0","70.0","120.0","5","06/01/10 00:00:00","Espresso","Caffe Mocha","Regular","74"
"425","Washington","West","Small Market","77.0","140.0","63.0","57.0","23.0","397.0","20.0","60.0","70.0","130.0","5","08/01/10 00:00:00","Espresso","Caffe Mocha","Regular","77"
"425","Washington","West","Small Market","67.0","121.0","54.0","54.0","20.0","391.0","20.0","50.0","60.0","110.0","5","11/01/10 00:00:00","Espresso","Caffe Mocha","Regular","67"
"425","Washington","West","Small Market","70.0","134.0","56.0","54.0","21.0","385.0","50.0","40.0","70.0","110.0","5","10/01/11 00:00:00","Espresso","Caffe Mocha","Regular","78"
"425","Washington","West","Small Market","84.0","155.0","71.0","44.0","22.0","950.0","50.0","60.0","80.0","140.0","6","03/01/10 00:00:00","Espresso","Decaf Espresso","Decaf","84"
"425","Washington","West","Small Market","81.0","168.0","69.0","44.0","21.0","965.0","60.0","60.0","80.0","140.0","6","01/01/11 00:00:00","Espresso","Decaf Espresso","Decaf","99"
"425","Washington","West","Small Market","84.0","164.0","70.0","43.0","21.0","957.0","60.0","60.0","80.0","140.0","6","02/01/11 00:00:00","Espresso","Decaf Espresso","Decaf","94"
"425","Washington","West","Small Market","96.0","175.0","81.0","44.0","25.0","1046.0","60.0","70.0","90.0","160.0","6","06/01/11 00:00:00","Espresso","Decaf Espresso","Decaf","94"
"425","Washington","West","Small Market","123.0","224.0","103.0","48.0","31.0","1073.0","90.0","90.0","120.0","210.0","6","08/01/11 00:00:00","Espresso","Decaf Espresso","Decaf","121"
"425","Washington","West","Small Market","89.0","175.0","75.0","44.0","23.0","1063.0","40.0","70.0","80.0","150.0","6","11/01/11 00:00:00","Espresso","Decaf Espresso","Decaf","100"
"425","Washington","West","Small Market","135.0","225.0","90.0","60.0","29.0","1148.0","80.0","70.0","120.0","190.0","8","07/01/10 00:00:00","Herbal Tea","Chamomile","Decaf","135"
"425","Washington","West","Small Market","135.0","223.0","90.0","56.0","29.0","1148.0","80.0","70.0","120.0","190.0","8","07/01/11 00:00:00","Herbal Tea","Chamomile","Decaf","133"
"425","Washington","West","Small Market","71.0","119.0","48.0","24.0","13.0","829.0","60.0","30.0","60.0","90.0","9","10/01/10 00:00:00","Herbal Tea","Lemon","Decaf","71"
"425","Washington","West","Small Market","71.0","120.0","49.0","25.0","13.0","845.0","50.0","40.0","70.0","110.0","9","12/01/10 00:00:00","Herbal Tea","Lemon","Decaf","71"
"425","Washington","West","Small Market","59.0","98.0","40.0","20.0","11.0","843.0","50.0","30.0","50.0","80.0","9","07/01/11 00:00:00","Herbal Tea","Lemon","Decaf","58"
"425","Washington","West","Small Market","71.0","127.0","48.0","24.0","13.0","834.0","50.0","40.0","60.0","100.0","9","09/01/11 00:00:00","Herbal Tea","Lemon","Decaf","79"
"425","Washington","West","Small Market","71.0","128.0","49.0","25.0","13.0","845.0","50.0","40.0","70.0","110.0","9","12/01/11 00:00:00","Herbal Tea","Lemon","Decaf","79"
"425","Washington","West","Small Market","94.0","151.0","57.0","40.0","17.0","349.0","40.0","30.0","70.0","100.0","11","09/01/10 00:00:00","Tea","Darjeeling","Regular","94"
"425","Washington","West","Small Market","88.0","141.0","53.0","39.0","16.0","321.0","50.0","30.0","70.0","100.0","11","11/01/10 00:00:00","Tea","Darjeeling","Regular","88"
"425","Washington","West","Small Market","105.0","178.0","62.0","43.0","19.0","346.0","40.0","40.0","70.0","110.0","11","03/01/11 00:00:00","Tea","Darjeeling","Regular","116"
"425","Washington","West","Small Market","82.0","129.0","48.0","35.0","14.0","351.0","30.0","30.0","50.0","80.0","11","05/01/11 00:00:00","Tea","Darjeeling","Regular","81"
"425","Washington","West","Small Market","79.0","125.0","47.0","34.0","14.0","366.0","30.0","30.0","50.0","80.0","11","08/01/11 00:00:00","Tea","Darjeeling","Regular","78"
"425","Washington","West","Small Market","99.0","169.0","60.0","42.0","18.0","329.0","40.0","20.0","50.0","70.0","11","10/01/11 00:00:00","Tea","Darjeeling","Regular","109"
"425","Washington","West","Small Market","81.0","146.0","56.0","40.0","17.0","382.0","40.0","30.0","60.0","90.0","12","02/01/11 00:00:00","Tea","Earl Grey","Regular","90"
"425","Washington","West","Small Market","65.0","109.0","45.0","35.0","14.0","410.0","30.0","20.0","50.0","70.0","12","05/01/11 00:00:00","Tea","Earl Grey","Regular","64"
"425","Washington","West","Small Market","62.0","110.0","48.0","27.0","15.0","623.0","40.0","40.0","60.0","100.0","4","01/01/10 00:00:00","Espresso","Caffe Latte","Regular","62"
"425","Washington","West","Small Market","63.0","119.0","49.0","28.0","16.0","611.0","40.0","40.0","60.0","100.0","4","03/01/11 00:00:00","Espresso","Caffe Latte","Regular","70"
"425","Washington","West","Small Market","58.0","110.0","45.0","26.0","14.0","605.0","30.0","40.0","50.0","90.0","4","04/01/11 00:00:00","Espresso","Caffe Latte","Regular","65"
"425","Washington","West","Small Market","39.0","68.0","30.0","20.0","9.0","581.0","30.0","20.0","40.0","60.0","4","08/01/11 00:00:00","Espresso","Caffe Latte","Regular","38"
"425","Washington","West","Small Market","30.0","55.0","22.0","19.0","7.0","570.0","20.0","20.0","30.0","50.0","4","11/01/11 00:00:00","Espresso","Caffe Latte","Regular","33"
"430","Texas","South","Major Market","277.0","512.0","235.0","94.0","72.0","1060.0","270.0","290.0","350.0","640.0","2","05/01/10 00:00:00","Coffee","Columbian","Regular","277"
"430","Texas","South","Major Market","307.0","567.0","260.0","101.0","80.0","1319.0","290.0","320.0","380.0","700.0","2","07/01/10 00:00:00","Coffee","Columbian","Regular","307"
"430","Texas","South","Major Market","252.0","496.0","213.0","88.0","66.0","942.0","240.0","260.0","320.0","580.0","2","02/01/11 00:00:00","Coffee","Columbian","Regular","283"
"430","Texas","South","Major Market","107.0","202.0","83.0","39.0","27.0","613.0","100.0","100.0","130.0","230.0","3","02/01/11 00:00:00","Coffee","Decaf Irish Cream","Decaf","119"
"430","Texas","South","Major Market","107.0","188.0","83.0","36.0","27.0","574.0","100.0","100.0","130.0","230.0","3","06/01/11 00:00:00","Coffee","Decaf Irish Cream","Decaf","105"
"430","Texas","South","Major Market","124.0","210.0","86.0","36.0","24.0","499.0","90.0","70.0","110.0","180.0","6","05/01/10 00:00:00","Espresso","Decaf Espresso","Decaf","124"
"430","Texas","South","Major Market","79.0","142.0","54.0","27.0","15.0","601.0","40.0","40.0","60.0","100.0","6","12/01/11 00:00:00","Espresso","Decaf Espresso","Decaf","88"
"430","Texas","South","Major Market","62.0","108.0","46.0","43.0","15.0","415.0","30.0","40.0","60.0","100.0","8","08/01/10 00:00:00","Herbal Tea","Chamomile","Decaf","62"
"430","Texas","South","Major Market","64.0","114.0","43.0","36.0","13.0","419.0","50.0","30.0","60.0","90.0","9","10/01/11 00:00:00","Herbal Tea","Lemon","Decaf","71"
"430","Texas","South","Major Market","60.0","108.0","41.0","36.0","13.0","435.0","30.0","30.0","60.0","90.0","9","12/01/11 00:00:00","Herbal Tea","Lemon","Decaf","67"
"430","Texas","South","Major Market","79.0","131.0","52.0","49.0","17.0","-587.0","40.0","40.0","70.0","110.0","4","08/01/10 00:00:00","Espresso","Caffe Latte","Regular","79"
"432","Texas","South","Major Market","281.0","554.0","239.0","96.0","74.0","1246.0","340.0","350.0","420.0","770.0","2","10/01/11 00:00:00","Coffee","Columbian","Regular","315"
"432","Texas","South","Major Market","265.0","522.0","225.0","91.0","69.0","1272.0","230.0","260.0","320.0","580.0","2","11/01/11 00:00:00","Coffee","Columbian","Regular","297"
"432","Texas","South","Major Market","107.0","190.0","83.0","39.0","27.0","613.0","100.0","100.0","130.0","230.0","3","02/01/10 00:00:00","Coffee","Decaf Irish Cream","Decaf","107"
"432","Texas","South","Major Market","163.0","274.0","113.0","40.0","31.0","897.0","120.0","90.0","140.0","230.0","5","06/01/11 00:00:00","Espresso","Caffe Mocha","Regular","161"
"432","Texas","South","Major Market","111.0","199.0","76.0","33.0","21.0","580.0","80.0","40.0","80.0","120.0","6","10/01/11 00:00:00","Espresso","Decaf Espresso","Decaf","123"
"432","Texas","South","Major Market","76.0","128.0","52.0","38.0","16.0","357.0","50.0","40.0","80.0","120.0","9","02/01/10 00:00:00","Herbal Tea","Lemon","Decaf","76"
"435","Utah","West","Small Market","90.0","165.0","75.0","44.0","23.0","956.0","70.0","90.0","110.0","200.0","1","02/01/10 00:00:00","Coffee","Amaretto","Regular","90"
"435","Utah","West","Small Market","89.0","163.0","74.0","44.0","22.0","949.0","70.0","90.0","110.0","200.0","1","03/01/10 00:00:00","Coffee","Amaretto","Regular","89"
"435","Utah","West","Small Market","91.0","167.0","76.0","44.0","23.0","965.0","70.0","90.0","110.0","200.0","1","04/01/10 00:00:00","Coffee","Amaretto","Regular","91"
"435","Utah","West","Small Market","80.0","148.0","68.0","42.0","21.0","998.0","60.0","80.0","100.0","180.0","1","05/01/10 00:00:00","Coffee","Amaretto","Regular","80"
"435","Utah","West","Small Market","77.0","142.0","65.0","41.0","20.0","1042.0","60.0","80.0","90.0","170.0","1","06/01/10 00:00:00","Coffee","Amaretto","Regular","77"
"435","Utah","West","Small Market","72.0","132.0","60.0","40.0","18.0","1070.0","60.0","70.0","90.0","160.0","1","07/01/10 00:00:00","Coffee","Amaretto","Regular","72"
"435","Utah","West","Small Market","77.0","142.0","65.0","41.0","20.0","1053.0","90.0","90.0","110.0","200.0","1","10/01/10 00:00:00","Coffee","Amaretto","Regular","77"
"435","Utah","West","Small Market","76.0","139.0","63.0","40.0","19.0","1075.0","50.0","70.0","90.0","160.0","1","12/01/10 00:00:00","Coffee","Amaretto","Regular","76"
"435","Utah","West","Small Market","89.0","174.0","74.0","44.0","22.0","949.0","70.0","90.0","110.0","200.0","1","03/01/11 00:00:00","Coffee","Amaretto","Regular","100"
"435","Utah","West","Small Market","80.0","147.0","68.0","39.0","21.0","998.0","60.0","80.0","100.0","180.0","1","05/01/11 00:00:00","Coffee","Amaretto","Regular","79"
"435","Utah","West","Small Market","77.0","141.0","65.0","38.0","20.0","1042.0","60.0","80.0","90.0","170.0","1","06/01/11 00:00:00","Coffee","Amaretto","Regular","76"
"435","Utah","West","Small Market","60.0","109.0","50.0","33.0","15.0","1064.0","40.0","60.0","70.0","130.0","1","08/01/11 00:00:00","Coffee","Amaretto","Regular","59"
"435","Utah","West","Small Market","74.0","145.0","62.0","41.0","19.0","1059.0","70.0","70.0","100.0","170.0","1","09/01/11 00:00:00","Coffee","Amaretto","Regular","83"
"435","Utah","West","Small Market","77.0","151.0","65.0","41.0","20.0","1053.0","90.0","90.0","110.0","200.0","1","10/01/11 00:00:00","Coffee","Amaretto","Regular","86"
"435","Utah","West","Small Market","81.0","160.0","69.0","42.0","21.0","1060.0","50.0","80.0","90.0","170.0","1","11/01/11 00:00:00","Coffee","Amaretto","Regular","91"
"435","Utah","West","Small Market","76.0","148.0","63.0","40.0","19.0","1075.0","50.0","70.0","90.0","160.0","1","12/01/11 00:00:00","Coffee","Amaretto","Regular","85"
"435","Utah","West","Small Market","75.0","130.0","55.0","45.0","18.0","312.0","70.0","60.0","100.0","160.0","2","01/01/10 00:00:00","Coffee","Columbian","Regular","75"
"435","Utah","West","Small Market","75.0","130.0","55.0","45.0","18.0","305.0","70.0","60.0","100.0","160.0","2","02/01/10 00:00:00","Coffee","Columbian","Regular","75"
"435","Utah","West","Small Market","68.0","119.0","51.0","43.0","16.0","311.0","50.0","60.0","80.0","140.0","2","04/01/10 00:00:00","Coffee","Columbian","Regular","68"
"435","Utah","West","Small Market","65.0","113.0","48.0","43.0","15.0","334.0","50.0","60.0","80.0","140.0","2","05/01/10 00:00:00","Coffee","Columbian","Regular","65"
"435","Utah","West","Small Market","56.0","98.0","42.0","41.0","13.0","384.0","40.0","50.0","70.0","120.0","2","08/01/10 00:00:00","Coffee","Columbian","Regular","56"
"435","Utah","West","Small Market","65.0","113.0","48.0","43.0","15.0","380.0","50.0","60.0","80.0","140.0","2","09/01/10 00:00:00","Coffee","Columbian","Regular","65"
"435","Utah","West","Small Market","64.0","111.0","47.0","42.0","15.0","375.0","80.0","50.0","100.0","150.0","2","10/01/10 00:00:00","Coffee","Columbian","Regular","64"
"435","Utah","West","Small Market","71.0","124.0","53.0","44.0","17.0","380.0","50.0","60.0","80.0","140.0","2","11/01/10 00:00:00","Coffee","Columbian","Regular","71"
"435","Utah","West","Small Market","75.0","145.0","55.0","47.0","18.0","312.0","70.0","60.0","100.0","160.0","2","01/01/11 00:00:00","Coffee","Columbian","Regular","90"
"435","Utah","West","Small Market","75.0","139.0","55.0","45.0","18.0","305.0","70.0","60.0","100.0","160.0","2","02/01/11 00:00:00","Coffee","Columbian","Regular","84"
"435","Utah","West","Small Market","68.0","127.0","51.0","43.0","16.0","311.0","50.0","60.0","80.0","140.0","2","04/01/11 00:00:00","Coffee","Columbian","Regular","76"
"435","Utah","West","Small Market","65.0","112.0","48.0","40.0","15.0","334.0","50.0","60.0","80.0","140.0","2","05/01/11 00:00:00","Coffee","Columbian","Regular","64"
"435","Utah","West","Small Market","62.0","107.0","46.0","40.0","15.0","367.0","50.0","50.0","80.0","130.0","2","06/01/11 00:00:00","Coffee","Columbian","Regular","61"
"435","Utah","West","Small Market","57.0","99.0","43.0","38.0","14.0","388.0","40.0","50.0","70.0","120.0","2","07/01/11 00:00:00","Coffee","Columbian","Regular","56"
"435","Utah","West","Small Market","56.0","97.0","42.0","38.0","13.0","384.0","40.0","50.0","70.0","120.0","2","08/01/11 00:00:00","Coffee","Columbian","Regular","55"
"435","Utah","West","Small Market","64.0","118.0","47.0","42.0","15.0","375.0","80.0","50.0","100.0","150.0","2","10/01/11 00:00:00","Coffee","Columbian","Regular","71"
"435","Utah","West","Small Market","71.0","132.0","53.0","44.0","17.0","380.0","50.0","60.0","80.0","140.0","2","11/01/11 00:00:00","Coffee","Columbian","Regular","79"
"435","Utah","West","Small Market","65.0","121.0","49.0","44.0","16.0","392.0","50.0","50.0","80.0","130.0","2","12/01/11 00:00:00","Coffee","Columbian","Regular","72"
"435","Utah","West","Small Market","107.0","193.0","86.0","66.0","32.0","484.0","80.0","100.0","140.0","240.0","3","02/01/10 00:00:00","Coffee","Decaf Irish Cream","Decaf","107"
"435","Utah","West","Small Market","104.0","189.0","85.0","66.0","32.0","476.0","70.0","100.0","130.0","230.0","3","03/01/10 00:00:00","Coffee","Decaf Irish Cream","Decaf","104"
"435","Utah","West","Small Market","98.0","178.0","80.0","64.0","30.0","494.0","70.0","100.0","120.0","220.0","3","04/01/10 00:00:00","Coffee","Decaf Irish Cream","Decaf","98"
"435","Utah","West","Small Market","96.0","173.0","77.0","62.0","29.0","529.0","70.0","90.0","120.0","210.0","3","05/01/10 00:00:00","Coffee","Decaf Irish Cream","Decaf","96"
"435","Utah","West","Small Market","93.0","169.0","76.0","61.0","28.0","580.0","70.0","90.0","120.0","210.0","3","06/01/10 00:00:00","Coffee","Decaf Irish Cream","Decaf","93"
"435","Utah","West","Small Market","93.0","169.0","76.0","62.0","28.0","613.0","70.0","90.0","120.0","210.0","3","07/01/10 00:00:00","Coffee","Decaf Irish Cream","Decaf","93"
"435","Utah","West","Small Market","88.0","160.0","72.0","61.0","27.0","606.0","60.0","90.0","110.0","200.0","3","08/01/10 00:00:00","Coffee","Decaf Irish Cream","Decaf","88"
"435","Utah","West","Small Market","98.0","177.0","79.0","64.0","30.0","593.0","120.0","100.0","160.0","260.0","3","10/01/10 00:00:00","Coffee","Decaf Irish Cream","Decaf","98"
"435","Utah","West","Small Market","85.0","153.0","68.0","59.0","25.0","619.0","50.0","80.0","100.0","180.0","3","12/01/10 00:00:00","Coffee","Decaf Irish Cream","Decaf","85"
"435","Utah","West","Small Market","107.0","206.0","86.0","66.0","32.0","484.0","80.0","100.0","140.0","240.0","3","02/01/11 00:00:00","Coffee","Decaf Irish Cream","Decaf","120"
"435","Utah","West","Small Market","104.0","201.0","85.0","66.0","32.0","476.0","70.0","100.0","130.0","230.0","3","03/01/11 00:00:00","Coffee","Decaf Irish Cream","Decaf","116"
"435","Utah","West","Small Market","96.0","171.0","77.0","58.0","29.0","529.0","70.0","90.0","120.0","210.0","3","05/01/11 00:00:00","Coffee","Decaf Irish Cream","Decaf","94"
"435","Utah","West","Small Market","93.0","167.0","76.0","57.0","28.0","580.0","70.0","90.0","120.0","210.0","3","06/01/11 00:00:00","Coffee","Decaf Irish Cream","Decaf","91"
"435","Utah","West","Small Market","93.0","167.0","76.0","58.0","28.0","613.0","70.0","90.0","120.0","210.0","3","07/01/11 00:00:00","Coffee","Decaf Irish Cream","Decaf","91"
"435","Utah","West","Small Market","83.0","160.0","67.0","59.0","25.0","599.0","50.0","80.0","100.0","180.0","3","09/01/11 00:00:00","Coffee","Decaf Irish Cream","Decaf","93"
"435","Utah","West","Small Market","98.0","189.0","79.0","64.0","30.0","593.0","120.0","100.0","160.0","260.0","3","10/01/11 00:00:00","Coffee","Decaf Irish Cream","Decaf","110"
"435","Utah","West","Small Market","102.0","196.0","82.0","64.0","31.0","601.0","60.0","90.0","120.0","210.0","3","11/01/11 00:00:00","Coffee","Decaf Irish Cream","Decaf","114"
"435","Utah","West","Small Market","36.0","65.0","29.0","45.0","11.0","169.0","10.0","10.0","30.0","40.0","13","01/01/10 00:00:00","Tea","Green Tea","Regular","36"
"435","Utah","West","Small Market","38.0","68.0","30.0","44.0","11.0","165.0","10.0","10.0","30.0","40.0","13","02/01/10 00:00:00","Tea","Green Tea","Regular","38"
"435","Utah","West","Small Market","42.0","75.0","33.0","46.0","12.0","162.0","10.0","20.0","30.0","50.0","13","03/01/10 00:00:00","Tea","Green Tea","Regular","42"
"435","Utah","West","Small Market","36.0","65.0","29.0","44.0","11.0","169.0","10.0","10.0","30.0","40.0","13","04/01/10 00:00:00","Tea","Green Tea","Regular","36"
"435","Utah","West","Small Market","43.0","78.0","35.0","46.0","13.0","204.0","10.0","20.0","30.0","50.0","13","06/01/10 00:00:00","Tea","Green Tea","Regular","43"
"435","Utah","West","Small Market","49.0","89.0","40.0","48.0","15.0","219.0","20.0","20.0","40.0","60.0","13","07/01/10 00:00:00","Tea","Green Tea","Regular","49"
"435","Utah","West","Small Market","36.0","65.0","29.0","45.0","11.0","215.0","10.0","10.0","30.0","40.0","13","08/01/10 00:00:00","Tea","Green Tea","Regular","36"
"435","Utah","West","Small Market","30.0","54.0","24.0","43.0","9.0","212.0","0.0","10.0","20.0","30.0","13","09/01/10 00:00:00","Tea","Green Tea","Regular","30"
"435","Utah","West","Small Market","31.0","56.0","25.0","43.0","9.0","209.0","10.0","0.0","20.0","20.0","13","10/01/10 00:00:00","Tea","Green Tea","Regular","31"
"435","Utah","West","Small Market","25.0","45.0","20.0","40.0","7.0","218.0","0.0","10.0","20.0","30.0","13","12/01/10 00:00:00","Tea","Green Tea","Regular","25"
"435","Utah","West","Small Market","36.0","73.0","29.0","47.0","11.0","169.0","10.0","10.0","30.0","40.0","13","01/01/11 00:00:00","Tea","Green Tea","Regular","44"
"435","Utah","West","Small Market","38.0","72.0","30.0","44.0","11.0","165.0","10.0","10.0","30.0","40.0","13","02/01/11 00:00:00","Tea","Green Tea","Regular","42"
"435","Utah","West","Small Market","42.0","80.0","33.0","46.0","12.0","162.0","10.0","20.0","30.0","50.0","13","03/01/11 00:00:00","Tea","Green Tea","Regular","47"
"435","Utah","West","Small Market","43.0","77.0","35.0","43.0","13.0","204.0","10.0","20.0","30.0","50.0","13","06/01/11 00:00:00","Tea","Green Tea","Regular","42"
"435","Utah","West","Small Market","49.0","88.0","40.0","45.0","15.0","219.0","20.0","20.0","40.0","60.0","13","07/01/11 00:00:00","Tea","Green Tea","Regular","48"
"435","Utah","West","Small Market","36.0","64.0","29.0","42.0","11.0","215.0","10.0","10.0","30.0","40.0","13","08/01/11 00:00:00","Tea","Green Tea","Regular","35"
"435","Utah","West","Small Market","30.0","58.0","24.0","43.0","9.0","212.0","0.0","10.0","20.0","30.0","13","09/01/11 00:00:00","Tea","Green Tea","Regular","34"
"435","Utah","West","Small Market","31.0","60.0","25.0","43.0","9.0","209.0","10.0","0.0","20.0","20.0","13","10/01/11 00:00:00","Tea","Green Tea","Regular","35"
"435","Utah","West","Small Market","42.0","81.0","34.0","45.0","12.0","211.0","0.0","20.0","30.0","50.0","13","11/01/11 00:00:00","Tea","Green Tea","Regular","47"
"435","Utah","West","Small Market","25.0","48.0","20.0","40.0","7.0","218.0","0.0","10.0","20.0","30.0","13","12/01/11 00:00:00","Tea","Green Tea","Regular","28"
"435","Utah","West","Small Market","63.0","112.0","49.0","29.0","16.0","623.0","40.0","40.0","60.0","100.0","5","01/01/10 00:00:00","Espresso","Caffe Mocha","Regular","63"
"435","Utah","West","Small Market","63.0","111.0","48.0","27.0","15.0","599.0","40.0","40.0","60.0","100.0","5","05/01/10 00:00:00","Espresso","Caffe Mocha","Regular","63"
"435","Utah","West","Small Market","63.0","111.0","48.0","28.0","15.0","593.0","40.0","40.0","60.0","100.0","5","06/01/10 00:00:00","Espresso","Caffe Mocha","Regular","63"
"435","Utah","West","Small Market","90.0","159.0","69.0","34.0","22.0","572.0","60.0","60.0","90.0","150.0","5","09/01/10 00:00:00","Espresso","Caffe Mocha","Regular","90"
"435","Utah","West","Small Market","130.0","231.0","101.0","45.0","33.0","552.0","90.0","90.0","130.0","220.0","5","11/01/10 00:00:00","Espresso","Caffe Mocha","Regular","130"
"435","Utah","West","Small Market","120.0","214.0","94.0","43.0","31.0","540.0","70.0","90.0","110.0","200.0","5","12/01/10 00:00:00","Espresso","Caffe Mocha","Regular","120"
"435","Utah","West","Small Market","63.0","125.0","49.0","30.0","16.0","623.0","40.0","40.0","60.0","100.0","5","01/01/11 00:00:00","Espresso","Caffe Mocha","Regular","76"
"435","Utah","West","Small Market","63.0","119.0","49.0","28.0","16.0","617.0","40.0","40.0","60.0","100.0","5","02/01/11 00:00:00","Espresso","Caffe Mocha","Regular","70"
"435","Utah","West","Small Market","67.0","127.0","52.0","30.0","17.0","605.0","50.0","40.0","70.0","110.0","5","04/01/11 00:00:00","Espresso","Caffe Mocha","Regular","75"
"435","Utah","West","Small Market","63.0","110.0","48.0","25.0","15.0","599.0","40.0","40.0","60.0","100.0","5","05/01/11 00:00:00","Espresso","Caffe Mocha","Regular","62"
"435","Utah","West","Small Market","60.0","105.0","46.0","26.0","15.0","587.0","40.0","40.0","60.0","100.0","5","07/01/11 00:00:00","Espresso","Caffe Mocha","Regular","59"
"435","Utah","West","Small Market","99.0","174.0","77.0","34.0","25.0","581.0","60.0","70.0","90.0","160.0","5","08/01/11 00:00:00","Espresso","Caffe Mocha","Regular","97"
"435","Utah","West","Small Market","133.0","251.0","103.0","46.0","33.0","564.0","110.0","80.0","130.0","210.0","5","10/01/11 00:00:00","Espresso","Caffe Mocha","Regular","148"
"435","Utah","West","Small Market","120.0","228.0","94.0","43.0","31.0","540.0","70.0","90.0","110.0","200.0","5","12/01/11 00:00:00","Espresso","Caffe Mocha","Regular","134"
"435","Utah","West","Small Market","73.0","123.0","50.0","26.0","14.0","821.0","50.0","40.0","70.0","110.0","6","01/01/10 00:00:00","Espresso","Decaf Espresso","Decaf","73"
"435","Utah","West","Small Market","73.0","123.0","50.0","25.0","14.0","814.0","50.0","40.0","70.0","110.0","6","02/01/10 00:00:00","Espresso","Decaf Espresso","Decaf","73"
"435","Utah","West","Small Market","72.0","121.0","49.0","25.0","13.0","809.0","50.0","40.0","70.0","110.0","6","03/01/10 00:00:00","Espresso","Decaf Espresso","Decaf","72"
"435","Utah","West","Small Market","68.0","115.0","47.0","25.0","13.0","821.0","50.0","40.0","70.0","110.0","6","04/01/10 00:00:00","Espresso","Decaf Espresso","Decaf","68"
"435","Utah","West","Small Market","65.0","109.0","44.0","23.0","12.0","844.0","40.0","40.0","60.0","100.0","6","05/01/10 00:00:00","Espresso","Decaf Espresso","Decaf","65"
"435","Utah","West","Small Market","55.0","92.0","37.0","21.0","10.0","876.0","40.0","30.0","50.0","80.0","6","06/01/10 00:00:00","Espresso","Decaf Espresso","Decaf","55"
"435","Utah","West","Small Market","49.0","83.0","34.0","21.0","9.0","890.0","30.0","30.0","40.0","70.0","6","08/01/10 00:00:00","Espresso","Decaf Espresso","Decaf","49"
"435","Utah","West","Small Market","64.0","108.0","44.0","24.0","12.0","886.0","40.0","40.0","60.0","100.0","6","09/01/10 00:00:00","Espresso","Decaf Espresso","Decaf","64"
"435","Utah","West","Small Market","59.0","99.0","40.0","22.0","11.0","881.0","60.0","20.0","60.0","80.0","6","10/01/10 00:00:00","Espresso","Decaf Espresso","Decaf","59"
"435","Utah","West","Small Market","78.0","132.0","54.0","26.0","15.0","885.0","50.0","50.0","70.0","120.0","6","11/01/10 00:00:00","Espresso","Decaf Espresso","Decaf","78"
"435","Utah","West","Small Market","73.0","123.0","50.0","26.0","14.0","898.0","50.0","40.0","70.0","110.0","6","12/01/10 00:00:00","Espresso","Decaf Espresso","Decaf","73"
"435","Utah","West","Small Market","73.0","138.0","50.0","27.0","14.0","821.0","50.0","40.0","70.0","110.0","6","01/01/11 00:00:00","Espresso","Decaf Espresso","Decaf","88"
"435","Utah","West","Small Market","73.0","131.0","50.0","25.0","14.0","814.0","50.0","40.0","70.0","110.0","6","02/01/11 00:00:00","Espresso","Decaf Espresso","Decaf","81"
"435","Utah","West","Small Market","72.0","129.0","49.0","25.0","13.0","809.0","50.0","40.0","70.0","110.0","6","03/01/11 00:00:00","Espresso","Decaf Espresso","Decaf","80"
"435","Utah","West","Small Market","68.0","123.0","47.0","25.0","13.0","821.0","50.0","40.0","70.0","110.0","6","04/01/11 00:00:00","Espresso","Decaf Espresso","Decaf","76"
"435","Utah","West","Small Market","65.0","108.0","44.0","21.0","12.0","844.0","40.0","40.0","60.0","100.0","6","05/01/11 00:00:00","Espresso","Decaf Espresso","Decaf","64"
"435","Utah","West","Small Market","55.0","91.0","37.0","20.0","10.0","876.0","40.0","30.0","50.0","80.0","6","06/01/11 00:00:00","Espresso","Decaf Espresso","Decaf","54"
"435","Utah","West","Small Market","52.0","86.0","35.0","20.0","9.0","894.0","40.0","30.0","50.0","80.0","6","07/01/11 00:00:00","Espresso","Decaf Espresso","Decaf","51"
"435","Utah","West","Small Market","49.0","82.0","34.0","20.0","9.0","890.0","30.0","30.0","40.0","70.0","6","08/01/11 00:00:00","Espresso","Decaf Espresso","Decaf","48"
"435","Utah","West","Small Market","64.0","115.0","44.0","24.0","12.0","886.0","40.0","40.0","60.0","100.0","6","09/01/11 00:00:00","Espresso","Decaf Espresso","Decaf","71"
"435","Utah","West","Small Market","59.0","106.0","40.0","22.0","11.0","881.0","60.0","20.0","60.0","80.0","6","10/01/11 00:00:00","Espresso","Decaf Espresso","Decaf","66"
"435","Utah","West","Small Market","78.0","141.0","54.0","26.0","15.0","885.0","50.0","50.0","70.0","120.0","6","11/01/11 00:00:00","Espresso","Decaf Espresso","Decaf","87"
"435","Utah","West","Small Market","73.0","131.0","50.0","26.0","14.0","898.0","50.0","40.0","70.0","110.0","6","12/01/11 00:00:00","Espresso","Decaf Espresso","Decaf","81"
"435","Utah","West","Small Market","60.0","101.0","41.0","36.0","13.0","236.0","30.0","30.0","50.0","80.0","8","02/01/10 00:00:00","Herbal Tea","Chamomile","Decaf","60"
"435","Utah","West","Small Market","64.0","107.0","43.0","36.0","13.0","231.0","40.0","30.0","60.0","90.0","8","03/01/10 00:00:00","Herbal Tea","Chamomile","Decaf","64"
"435","Utah","West","Small Market","72.0","121.0","49.0","38.0","15.0","241.0","30.0","40.0","60.0","100.0","8","04/01/10 00:00:00","Herbal Tea","Chamomile","Decaf","72"
"435","Utah","West","Small Market","74.0","125.0","51.0","40.0","16.0","265.0","40.0","40.0","70.0","110.0","8","05/01/10 00:00:00","Herbal Tea","Chamomile","Decaf","74"
"435","Utah","West","Small Market","82.0","138.0","56.0","40.0","17.0","302.0","50.0","40.0","80.0","120.0","8","06/01/10 00:00:00","Herbal Tea","Chamomile","Decaf","82"
"435","Utah","West","Small Market","90.0","151.0","61.0","42.0","19.0","329.0","60.0","50.0","80.0","130.0","8","07/01/10 00:00:00","Herbal Tea","Chamomile","Decaf","90"
"435","Utah","West","Small Market","71.0","120.0","49.0","37.0","15.0","315.0","40.0","40.0","60.0","100.0","8","09/01/10 00:00:00","Herbal Tea","Chamomile","Decaf","71"
"435","Utah","West","Small Market","75.0","127.0","52.0","39.0","16.0","327.0","40.0","40.0","70.0","110.0","8","12/01/10 00:00:00","Herbal Tea","Chamomile","Decaf","75"
"435","Utah","West","Small Market","55.0","104.0","38.0","36.0","12.0","241.0","30.0","30.0","50.0","80.0","8","01/01/11 00:00:00","Herbal Tea","Chamomile","Decaf","66"
"435","Utah","West","Small Market","60.0","108.0","41.0","36.0","13.0","236.0","30.0","30.0","50.0","80.0","8","02/01/11 00:00:00","Herbal Tea","Chamomile","Decaf","67"
"435","Utah","West","Small Market","64.0","114.0","43.0","36.0","13.0","231.0","40.0","30.0","60.0","90.0","8","03/01/11 00:00:00","Herbal Tea","Chamomile","Decaf","71"
"435","Utah","West","Small Market","74.0","124.0","51.0","37.0","16.0","265.0","40.0","40.0","70.0","110.0","8","05/01/11 00:00:00","Herbal Tea","Chamomile","Decaf","73"
"435","Utah","West","Small Market","82.0","137.0","56.0","37.0","17.0","302.0","50.0","40.0","80.0","120.0","8","06/01/11 00:00:00","Herbal Tea","Chamomile","Decaf","81"
"435","Utah","West","Small Market","90.0","150.0","61.0","39.0","19.0","329.0","60.0","50.0","80.0","130.0","8","07/01/11 00:00:00","Herbal Tea","Chamomile","Decaf","89"
"435","Utah","West","Small Market","90.0","150.0","61.0","38.0","19.0","322.0","60.0","50.0","80.0","130.0","8","08/01/11 00:00:00","Herbal Tea","Chamomile","Decaf","89"
"435","Utah","West","Small Market","67.0","120.0","46.0","37.0","14.0","316.0","30.0","40.0","60.0","100.0","8","11/01/11 00:00:00","Herbal Tea","Chamomile","Decaf","74"
"435","Utah","West","Small Market","75.0","135.0","52.0","39.0","16.0","327.0","40.0","40.0","70.0","110.0","8","12/01/11 00:00:00","Herbal Tea","Chamomile","Decaf","83"
"435","Utah","West","Small Market","72.0","120.0","48.0","47.0","15.0","372.0","30.0","40.0","60.0","100.0","9","01/01/10 00:00:00","Herbal Tea","Lemon","Decaf","72"
"435","Utah","West","Small Market","69.0","114.0","45.0","45.0","14.0","366.0","40.0","30.0","70.0","100.0","9","02/01/10 00:00:00","Herbal Tea","Lemon","Decaf","69"
"435","Utah","West","Small Market","72.0","119.0","47.0","46.0","15.0","361.0","30.0","40.0","60.0","100.0","9","03/01/10 00:00:00","Herbal Tea","Lemon","Decaf","72"
"435","Utah","West","Small Market","75.0","125.0","50.0","47.0","16.0","372.0","40.0","40.0","70.0","110.0","9","04/01/10 00:00:00","Herbal Tea","Lemon","Decaf","75"
"435","Utah","West","Small Market","80.0","132.0","52.0","48.0","17.0","397.0","40.0","40.0","70.0","110.0","9","05/01/10 00:00:00","Herbal Tea","Lemon","Decaf","80"
"435","Utah","West","Small Market","94.0","156.0","62.0","52.0","20.0","436.0","50.0","50.0","80.0","130.0","9","06/01/10 00:00:00","Herbal Tea","Lemon","Decaf","94"
"435","Utah","West","Small Market","96.0","160.0","64.0","52.0","21.0","467.0","60.0","50.0","90.0","140.0","9","07/01/10 00:00:00","Herbal Tea","Lemon","Decaf","96"
"435","Utah","West","Small Market","96.0","160.0","64.0","52.0","21.0","460.0","60.0","50.0","90.0","140.0","9","08/01/10 00:00:00","Herbal Tea","Lemon","Decaf","96"
"435","Utah","West","Small Market","84.0","139.0","55.0","50.0","18.0","453.0","50.0","40.0","80.0","120.0","9","09/01/10 00:00:00","Herbal Tea","Lemon","Decaf","84"
"435","Utah","West","Small Market","69.0","114.0","45.0","46.0","14.0","447.0","60.0","20.0","70.0","90.0","9","10/01/10 00:00:00","Herbal Tea","Lemon","Decaf","69"
"435","Utah","West","Small Market","66.0","109.0","43.0","46.0","14.0","452.0","30.0","40.0","60.0","100.0","9","11/01/10 00:00:00","Herbal Tea","Lemon","Decaf","66"
"435","Utah","West","Small Market","72.0","134.0","48.0","49.0","15.0","372.0","30.0","40.0","60.0","100.0","9","01/01/11 00:00:00","Herbal Tea","Lemon","Decaf","86"
"435","Utah","West","Small Market","69.0","121.0","45.0","45.0","14.0","366.0","40.0","30.0","70.0","100.0","9","02/01/11 00:00:00","Herbal Tea","Lemon","Decaf","76"
"435","Utah","West","Small Market","72.0","127.0","47.0","46.0","15.0","361.0","30.0","40.0","60.0","100.0","9","03/01/11 00:00:00","Herbal Tea","Lemon","Decaf","80"
"435","Utah","West","Small Market","75.0","133.0","50.0","47.0","16.0","372.0","40.0","40.0","70.0","110.0","9","04/01/11 00:00:00","Herbal Tea","Lemon","Decaf","83"
"435","Utah","West","Small Market","80.0","131.0","52.0","45.0","17.0","397.0","40.0","40.0","70.0","110.0","9","05/01/11 00:00:00","Herbal Tea","Lemon","Decaf","79"
"435","Utah","West","Small Market","96.0","159.0","64.0","48.0","21.0","467.0","60.0","50.0","90.0","140.0","9","07/01/11 00:00:00","Herbal Tea","Lemon","Decaf","95"
"435","Utah","West","Small Market","96.0","159.0","64.0","48.0","21.0","460.0","60.0","50.0","90.0","140.0","9","08/01/11 00:00:00","Herbal Tea","Lemon","Decaf","95"
"435","Utah","West","Small Market","84.0","148.0","55.0","50.0","18.0","453.0","50.0","40.0","80.0","120.0","9","09/01/11 00:00:00","Herbal Tea","Lemon","Decaf","93"
"435","Utah","West","Small Market","69.0","121.0","45.0","46.0","14.0","447.0","60.0","20.0","70.0","90.0","9","10/01/11 00:00:00","Herbal Tea","Lemon","Decaf","76"
"435","Utah","West","Small Market","66.0","116.0","43.0","46.0","14.0","452.0","30.0","40.0","60.0","100.0","9","11/01/11 00:00:00","Herbal Tea","Lemon","Decaf","73"
"435","Utah","West","Small Market","74.0","130.0","48.0","46.0","15.0","462.0","40.0","40.0","70.0","110.0","9","12/01/11 00:00:00","Herbal Tea","Lemon","Decaf","82"
"435","Utah","West","Small Market","11.0","99.0","88.0","51.0","27.0","525.0","-30.0","70.0","10.0","80.0","10","01/01/10 00:00:00","Herbal Tea","Mint","Decaf","11"
"435","Utah","West","Small Market","18.0","102.0","84.0","49.0","26.0","625.0","-30.0","70.0","10.0","80.0","10","02/01/10 00:00:00","Herbal Tea","Mint","Decaf","18"
"435","Utah","West","Small Market","40.0","133.0","93.0","51.0","28.0","840.0","0.0","70.0","40.0","110.0","10","04/01/10 00:00:00","Herbal Tea","Mint","Decaf","40"
"435","Utah","West","Small Market","38.0","136.0","98.0","53.0","30.0","973.0","-10.0","80.0","30.0","110.0","10","05/01/10 00:00:00","Herbal Tea","Mint","Decaf","38"
"435","Utah","West","Small Market","25.0","141.0","116.0","58.0","35.0","1142.0","-10.0","90.0","30.0","120.0","10","06/01/10 00:00:00","Herbal Tea","Mint","Decaf","25"
"435","Utah","West","Small Market","23.0","109.0","86.0","50.0","26.0","1698.0","0.0","60.0","20.0","80.0","10","10/01/10 00:00:00","Herbal Tea","Mint","Decaf","23"
"435","Utah","West","Small Market","68.0","160.0","92.0","51.0","28.0","1898.0","20.0","80.0","60.0","140.0","10","12/01/10 00:00:00","Herbal Tea","Mint","Decaf","68"
"435","Utah","West","Small Market","11.0","111.0","88.0","54.0","27.0","525.0","-30.0","70.0","10.0","80.0","10","01/01/11 00:00:00","Herbal Tea","Mint","Decaf","23"
"435","Utah","West","Small Market","18.0","109.0","84.0","49.0","26.0","625.0","-30.0","70.0","10.0","80.0","10","02/01/11 00:00:00","Herbal Tea","Mint","Decaf","25"
"435","Utah","West","Small Market","40.0","142.0","93.0","51.0","28.0","840.0","0.0","70.0","40.0","110.0","10","04/01/11 00:00:00","Herbal Tea","Mint","Decaf","49"
"435","Utah","West","Small Market","25.0","140.0","116.0","54.0","35.0","1142.0","-10.0","90.0","30.0","120.0","10","06/01/11 00:00:00","Herbal Tea","Mint","Decaf","24"
"435","Utah","West","Small Market","11.0","123.0","104.0","56.0","32.0","1574.0","-20.0","80.0","20.0","100.0","10","09/01/11 00:00:00","Herbal Tea","Mint","Decaf","19"
"435","Utah","West","Small Market","23.0","116.0","86.0","50.0","26.0","1698.0","0.0","60.0","20.0","80.0","10","10/01/11 00:00:00","Herbal Tea","Mint","Decaf","30"
"435","Utah","West","Small Market","40.0","130.0","82.0","48.0","25.0","1804.0","0.0","70.0","40.0","110.0","10","11/01/11 00:00:00","Herbal Tea","Mint","Decaf","48"
"435","Utah","West","Small Market","68.0","171.0","92.0","51.0","28.0","1898.0","20.0","80.0","60.0","140.0","10","12/01/11 00:00:00","Herbal Tea","Mint","Decaf","79"
"435","Utah","West","Small Market","53.0","90.0","37.0","63.0","34.0","261.0","0.0","20.0","40.0","60.0","11","01/01/10 00:00:00","Tea","Darjeeling","Regular","53"
"435","Utah","West","Small Market","61.0","104.0","43.0","68.0","39.0","256.0","10.0","20.0","50.0","70.0","11","02/01/10 00:00:00","Tea","Darjeeling","Regular","61"
"435","Utah","West","Small Market","63.0","107.0","44.0","69.0","40.0","261.0","10.0","20.0","50.0","70.0","11","04/01/10 00:00:00","Tea","Darjeeling","Regular","63"
"435","Utah","West","Small Market","61.0","104.0","43.0","69.0","39.0","282.0","10.0","20.0","50.0","70.0","11","05/01/10 00:00:00","Tea","Darjeeling","Regular","61"
"435","Utah","West","Small Market","82.0","141.0","59.0","82.0","53.0","338.0","10.0","30.0","60.0","90.0","11","07/01/10 00:00:00","Tea","Darjeeling","Regular","82"
"435","Utah","West","Small Market","62.0","106.0","44.0","69.0","40.0","325.0","10.0","20.0","50.0","70.0","11","09/01/10 00:00:00","Tea","Darjeeling","Regular","62"
"435","Utah","West","Small Market","62.0","106.0","44.0","69.0","40.0","325.0","-10.0","30.0","40.0","70.0","11","11/01/10 00:00:00","Tea","Darjeeling","Regular","62"
"435","Utah","West","Small Market","69.0","118.0","49.0","73.0","44.0","335.0","0.0","30.0","50.0","80.0","11","12/01/10 00:00:00","Tea","Darjeeling","Regular","69"
"435","Utah","West","Small Market","53.0","101.0","37.0","66.0","34.0","261.0","0.0","20.0","40.0","60.0","11","01/01/11 00:00:00","Tea","Darjeeling","Regular","64"
"435","Utah","West","Small Market","63.0","114.0","44.0","70.0","40.0","251.0","10.0","20.0","50.0","70.0","11","03/01/11 00:00:00","Tea","Darjeeling","Regular","70"
"435","Utah","West","Small Market","63.0","114.0","44.0","69.0","40.0","261.0","10.0","20.0","50.0","70.0","11","04/01/11 00:00:00","Tea","Darjeeling","Regular","70"
"435","Utah","West","Small Market","61.0","103.0","43.0","64.0","39.0","282.0","10.0","20.0","50.0","70.0","11","05/01/11 00:00:00","Tea","Darjeeling","Regular","60"
"435","Utah","West","Small Market","73.0","124.0","52.0","71.0","47.0","313.0","0.0","30.0","50.0","80.0","11","06/01/11 00:00:00","Tea","Darjeeling","Regular","72"
"435","Utah","West","Small Market","88.0","150.0","63.0","80.0","57.0","332.0","10.0","40.0","60.0","100.0","11","08/01/11 00:00:00","Tea","Darjeeling","Regular","87"
"435","Utah","West","Small Market","64.0","116.0","45.0","70.0","41.0","320.0","20.0","10.0","40.0","50.0","11","10/01/11 00:00:00","Tea","Darjeeling","Regular","71"
"435","Utah","West","Small Market","62.0","113.0","44.0","69.0","40.0","325.0","-10.0","30.0","40.0","70.0","11","11/01/11 00:00:00","Tea","Darjeeling","Regular","69"
"435","Utah","West","Small Market","69.0","126.0","49.0","73.0","44.0","335.0","0.0","30.0","50.0","80.0","11","12/01/11 00:00:00","Tea","Darjeeling","Regular","77"
"435","Utah","West","Small Market","47.0","82.0","35.0","38.0","11.0","196.0","10.0","20.0","30.0","50.0","12","01/01/10 00:00:00","Tea","Earl Grey","Regular","47"
"435","Utah","West","Small Market","47.0","82.0","35.0","38.0","11.0","191.0","10.0","20.0","30.0","50.0","12","02/01/10 00:00:00","Tea","Earl Grey","Regular","47"
"435","Utah","West","Small Market","49.0","85.0","36.0","39.0","11.0","187.0","10.0","20.0","30.0","50.0","12","03/01/10 00:00:00","Tea","Earl Grey","Regular","49"
"435","Utah","West","Small Market","51.0","88.0","37.0","40.0","12.0","195.0","10.0","20.0","30.0","50.0","12","04/01/10 00:00:00","Tea","Earl Grey","Regular","51"
"435","Utah","West","Small Market","53.0","92.0","39.0","39.0","12.0","212.0","20.0","20.0","40.0","60.0","12","05/01/10 00:00:00","Tea","Earl Grey","Regular","53"
"435","Utah","West","Small Market","59.0","103.0","44.0","42.0","14.0","258.0","30.0","20.0","50.0","70.0","12","07/01/10 00:00:00","Tea","Earl Grey","Regular","59"
"435","Utah","West","Small Market","60.0","105.0","45.0","41.0","14.0","253.0","30.0","20.0","50.0","70.0","12","08/01/10 00:00:00","Tea","Earl Grey","Regular","60"
"435","Utah","West","Small Market","53.0","92.0","39.0","39.0","12.0","244.0","20.0","10.0","30.0","40.0","12","10/01/10 00:00:00","Tea","Earl Grey","Regular","53"
"435","Utah","West","Small Market","47.0","82.0","35.0","38.0","11.0","248.0","10.0","20.0","30.0","50.0","12","11/01/10 00:00:00","Tea","Earl Grey","Regular","47"
"435","Utah","West","Small Market","53.0","91.0","39.0","36.0","12.0","212.0","20.0","20.0","40.0","60.0","12","05/01/11 00:00:00","Tea","Earl Grey","Regular","52"
"435","Utah","West","Small Market","55.0","95.0","41.0","38.0","13.0","239.0","20.0","20.0","40.0","60.0","12","06/01/11 00:00:00","Tea","Earl Grey","Regular","54"
"435","Utah","West","Small Market","60.0","104.0","45.0","38.0","14.0","253.0","30.0","20.0","50.0","70.0","12","08/01/11 00:00:00","Tea","Earl Grey","Regular","59"
"435","Utah","West","Small Market","52.0","97.0","39.0","40.0","12.0","248.0","20.0","20.0","40.0","60.0","12","09/01/11 00:00:00","Tea","Earl Grey","Regular","58"
"435","Utah","West","Small Market","53.0","98.0","39.0","39.0","12.0","244.0","20.0","10.0","30.0","40.0","12","10/01/11 00:00:00","Tea","Earl Grey","Regular","59"
"435","Utah","West","Small Market","47.0","87.0","35.0","38.0","11.0","248.0","10.0","20.0","30.0","50.0","12","11/01/11 00:00:00","Tea","Earl Grey","Regular","52"
"435","Utah","West","Small Market","51.0","95.0","38.0","39.0","12.0","256.0","10.0","20.0","40.0","60.0","12","12/01/11 00:00:00","Tea","Earl Grey","Regular","57"
"435","Utah","West","Small Market","68.0","114.0","46.0","24.0","12.0","777.0","40.0","40.0","60.0","100.0","4","01/01/10 00:00:00","Espresso","Caffe Latte","Regular","68"
"435","Utah","West","Small Market","61.0","103.0","42.0","23.0","11.0","771.0","30.0","40.0","50.0","90.0","4","02/01/10 00:00:00","Espresso","Caffe Latte","Regular","61"
"435","Utah","West","Small Market","70.0","118.0","48.0","25.0","13.0","766.0","50.0","40.0","70.0","110.0","4","03/01/10 00:00:00","Espresso","Caffe Latte","Regular","70"
"435","Utah","West","Small Market","67.0","112.0","45.0","24.0","12.0","777.0","40.0","40.0","60.0","100.0","4","04/01/10 00:00:00","Espresso","Caffe Latte","Regular","67"
"435","Utah","West","Small Market","58.0","97.0","39.0","22.0","10.0","799.0","50.0","30.0","60.0","90.0","4","05/01/10 00:00:00","Espresso","Caffe Latte","Regular","58"
"435","Utah","West","Small Market","53.0","89.0","36.0","22.0","10.0","828.0","40.0","30.0","50.0","80.0","4","06/01/10 00:00:00","Espresso","Caffe Latte","Regular","53"
"435","Utah","West","Small Market","47.0","79.0","32.0","20.0","8.0","837.0","30.0","30.0","40.0","70.0","4","09/01/10 00:00:00","Espresso","Caffe Latte","Regular","47"
"435","Utah","West","Small Market","48.0","81.0","33.0","21.0","9.0","836.0","30.0","30.0","40.0","70.0","4","11/01/10 00:00:00","Espresso","Caffe Latte","Regular","48"
"435","Utah","West","Small Market","46.0","77.0","31.0","20.0","8.0","844.0","30.0","30.0","40.0","70.0","4","12/01/10 00:00:00","Espresso","Caffe Latte","Regular","46"
"435","Utah","West","Small Market","68.0","128.0","46.0","25.0","12.0","777.0","40.0","40.0","60.0","100.0","4","01/01/11 00:00:00","Espresso","Caffe Latte","Regular","82"
"435","Utah","West","Small Market","61.0","110.0","42.0","23.0","11.0","771.0","30.0","40.0","50.0","90.0","4","02/01/11 00:00:00","Espresso","Caffe Latte","Regular","68"
"435","Utah","West","Small Market","67.0","119.0","45.0","24.0","12.0","777.0","40.0","40.0","60.0","100.0","4","04/01/11 00:00:00","Espresso","Caffe Latte","Regular","74"
"435","Utah","West","Small Market","58.0","96.0","39.0","20.0","10.0","799.0","50.0","30.0","60.0","90.0","4","05/01/11 00:00:00","Espresso","Caffe Latte","Regular","57"
"435","Utah","West","Small Market","53.0","88.0","36.0","20.0","10.0","828.0","40.0","30.0","50.0","80.0","4","06/01/11 00:00:00","Espresso","Caffe Latte","Regular","52"
"435","Utah","West","Small Market","57.0","95.0","39.0","20.0","10.0","845.0","50.0","30.0","60.0","90.0","4","07/01/11 00:00:00","Espresso","Caffe Latte","Regular","56"
"435","Utah","West","Small Market","48.0","79.0","32.0","19.0","8.0","841.0","30.0","30.0","40.0","70.0","4","08/01/11 00:00:00","Espresso","Caffe Latte","Regular","47"
"435","Utah","West","Small Market","47.0","84.0","32.0","20.0","8.0","837.0","30.0","30.0","40.0","70.0","4","09/01/11 00:00:00","Espresso","Caffe Latte","Regular","52"
"435","Utah","West","Small Market","47.0","84.0","32.0","19.0","8.0","833.0","40.0","20.0","40.0","60.0","4","10/01/11 00:00:00","Espresso","Caffe Latte","Regular","52"
"435","Utah","West","Small Market","48.0","86.0","33.0","21.0","9.0","836.0","30.0","30.0","40.0","70.0","4","11/01/11 00:00:00","Espresso","Caffe Latte","Regular","53"
"435","Utah","West","Small Market","46.0","82.0","31.0","20.0","8.0","844.0","30.0","30.0","40.0","70.0","4","12/01/11 00:00:00","Espresso","Caffe Latte","Regular","51"
"440","Ohio","Central","Major Market","71.0","123.0","52.0","45.0","17.0","405.0","60.0","40.0","70.0","110.0","1","10/01/10 00:00:00","Coffee","Amaretto","Regular","71"
"440","Ohio","Central","Major Market","75.0","128.0","53.0","77.0","48.0","458.0","20.0","50.0","80.0","130.0","3","05/01/10 00:00:00","Coffee","Decaf Irish Cream","Decaf","75"
"440","Ohio","Central","Major Market","73.0","133.0","52.0","77.0","47.0","421.0","20.0","50.0","80.0","130.0","3","03/01/11 00:00:00","Coffee","Decaf Irish Cream","Decaf","81"
"440","Ohio","Central","Major Market","182.0","363.0","181.0","75.0","50.0","1283.0","170.0","230.0","230.0","460.0","5","11/01/10 00:00:00","Espresso","Caffe Mocha","Regular","182"
"440","Ohio","Central","Major Market","149.0","295.0","149.0","61.0","41.0","1245.0","120.0","170.0","180.0","350.0","5","06/01/11 00:00:00","Espresso","Caffe Mocha","Regular","146"
"440","Ohio","Central","Major Market","155.0","330.0","155.0","68.0","43.0","1280.0","130.0","170.0","190.0","360.0","5","09/01/11 00:00:00","Espresso","Caffe Mocha","Regular","175"
"440","Ohio","Central","Major Market","48.0","85.0","32.0","19.0","8.0","482.0","30.0","30.0","40.0","70.0","8","11/01/11 00:00:00","Herbal Tea","Chamomile","Decaf","53"
"440","Ohio","Central","Major Market","42.0","70.0","29.0","18.0","8.0","835.0","40.0","20.0","40.0","60.0","9","05/01/11 00:00:00","Herbal Tea","Lemon","Decaf","41"
"440","Ohio","Central","Major Market","49.0","87.0","33.0","20.0","9.0","870.0","30.0","30.0","40.0","70.0","9","12/01/11 00:00:00","Herbal Tea","Lemon","Decaf","54"
"440","Ohio","Central","Major Market","150.0","249.0","99.0","63.0","32.0","798.0","70.0","80.0","130.0","210.0","11","09/01/10 00:00:00","Tea","Darjeeling","Regular","150"
"469","Texas","South","Major Market","288.0","527.0","244.0","89.0","75.0","1213.0","270.0","300.0","360.0","660.0","2","06/01/11 00:00:00","Coffee","Columbian","Regular","283"
"469","Texas","South","Major Market","68.0","119.0","52.0","27.0","17.0","554.0","70.0","60.0","90.0","150.0","3","08/01/11 00:00:00","Coffee","Decaf Irish Cream","Decaf","67"
"469","Texas","South","Major Market","136.0","230.0","94.0","37.0","26.0","562.0","90.0","80.0","110.0","190.0","6","06/01/10 00:00:00","Espresso","Decaf Espresso","Decaf","136"
"469","Texas","South","Major Market","145.0","243.0","100.0","37.0","28.0","598.0","110.0","80.0","130.0","210.0","6","08/01/11 00:00:00","Espresso","Decaf Espresso","Decaf","143"
"469","Texas","South","Major Market","73.0","127.0","54.0","45.0","17.0","424.0","30.0","50.0","60.0","110.0","8","12/01/10 00:00:00","Herbal Tea","Chamomile","Decaf","73"
"469","Texas","South","Major Market","64.0","114.0","43.0","36.0","13.0","424.0","30.0","40.0","60.0","100.0","9","09/01/11 00:00:00","Herbal Tea","Lemon","Decaf","71"
"475","Connecticut","East","Small Market","186.0","310.0","124.0","71.0","40.0","961.0","130.0","110.0","180.0","290.0","2","01/01/10 00:00:00","Coffee","Columbian","Regular","186"
"475","Connecticut","East","Small Market","186.0","309.0","123.0","72.0","40.0","932.0","130.0","110.0","180.0","290.0","2","03/01/10 00:00:00","Coffee","Columbian","Regular","186"
"475","Connecticut","East","Small Market","140.0","232.0","92.0","61.0","30.0","1102.0","100.0","80.0","140.0","220.0","2","06/01/10 00:00:00","Coffee","Columbian","Regular","140"
"475","Connecticut","East","Small Market","135.0","225.0","90.0","60.0","29.0","1139.0","90.0","80.0","130.0","210.0","2","08/01/10 00:00:00","Coffee","Columbian","Regular","135"
"475","Connecticut","East","Small Market","165.0","273.0","110.0","62.0","36.0","1020.0","110.0","100.0","160.0","260.0","2","05/01/11 00:00:00","Coffee","Columbian","Regular","163"
"475","Connecticut","East","Small Market","56.0","94.0","38.0","21.0","10.0","777.0","40.0","40.0","60.0","100.0","13","01/01/10 00:00:00","Tea","Green Tea","Regular","56"
"475","Connecticut","East","Small Market","39.0","66.0","27.0","18.0","7.0","772.0","40.0","20.0","50.0","70.0","13","02/01/10 00:00:00","Tea","Green Tea","Regular","39"
"475","Connecticut","East","Small Market","37.0","62.0","25.0","19.0","7.0","775.0","30.0","20.0","40.0","60.0","13","04/01/10 00:00:00","Tea","Green Tea","Regular","37"
"475","Connecticut","East","Small Market","34.0","57.0","23.0","17.0","6.0","787.0","30.0","20.0","40.0","60.0","13","05/01/10 00:00:00","Tea","Green Tea","Regular","34"
"475","Connecticut","East","Small Market","56.0","105.0","38.0","22.0","10.0","777.0","40.0","40.0","60.0","100.0","13","01/01/11 00:00:00","Tea","Green Tea","Regular","67"
"475","Connecticut","East","Small Market","37.0","66.0","25.0","19.0","7.0","769.0","30.0","20.0","40.0","60.0","13","03/01/11 00:00:00","Tea","Green Tea","Regular","41"
"475","Connecticut","East","Small Market","31.0","51.0","20.0","15.0","5.0","804.0","20.0","20.0","30.0","50.0","13","06/01/11 00:00:00","Tea","Green Tea","Regular","31"
"475","Connecticut","East","Small Market","90.0","154.0","64.0","87.0","58.0","551.0","20.0","60.0","90.0","150.0","5","05/01/10 00:00:00","Espresso","Caffe Mocha","Regular","90"
"475","Connecticut","East","Small Market","76.0","131.0","55.0","78.0","49.0","627.0","10.0","50.0","70.0","120.0","5","12/01/10 00:00:00","Espresso","Caffe Mocha","Regular","76"
"475","Connecticut","East","Small Market","66.0","112.0","47.0","66.0","42.0","622.0","20.0","40.0","70.0","110.0","5","07/01/11 00:00:00","Espresso","Caffe Mocha","Regular","65"
"475","Connecticut","East","Small Market","61.0","104.0","44.0","64.0","39.0","617.0","10.0","40.0","60.0","100.0","5","08/01/11 00:00:00","Espresso","Caffe Mocha","Regular","60"
"475","Connecticut","East","Small Market","86.0","157.0","61.0","84.0","55.0","613.0","10.0","60.0","80.0","140.0","5","11/01/11 00:00:00","Espresso","Caffe Mocha","Regular","96"
"475","Connecticut","East","Small Market","75.0","130.0","55.0","45.0","18.0","312.0","40.0","50.0","70.0","120.0","6","01/01/10 00:00:00","Espresso","Decaf Espresso","Decaf","75"
"475","Connecticut","East","Small Market","68.0","119.0","51.0","44.0","16.0","311.0","40.0","40.0","70.0","110.0","6","04/01/10 00:00:00","Espresso","Decaf Espresso","Decaf","68"
"475","Connecticut","East","Small Market","62.0","108.0","46.0","43.0","15.0","367.0","30.0","40.0","60.0","100.0","6","06/01/10 00:00:00","Espresso","Decaf Espresso","Decaf","62"
"475","Connecticut","East","Small Market","107.0","193.0","86.0","66.0","32.0","484.0","50.0","60.0","90.0","150.0","9","02/01/10 00:00:00","Herbal Tea","Lemon","Decaf","107"
"475","Connecticut","East","Small Market","85.0","153.0","68.0","58.0","25.0","619.0","20.0","50.0","60.0","110.0","9","12/01/10 00:00:00","Herbal Tea","Lemon","Decaf","85"
"475","Connecticut","East","Small Market","107.0","206.0","86.0","66.0","32.0","484.0","50.0","60.0","90.0","150.0","9","02/01/11 00:00:00","Herbal Tea","Lemon","Decaf","120"
"475","Connecticut","East","Small Market","96.0","171.0","77.0","59.0","29.0","529.0","40.0","50.0","80.0","130.0","9","05/01/11 00:00:00","Herbal Tea","Lemon","Decaf","94"
"475","Connecticut","East","Small Market","102.0","196.0","82.0","64.0","31.0","601.0","30.0","60.0","70.0","130.0","9","11/01/11 00:00:00","Herbal Tea","Lemon","Decaf","114"
"475","Connecticut","East","Small Market","92.0","170.0","78.0","45.0","24.0","965.0","50.0","50.0","80.0","130.0","10","01/01/10 00:00:00","Herbal Tea","Mint","Decaf","92"
"475","Connecticut","East","Small Market","80.0","148.0","68.0","42.0","21.0","998.0","40.0","50.0","60.0","110.0","10","05/01/10 00:00:00","Herbal Tea","Mint","Decaf","80"
"475","Connecticut","East","Small Market","77.0","142.0","65.0","41.0","20.0","1042.0","50.0","40.0","70.0","110.0","10","06/01/10 00:00:00","Herbal Tea","Mint","Decaf","77"
"475","Connecticut","East","Small Market","74.0","136.0","62.0","41.0","19.0","1059.0","40.0","40.0","60.0","100.0","10","09/01/10 00:00:00","Herbal Tea","Mint","Decaf","74"
"475","Connecticut","East","Small Market","81.0","150.0","69.0","43.0","21.0","1060.0","30.0","50.0","50.0","100.0","10","11/01/10 00:00:00","Herbal Tea","Mint","Decaf","81"
"475","Connecticut","East","Small Market","76.0","139.0","63.0","40.0","19.0","1075.0","40.0","40.0","60.0","100.0","10","12/01/10 00:00:00","Herbal Tea","Mint","Decaf","76"
"475","Connecticut","East","Small Market","89.0","174.0","74.0","43.0","22.0","949.0","50.0","50.0","70.0","120.0","10","03/01/11 00:00:00","Herbal Tea","Mint","Decaf","100"
"475","Connecticut","East","Small Market","91.0","178.0","76.0","45.0","23.0","965.0","60.0","50.0","80.0","130.0","10","04/01/11 00:00:00","Herbal Tea","Mint","Decaf","102"
"475","Connecticut","East","Small Market","60.0","109.0","50.0","33.0","15.0","1064.0","30.0","30.0","50.0","80.0","10","08/01/11 00:00:00","Herbal Tea","Mint","Decaf","59"
"475","Connecticut","East","Small Market","73.0","123.0","50.0","26.0","14.0","821.0","60.0","50.0","80.0","130.0","11","01/01/10 00:00:00","Tea","Darjeeling","Regular","73"
"475","Connecticut","East","Small Market","73.0","123.0","50.0","25.0","14.0","814.0","60.0","50.0","80.0","130.0","11","02/01/10 00:00:00","Tea","Darjeeling","Regular","73"
"475","Connecticut","East","Small Market","73.0","131.0","50.0","25.0","14.0","814.0","60.0","50.0","80.0","130.0","11","02/01/11 00:00:00","Tea","Darjeeling","Regular","81"
"475","Connecticut","East","Small Market","65.0","108.0","44.0","21.0","12.0","844.0","50.0","40.0","70.0","110.0","11","05/01/11 00:00:00","Tea","Darjeeling","Regular","64"
"475","Connecticut","East","Small Market","59.0","106.0","40.0","23.0","11.0","881.0","50.0","40.0","60.0","100.0","11","10/01/11 00:00:00","Tea","Darjeeling","Regular","66"
"503","Oregon","West","Small Market","73.0","125.0","52.0","76.0","47.0","421.0","30.0","60.0","90.0","150.0","1","03/01/10 00:00:00","Coffee","Amaretto","Regular","73"
"503","Oregon","West","Small Market","75.0","128.0","53.0","77.0","48.0","458.0","40.0","60.0","100.0","160.0","1","05/01/10 00:00:00","Coffee","Amaretto","Regular","75"
"503","Oregon","West","Small Market","65.0","112.0","47.0","72.0","42.0","521.0","20.0","50.0","80.0","130.0","1","12/01/10 00:00:00","Coffee","Amaretto","Regular","65"
"503","Oregon","West","Small Market","87.0","168.0","63.0","90.0","57.0","435.0","40.0","70.0","110.0","180.0","1","01/01/11 00:00:00","Coffee","Amaretto","Regular","105"
"503","Oregon","West","Small Market","73.0","133.0","52.0","76.0","47.0","433.0","30.0","60.0","90.0","150.0","1","04/01/11 00:00:00","Coffee","Amaretto","Regular","81"
"503","Oregon","West","Small Market","63.0","106.0","44.0","64.0","40.0","496.0","30.0","50.0","80.0","130.0","1","06/01/11 00:00:00","Coffee","Amaretto","Regular","62"
"503","Oregon","West","Small Market","56.0","94.0","39.0","61.0","36.0","517.0","20.0","40.0","70.0","110.0","1","07/01/11 00:00:00","Coffee","Amaretto","Regular","55"
"503","Oregon","West","Small Market","74.0","134.0","52.0","77.0","47.0","509.0","30.0","60.0","90.0","150.0","1","09/01/11 00:00:00","Coffee","Amaretto","Regular","82"
"503","Oregon","West","Small Market","71.0","130.0","51.0","76.0","46.0","503.0","50.0","70.0","100.0","170.0","1","10/01/11 00:00:00","Coffee","Amaretto","Regular","79"
"503","Oregon","West","Small Market","93.0","160.0","67.0","65.0","22.0","400.0","60.0","80.0","120.0","200.0","2","01/01/10 00:00:00","Coffee","Columbian","Regular","93"
"503","Oregon","West","Small Market","90.0","155.0","65.0","65.0","21.0","392.0","50.0","80.0","110.0","190.0","2","02/01/10 00:00:00","Coffee","Columbian","Regular","90"
"503","Oregon","West","Small Market","87.0","149.0","62.0","63.0","20.0","385.0","60.0","70.0","110.0","180.0","2","03/01/10 00:00:00","Coffee","Columbian","Regular","87"
"503","Oregon","West","Small Market","70.0","119.0","49.0","62.0","16.0","399.0","30.0","60.0","80.0","140.0","2","04/01/10 00:00:00","Coffee","Columbian","Regular","70"
"503","Oregon","West","Small Market","57.0","98.0","41.0","56.0","13.0","482.0","20.0","40.0","70.0","110.0","2","12/01/10 00:00:00","Coffee","Columbian","Regular","57"
"503","Oregon","West","Small Market","93.0","179.0","67.0","68.0","22.0","400.0","60.0","80.0","120.0","200.0","2","01/01/11 00:00:00","Coffee","Columbian","Regular","112"
"503","Oregon","West","Small Market","90.0","165.0","65.0","65.0","21.0","392.0","50.0","80.0","110.0","190.0","2","02/01/11 00:00:00","Coffee","Columbian","Regular","100"
"503","Oregon","West","Small Market","65.0","111.0","47.0","57.0","15.0","456.0","40.0","50.0","90.0","140.0","2","06/01/11 00:00:00","Coffee","Columbian","Regular","64"
"503","Oregon","West","Small Market","84.0","153.0","60.0","63.0","19.0","463.0","90.0","80.0","130.0","210.0","2","10/01/11 00:00:00","Coffee","Columbian","Regular","93"
"503","Oregon","West","Small Market","72.0","121.0","49.0","38.0","15.0","351.0","60.0","60.0","90.0","150.0","3","03/01/10 00:00:00","Coffee","Decaf Irish Cream","Decaf","72"
"503","Oregon","West","Small Market","64.0","107.0","43.0","36.0","13.0","363.0","50.0","50.0","80.0","130.0","3","04/01/10 00:00:00","Coffee","Decaf Irish Cream","Decaf","64"
"503","Oregon","West","Small Market","51.0","85.0","34.0","33.0","10.0","432.0","40.0","40.0","60.0","100.0","3","07/01/10 00:00:00","Coffee","Decaf Irish Cream","Decaf","51"
"503","Oregon","West","Small Market","68.0","114.0","46.0","36.0","14.0","424.0","50.0","50.0","80.0","130.0","3","11/01/10 00:00:00","Coffee","Decaf Irish Cream","Decaf","68"
"503","Oregon","West","Small Market","60.0","101.0","41.0","35.0","13.0","435.0","50.0","40.0","80.0","120.0","3","12/01/10 00:00:00","Coffee","Decaf Irish Cream","Decaf","60"
"503","Oregon","West","Small Market","55.0","92.0","38.0","33.0","12.0","414.0","40.0","40.0","70.0","110.0","3","06/01/11 00:00:00","Coffee","Decaf Irish Cream","Decaf","54"
"503","Oregon","West","Small Market","51.0","84.0","34.0","30.0","10.0","428.0","40.0","40.0","60.0","100.0","3","08/01/11 00:00:00","Coffee","Decaf Irish Cream","Decaf","50"
"503","Oregon","West","Small Market","64.0","114.0","43.0","36.0","13.0","424.0","50.0","50.0","80.0","130.0","3","09/01/11 00:00:00","Coffee","Decaf Irish Cream","Decaf","71"
"503","Oregon","West","Small Market","68.0","121.0","46.0","36.0","14.0","424.0","50.0","50.0","80.0","130.0","3","11/01/11 00:00:00","Coffee","Decaf Irish Cream","Decaf","75"
"503","Oregon","West","Small Market","120.0","206.0","86.0","49.0","26.0","490.0","60.0","50.0","90.0","140.0","13","02/01/10 00:00:00","Tea","Green Tea","Regular","120"
"503","Oregon","West","Small Market","164.0","282.0","118.0","59.0","36.0","636.0","80.0","70.0","120.0","190.0","13","06/01/10 00:00:00","Tea","Green Tea","Regular","164"
"503","Oregon","West","Small Market","195.0","336.0","141.0","66.0","43.0","692.0","90.0","90.0","130.0","220.0","13","07/01/10 00:00:00","Tea","Green Tea","Regular","195"
"503","Oregon","West","Small Market","186.0","320.0","134.0","65.0","41.0","690.0","100.0","90.0","140.0","230.0","13","12/01/10 00:00:00","Tea","Green Tea","Regular","186"
"503","Oregon","West","Small Market","164.0","279.0","118.0","55.0","36.0","636.0","80.0","70.0","120.0","190.0","13","06/01/11 00:00:00","Tea","Green Tea","Regular","161"
"503","Oregon","West","Small Market","161.0","275.0","116.0","55.0","35.0","678.0","70.0","70.0","110.0","180.0","13","08/01/11 00:00:00","Tea","Green Tea","Regular","159"
"503","Oregon","West","Small Market","186.0","341.0","134.0","65.0","41.0","690.0","100.0","90.0","140.0","230.0","13","12/01/11 00:00:00","Tea","Green Tea","Regular","207"
"503","Oregon","West","Small Market","80.0","140.0","60.0","47.0","19.0","336.0","50.0","50.0","80.0","130.0","5","01/01/10 00:00:00","Espresso","Caffe Mocha","Regular","80"
"503","Oregon","West","Small Market","68.0","118.0","50.0","44.0","16.0","397.0","40.0","40.0","70.0","110.0","5","06/01/10 00:00:00","Espresso","Caffe Mocha","Regular","68"
"503","Oregon","West","Small Market","63.0","110.0","47.0","43.0","15.0","420.0","30.0","40.0","60.0","100.0","5","07/01/10 00:00:00","Espresso","Caffe Mocha","Regular","63"
"503","Oregon","West","Small Market","62.0","108.0","46.0","43.0","15.0","415.0","30.0","40.0","60.0","100.0","5","08/01/10 00:00:00","Espresso","Caffe Mocha","Regular","62"
"503","Oregon","West","Small Market","79.0","138.0","59.0","46.0","19.0","411.0","50.0","50.0","80.0","130.0","5","11/01/10 00:00:00","Espresso","Caffe Mocha","Regular","79"
"503","Oregon","West","Small Market","73.0","127.0","54.0","45.0","17.0","424.0","40.0","50.0","70.0","120.0","5","12/01/10 00:00:00","Espresso","Caffe Mocha","Regular","73"
"503","Oregon","West","Small Market","80.0","157.0","60.0","49.0","19.0","336.0","50.0","50.0","80.0","130.0","5","01/01/11 00:00:00","Espresso","Caffe Mocha","Regular","97"
"503","Oregon","West","Small Market","77.0","143.0","57.0","45.0","18.0","323.0","40.0","50.0","70.0","120.0","5","03/01/11 00:00:00","Espresso","Caffe Mocha","Regular","86"
"503","Oregon","West","Small Market","63.0","109.0","47.0","40.0","15.0","420.0","30.0","40.0","60.0","100.0","5","07/01/11 00:00:00","Espresso","Caffe Mocha","Regular","62"
"503","Oregon","West","Small Market","72.0","133.0","53.0","44.0","17.0","410.0","40.0","50.0","70.0","120.0","5","09/01/11 00:00:00","Espresso","Caffe Mocha","Regular","80"
"503","Oregon","West","Small Market","73.0","135.0","54.0","45.0","17.0","424.0","40.0","50.0","70.0","120.0","5","12/01/11 00:00:00","Espresso","Caffe Mocha","Regular","81"
"503","Oregon","West","Small Market","163.0","325.0","162.0","70.0","45.0","1091.0","100.0","150.0","160.0","310.0","6","04/01/10 00:00:00","Espresso","Decaf Espresso","Decaf","163"
"503","Oregon","West","Small Market","146.0","291.0","145.0","65.0","40.0","1292.0","90.0","130.0","140.0","270.0","6","08/01/10 00:00:00","Espresso","Decaf Espresso","Decaf","146"
"503","Oregon","West","Small Market","161.0","322.0","161.0","70.0","45.0","1267.0","110.0","140.0","150.0","290.0","6","10/01/10 00:00:00","Espresso","Decaf Espresso","Decaf","161"
"503","Oregon","West","Small Market","182.0","363.0","181.0","74.0","50.0","1283.0","120.0","170.0","180.0","350.0","6","11/01/10 00:00:00","Espresso","Decaf Espresso","Decaf","182"
"503","Oregon","West","Small Market","170.0","362.0","170.0","71.0","47.0","1073.0","100.0","160.0","160.0","320.0","6","02/01/11 00:00:00","Espresso","Decaf Espresso","Decaf","192"
"503","Oregon","West","Small Market","163.0","346.0","162.0","69.0","45.0","1059.0","100.0","150.0","160.0","310.0","6","03/01/11 00:00:00","Espresso","Decaf Espresso","Decaf","184"
"503","Oregon","West","Small Market","149.0","295.0","149.0","61.0","41.0","1245.0","90.0","140.0","140.0","280.0","6","06/01/11 00:00:00","Espresso","Decaf Espresso","Decaf","146"
"503","Oregon","West","Small Market","146.0","288.0","145.0","60.0","40.0","1304.0","90.0","130.0","140.0","270.0","6","07/01/11 00:00:00","Espresso","Decaf Espresso","Decaf","143"
"503","Oregon","West","Small Market","161.0","343.0","161.0","70.0","45.0","1267.0","110.0","140.0","150.0","290.0","6","10/01/11 00:00:00","Espresso","Decaf Espresso","Decaf","182"
"503","Oregon","West","Small Market","45.0","75.0","30.0","19.0","8.0","794.0","40.0","20.0","40.0","60.0","8","05/01/10 00:00:00","Herbal Tea","Chamomile","Decaf","45"
"503","Oregon","West","Small Market","44.0","74.0","30.0","20.0","8.0","829.0","40.0","20.0","40.0","60.0","8","07/01/10 00:00:00","Herbal Tea","Chamomile","Decaf","44"
"503","Oregon","West","Small Market","38.0","63.0","25.0","19.0","7.0","823.0","20.0","20.0","30.0","50.0","8","11/01/10 00:00:00","Herbal Tea","Chamomile","Decaf","38"
"503","Oregon","West","Small Market","54.0","101.0","36.0","22.0","10.0","777.0","40.0","30.0","40.0","70.0","8","01/01/11 00:00:00","Herbal Tea","Chamomile","Decaf","65"
"503","Oregon","West","Small Market","48.0","86.0","33.0","20.0","9.0","772.0","50.0","20.0","50.0","70.0","8","02/01/11 00:00:00","Herbal Tea","Chamomile","Decaf","53"
"503","Oregon","West","Small Market","55.0","98.0","37.0","22.0","10.0","768.0","50.0","30.0","50.0","80.0","8","03/01/11 00:00:00","Herbal Tea","Chamomile","Decaf","61"
"503","Oregon","West","Small Market","45.0","74.0","30.0","18.0","8.0","794.0","40.0","20.0","40.0","60.0","8","05/01/11 00:00:00","Herbal Tea","Chamomile","Decaf","44"
"503","Oregon","West","Small Market","44.0","73.0","30.0","19.0","8.0","829.0","40.0","20.0","40.0","60.0","8","07/01/11 00:00:00","Herbal Tea","Chamomile","Decaf","43"
"503","Oregon","West","Small Market","36.0","65.0","25.0","19.0","7.0","823.0","30.0","20.0","30.0","50.0","8","09/01/11 00:00:00","Herbal Tea","Chamomile","Decaf","40"
"503","Oregon","West","Small Market","36.0","64.0","24.0","17.0","6.0","829.0","20.0","20.0","30.0","50.0","8","12/01/11 00:00:00","Herbal Tea","Chamomile","Decaf","40"
"503","Oregon","West","Small Market","56.0","100.0","44.0","27.0","14.0","623.0","30.0","30.0","50.0","80.0","9","01/01/10 00:00:00","Herbal Tea","Lemon","Decaf","56"
"503","Oregon","West","Small Market","56.0","99.0","43.0","26.0","14.0","597.0","30.0","30.0","50.0","80.0","9","06/01/10 00:00:00","Herbal Tea","Lemon","Decaf","56"
"503","Oregon","West","Small Market","53.0","94.0","41.0","26.0","13.0","592.0","30.0","30.0","50.0","80.0","9","07/01/10 00:00:00","Herbal Tea","Lemon","Decaf","53"
"503","Oregon","West","Small Market","56.0","112.0","44.0","28.0","14.0","623.0","30.0","30.0","50.0","80.0","9","01/01/11 00:00:00","Herbal Tea","Lemon","Decaf","68"
"503","Oregon","West","Small Market","56.0","107.0","44.0","26.0","14.0","618.0","30.0","30.0","50.0","80.0","9","02/01/11 00:00:00","Herbal Tea","Lemon","Decaf","63"
"503","Oregon","West","Small Market","55.0","104.0","43.0","26.0","14.0","613.0","30.0","30.0","50.0","80.0","9","03/01/11 00:00:00","Herbal Tea","Lemon","Decaf","61"
"503","Oregon","West","Small Market","56.0","98.0","43.0","24.0","14.0","597.0","30.0","30.0","50.0","80.0","9","06/01/11 00:00:00","Herbal Tea","Lemon","Decaf","55"
"503","Oregon","West","Small Market","53.0","93.0","41.0","24.0","13.0","592.0","30.0","30.0","50.0","80.0","9","07/01/11 00:00:00","Herbal Tea","Lemon","Decaf","52"
"503","Oregon","West","Small Market","104.0","197.0","81.0","38.0","26.0","551.0","70.0","70.0","100.0","170.0","9","12/01/11 00:00:00","Herbal Tea","Lemon","Decaf","116"
"503","Oregon","West","Small Market","32.0","53.0","21.0","17.0","5.0","454.0","20.0","10.0","20.0","30.0","11","04/01/10 00:00:00","Tea","Darjeeling","Regular","32"
"503","Oregon","West","Small Market","29.0","49.0","20.0","17.0","5.0","464.0","20.0","10.0","20.0","30.0","11","05/01/10 00:00:00","Tea","Darjeeling","Regular","29"
"503","Oregon","West","Small Market","26.0","44.0","18.0","17.0","5.0","478.0","10.0","10.0","10.0","20.0","11","06/01/10 00:00:00","Tea","Darjeeling","Regular","26"
"503","Oregon","West","Small Market","25.0","41.0","16.0","16.0","4.0","484.0","10.0","10.0","10.0","20.0","11","08/01/10 00:00:00","Tea","Darjeeling","Regular","25"
"503","Oregon","West","Small Market","34.0","60.0","22.0","17.0","6.0","452.0","20.0","10.0","20.0","30.0","11","02/01/11 00:00:00","Tea","Darjeeling","Regular","38"
"503","Oregon","West","Small Market","29.0","49.0","20.0","16.0","5.0","464.0","20.0","10.0","20.0","30.0","11","05/01/11 00:00:00","Tea","Darjeeling","Regular","29"
"503","Oregon","West","Small Market","26.0","44.0","18.0","16.0","5.0","486.0","10.0","10.0","10.0","20.0","11","07/01/11 00:00:00","Tea","Darjeeling","Regular","26"
"503","Oregon","West","Small Market","48.0","85.0","32.0","20.0","8.0","482.0","30.0","20.0","30.0","50.0","11","11/01/11 00:00:00","Tea","Darjeeling","Regular","53"
"503","Oregon","West","Small Market","126.0","210.0","84.0","58.0","27.0","651.0","60.0","50.0","90.0","140.0","12","01/01/10 00:00:00","Tea","Earl Grey","Regular","126"
"503","Oregon","West","Small Market","126.0","210.0","84.0","58.0","27.0","632.0","60.0","50.0","90.0","140.0","12","03/01/10 00:00:00","Tea","Earl Grey","Regular","126"
"503","Oregon","West","Small Market","141.0","235.0","94.0","62.0","31.0","697.0","50.0","60.0","90.0","150.0","12","05/01/10 00:00:00","Tea","Earl Grey","Regular","141"
"503","Oregon","West","Small Market","167.0","278.0","111.0","67.0","36.0","767.0","70.0","70.0","110.0","180.0","12","06/01/10 00:00:00","Tea","Earl Grey","Regular","167"
"503","Oregon","West","Small Market","172.0","286.0","114.0","68.0","37.0","822.0","80.0","70.0","120.0","190.0","12","07/01/10 00:00:00","Tea","Earl Grey","Regular","172"
"503","Oregon","West","Small Market","126.0","235.0","84.0","61.0","27.0","651.0","60.0","50.0","90.0","140.0","12","01/01/11 00:00:00","Tea","Earl Grey","Regular","151"
"503","Oregon","West","Small Market","120.0","213.0","80.0","58.0","26.0","640.0","50.0","50.0","80.0","130.0","12","02/01/11 00:00:00","Tea","Earl Grey","Regular","133"
"503","Oregon","West","Small Market","134.0","237.0","88.0","61.0","29.0","653.0","70.0","50.0","100.0","150.0","12","04/01/11 00:00:00","Tea","Earl Grey","Regular","149"
"503","Oregon","West","Small Market","141.0","233.0","94.0","58.0","31.0","697.0","50.0","60.0","90.0","150.0","12","05/01/11 00:00:00","Tea","Earl Grey","Regular","139"
"503","Oregon","West","Small Market","167.0","276.0","111.0","62.0","36.0","767.0","70.0","70.0","110.0","180.0","12","06/01/11 00:00:00","Tea","Earl Grey","Regular","165"
"503","Oregon","West","Small Market","150.0","265.0","99.0","63.0","32.0","798.0","60.0","60.0","100.0","160.0","12","09/01/11 00:00:00","Tea","Earl Grey","Regular","166"
"503","Oregon","West","Small Market","123.0","218.0","82.0","59.0","27.0","788.0","50.0","30.0","60.0","90.0","12","10/01/11 00:00:00","Tea","Earl Grey","Regular","136"
"503","Oregon","West","Small Market","119.0","210.0","78.0","57.0","25.0","798.0","50.0","50.0","90.0","140.0","12","11/01/11 00:00:00","Tea","Earl Grey","Regular","132"
"503","Oregon","West","Small Market","72.0","130.0","58.0","56.0","22.0","338.0","20.0","50.0","70.0","120.0","4","01/01/10 00:00:00","Espresso","Caffe Latte","Regular","72"
"503","Oregon","West","Small Market","73.0","132.0","59.0","55.0","22.0","331.0","20.0","50.0","70.0","120.0","4","02/01/10 00:00:00","Espresso","Caffe Latte","Regular","73"
"503","Oregon","West","Small Market","64.0","115.0","51.0","53.0","19.0","396.0","30.0","40.0","70.0","110.0","4","06/01/10 00:00:00","Espresso","Caffe Latte","Regular","64"
"503","Oregon","West","Small Market","57.0","102.0","45.0","51.0","17.0","409.0","10.0","40.0","50.0","90.0","4","09/01/10 00:00:00","Espresso","Caffe Latte","Regular","57"
"503","Oregon","West","Small Market","66.0","120.0","54.0","54.0","20.0","404.0","40.0","40.0","60.0","100.0","4","10/01/10 00:00:00","Espresso","Caffe Latte","Regular","66"
"503","Oregon","West","Small Market","72.0","145.0","58.0","59.0","22.0","338.0","20.0","50.0","70.0","120.0","4","01/01/11 00:00:00","Espresso","Caffe Latte","Regular","87"
"503","Oregon","West","Small Market","71.0","137.0","58.0","56.0","22.0","325.0","20.0","50.0","70.0","120.0","4","03/01/11 00:00:00","Espresso","Caffe Latte","Regular","79"
"503","Oregon","West","Small Market","69.0","132.0","55.0","53.0","20.0","410.0","30.0","50.0","70.0","120.0","4","11/01/11 00:00:00","Espresso","Caffe Latte","Regular","77"
"504","Louisiana","South","Small Market","51.0","86.0","35.0","21.0","9.0","776.0","50.0","40.0","60.0","100.0","2","04/01/10 00:00:00","Coffee","Columbian","Regular","51"
"504","Louisiana","South","Small Market","70.0","118.0","48.0","24.0","13.0","839.0","60.0","60.0","80.0","140.0","2","08/01/10 00:00:00","Coffee","Columbian","Regular","70"
"504","Louisiana","South","Small Market","56.0","100.0","38.0","22.0","10.0","772.0","60.0","40.0","70.0","110.0","2","02/01/11 00:00:00","Coffee","Columbian","Regular","62"
"504","Louisiana","South","Small Market","70.0","117.0","48.0","22.0","13.0","839.0","60.0","60.0","80.0","140.0","2","08/01/11 00:00:00","Coffee","Columbian","Regular","69"
"504","Louisiana","South","Small Market","68.0","115.0","47.0","24.0","13.0","772.0","70.0","50.0","90.0","140.0","3","02/01/10 00:00:00","Coffee","Decaf Irish Cream","Decaf","68"
"504","Louisiana","South","Small Market","91.0","154.0","63.0","28.0","17.0","864.0","100.0","70.0","120.0","190.0","3","08/01/10 00:00:00","Coffee","Decaf Irish Cream","Decaf","91"
"504","Louisiana","South","Small Market","75.0","126.0","51.0","25.0","14.0","857.0","70.0","60.0","90.0","150.0","3","09/01/10 00:00:00","Coffee","Decaf Irish Cream","Decaf","75"
"504","Louisiana","South","Small Market","47.0","78.0","31.0","19.0","8.0","856.0","50.0","30.0","60.0","90.0","3","11/01/10 00:00:00","Coffee","Decaf Irish Cream","Decaf","47"
"504","Louisiana","South","Small Market","68.0","123.0","47.0","24.0","13.0","772.0","70.0","50.0","90.0","140.0","3","02/01/11 00:00:00","Coffee","Decaf Irish Cream","Decaf","76"
"504","Louisiana","South","Small Market","72.0","129.0","49.0","24.0","13.0","779.0","70.0","60.0","90.0","150.0","3","04/01/11 00:00:00","Coffee","Decaf Irish Cream","Decaf","80"
"504","Louisiana","South","Small Market","85.0","143.0","59.0","25.0","16.0","870.0","90.0","70.0","110.0","180.0","3","07/01/11 00:00:00","Coffee","Decaf Irish Cream","Decaf","84"
"504","Louisiana","South","Small Market","75.0","134.0","51.0","25.0","14.0","857.0","70.0","60.0","90.0","150.0","3","09/01/11 00:00:00","Coffee","Decaf Irish Cream","Decaf","83"
"504","Louisiana","South","Small Market","47.0","83.0","31.0","19.0","8.0","856.0","50.0","30.0","60.0","90.0","3","11/01/11 00:00:00","Coffee","Decaf Irish Cream","Decaf","52"
"504","Louisiana","South","Small Market","109.0","174.0","65.0","44.0","20.0","372.0","70.0","50.0","90.0","140.0","5","02/01/10 00:00:00","Espresso","Caffe Mocha","Regular","109"
"504","Louisiana","South","Small Market","105.0","178.0","62.0","42.0","19.0","346.0","70.0","50.0","90.0","140.0","5","03/01/11 00:00:00","Espresso","Caffe Mocha","Regular","116"
"504","Louisiana","South","Small Market","77.0","129.0","52.0","39.0","16.0","376.0","50.0","40.0","70.0","110.0","6","03/01/10 00:00:00","Espresso","Decaf Espresso","Decaf","77"
"504","Louisiana","South","Small Market","54.0","90.0","36.0","33.0","11.0","458.0","20.0","30.0","40.0","70.0","6","08/01/10 00:00:00","Espresso","Decaf Espresso","Decaf","54"
"504","Louisiana","South","Small Market","68.0","121.0","46.0","37.0","14.0","388.0","40.0","30.0","60.0","90.0","6","04/01/11 00:00:00","Espresso","Decaf Espresso","Decaf","75"
"504","Louisiana","South","Small Market","54.0","89.0","36.0","31.0","11.0","458.0","20.0","30.0","40.0","70.0","6","08/01/11 00:00:00","Espresso","Decaf Espresso","Decaf","53"
"504","Louisiana","South","Small Market","99.0","176.0","77.0","38.0","25.0","581.0","70.0","70.0","100.0","170.0","8","08/01/10 00:00:00","Herbal Tea","Chamomile","Decaf","99"
"504","Louisiana","South","Small Market","67.0","127.0","52.0","29.0","17.0","605.0","50.0","40.0","70.0","110.0","8","04/01/11 00:00:00","Herbal Tea","Chamomile","Decaf","75"
"504","Louisiana","South","Small Market","99.0","174.0","77.0","35.0","25.0","581.0","70.0","70.0","100.0","170.0","8","08/01/11 00:00:00","Herbal Tea","Chamomile","Decaf","97"
"504","Louisiana","South","Small Market","105.0","190.0","85.0","65.0","32.0","494.0","40.0","80.0","100.0","180.0","9","01/01/10 00:00:00","Herbal Tea","Lemon","Decaf","105"
"504","Louisiana","South","Small Market","98.0","177.0","79.0","64.0","30.0","593.0","60.0","60.0","90.0","150.0","9","10/01/10 00:00:00","Herbal Tea","Lemon","Decaf","98"
"504","Louisiana","South","Small Market","104.0","201.0","85.0","65.0","32.0","476.0","40.0","80.0","100.0","180.0","9","03/01/11 00:00:00","Herbal Tea","Lemon","Decaf","116"
"504","Louisiana","South","Small Market","105.0","180.0","75.0","97.0","68.0","522.0","10.0","60.0","90.0","150.0","4","01/01/10 00:00:00","Espresso","Caffe Latte","Regular","105"
"504","Louisiana","South","Small Market","86.0","147.0","61.0","85.0","55.0","-906.0","10.0","40.0","70.0","110.0","4","11/01/10 00:00:00","Espresso","Caffe Latte","Regular","86"
"504","Louisiana","South","Small Market","105.0","201.0","75.0","102.0","68.0","522.0","10.0","60.0","90.0","150.0","4","01/01/11 00:00:00","Espresso","Caffe Latte","Regular","126"
"504","Louisiana","South","Small Market","84.0","153.0","60.0","83.0","54.0","-762.0","10.0","30.0","60.0","90.0","4","10/01/11 00:00:00","Espresso","Caffe Latte","Regular","93"
"505","New Mexico","South","Small Market","72.0","120.0","48.0","46.0","15.0","372.0","50.0","60.0","90.0","150.0","2","01/01/10 00:00:00","Coffee","Columbian","Regular","72"
"505","New Mexico","South","Small Market","69.0","114.0","45.0","45.0","14.0","366.0","50.0","50.0","90.0","140.0","2","02/01/10 00:00:00","Coffee","Columbian","Regular","69"
"505","New Mexico","South","Small Market","72.0","119.0","47.0","46.0","15.0","361.0","50.0","50.0","90.0","140.0","2","03/01/10 00:00:00","Coffee","Columbian","Regular","72"
"505","New Mexico","South","Small Market","75.0","125.0","50.0","48.0","16.0","372.0","50.0","60.0","90.0","150.0","2","04/01/10 00:00:00","Coffee","Columbian","Regular","75"
"505","New Mexico","South","Small Market","80.0","132.0","52.0","49.0","17.0","397.0","60.0","60.0","100.0","160.0","2","05/01/10 00:00:00","Coffee","Columbian","Regular","80"
"505","New Mexico","South","Small Market","94.0","156.0","62.0","51.0","20.0","436.0","80.0","70.0","120.0","190.0","2","06/01/10 00:00:00","Coffee","Columbian","Regular","94"
"505","New Mexico","South","Small Market","96.0","160.0","64.0","52.0","21.0","467.0","70.0","80.0","120.0","200.0","2","07/01/10 00:00:00","Coffee","Columbian","Regular","96"
"505","New Mexico","South","Small Market","96.0","160.0","64.0","52.0","21.0","460.0","70.0","80.0","120.0","200.0","2","08/01/10 00:00:00","Coffee","Columbian","Regular","96"
"505","New Mexico","South","Small Market","84.0","139.0","55.0","50.0","18.0","453.0","70.0","60.0","110.0","170.0","2","09/01/10 00:00:00","Coffee","Columbian","Regular","84"
"505","New Mexico","South","Small Market","69.0","114.0","45.0","46.0","14.0","447.0","80.0","50.0","110.0","160.0","2","10/01/10 00:00:00","Coffee","Columbian","Regular","69"
"505","New Mexico","South","Small Market","66.0","109.0","43.0","46.0","14.0","452.0","30.0","50.0","70.0","120.0","2","11/01/10 00:00:00","Coffee","Columbian","Regular","66"
"505","New Mexico","South","Small Market","74.0","122.0","48.0","47.0","15.0","462.0","50.0","50.0","90.0","140.0","2","12/01/10 00:00:00","Coffee","Columbian","Regular","74"
"505","New Mexico","South","Small Market","72.0","134.0","48.0","48.0","15.0","372.0","50.0","60.0","90.0","150.0","2","01/01/11 00:00:00","Coffee","Columbian","Regular","86"
"505","New Mexico","South","Small Market","69.0","121.0","45.0","45.0","14.0","366.0","50.0","50.0","90.0","140.0","2","02/01/11 00:00:00","Coffee","Columbian","Regular","76"
"505","New Mexico","South","Small Market","72.0","127.0","47.0","46.0","15.0","361.0","50.0","50.0","90.0","140.0","2","03/01/11 00:00:00","Coffee","Columbian","Regular","80"
"505","New Mexico","South","Small Market","75.0","133.0","50.0","48.0","16.0","372.0","50.0","60.0","90.0","150.0","2","04/01/11 00:00:00","Coffee","Columbian","Regular","83"
"505","New Mexico","South","Small Market","80.0","131.0","52.0","46.0","17.0","397.0","60.0","60.0","100.0","160.0","2","05/01/11 00:00:00","Coffee","Columbian","Regular","79"
"505","New Mexico","South","Small Market","94.0","155.0","62.0","47.0","20.0","436.0","80.0","70.0","120.0","190.0","2","06/01/11 00:00:00","Coffee","Columbian","Regular","93"
"505","New Mexico","South","Small Market","96.0","159.0","64.0","48.0","21.0","467.0","70.0","80.0","120.0","200.0","2","07/01/11 00:00:00","Coffee","Columbian","Regular","95"
"505","New Mexico","South","Small Market","96.0","159.0","64.0","48.0","21.0","460.0","70.0","80.0","120.0","200.0","2","08/01/11 00:00:00","Coffee","Columbian","Regular","95"
"505","New Mexico","South","Small Market","84.0","148.0","55.0","50.0","18.0","453.0","70.0","60.0","110.0","170.0","2","09/01/11 00:00:00","Coffee","Columbian","Regular","93"
"505","New Mexico","South","Small Market","69.0","121.0","45.0","46.0","14.0","447.0","80.0","50.0","110.0","160.0","2","10/01/11 00:00:00","Coffee","Columbian","Regular","76"
"505","New Mexico","South","Small Market","66.0","116.0","43.0","46.0","14.0","452.0","30.0","50.0","70.0","120.0","2","11/01/11 00:00:00","Coffee","Columbian","Regular","73"
"505","New Mexico","South","Small Market","74.0","130.0","48.0","47.0","15.0","462.0","50.0","50.0","90.0","140.0","2","12/01/11 00:00:00","Coffee","Columbian","Regular","82"
"505","New Mexico","South","Small Market","11.0","99.0","88.0","50.0","27.0","525.0","-30.0","110.0","10.0","120.0","3","01/01/10 00:00:00","Coffee","Decaf Irish Cream","Decaf","11"
"505","New Mexico","South","Small Market","18.0","102.0","84.0","49.0","26.0","625.0","-20.0","100.0","20.0","120.0","3","02/01/10 00:00:00","Coffee","Decaf Irish Cream","Decaf","18"
"505","New Mexico","South","Small Market","18.0","106.0","88.0","51.0","27.0","715.0","-20.0","110.0","20.0","130.0","3","03/01/10 00:00:00","Coffee","Decaf Irish Cream","Decaf","18"
"505","New Mexico","South","Small Market","40.0","133.0","93.0","51.0","28.0","840.0","10.0","110.0","50.0","160.0","3","04/01/10 00:00:00","Coffee","Decaf Irish Cream","Decaf","40"
"505","New Mexico","South","Small Market","38.0","136.0","98.0","53.0","30.0","973.0","10.0","120.0","50.0","170.0","3","05/01/10 00:00:00","Coffee","Decaf Irish Cream","Decaf","38"
"505","New Mexico","South","Small Market","25.0","141.0","116.0","59.0","35.0","1142.0","-20.0","140.0","30.0","170.0","3","06/01/10 00:00:00","Coffee","Decaf Irish Cream","Decaf","25"
"505","New Mexico","South","Small Market","49.0","169.0","120.0","60.0","37.0","1334.0","10.0","150.0","60.0","210.0","3","07/01/10 00:00:00","Coffee","Decaf Irish Cream","Decaf","49"
"505","New Mexico","South","Small Market","19.0","139.0","120.0","61.0","37.0","1439.0","-30.0","150.0","20.0","170.0","3","08/01/10 00:00:00","Coffee","Decaf Irish Cream","Decaf","19"
"505","New Mexico","South","Small Market","11.0","115.0","104.0","55.0","32.0","1574.0","-40.0","130.0","10.0","140.0","3","09/01/10 00:00:00","Coffee","Decaf Irish Cream","Decaf","11"
"505","New Mexico","South","Small Market","23.0","109.0","86.0","49.0","26.0","1698.0","10.0","110.0","40.0","150.0","3","10/01/10 00:00:00","Coffee","Decaf Irish Cream","Decaf","23"
"505","New Mexico","South","Small Market","40.0","122.0","82.0","48.0","25.0","1804.0","10.0","90.0","50.0","140.0","3","11/01/10 00:00:00","Coffee","Decaf Irish Cream","Decaf","40"
"505","New Mexico","South","Small Market","68.0","160.0","92.0","52.0","28.0","1898.0","40.0","100.0","90.0","190.0","3","12/01/10 00:00:00","Coffee","Decaf Irish Cream","Decaf","68"
"505","New Mexico","South","Small Market","11.0","111.0","88.0","52.0","27.0","525.0","-30.0","110.0","10.0","120.0","3","01/01/11 00:00:00","Coffee","Decaf Irish Cream","Decaf","23"
"505","New Mexico","South","Small Market","18.0","109.0","84.0","49.0","26.0","625.0","-20.0","100.0","20.0","120.0","3","02/01/11 00:00:00","Coffee","Decaf Irish Cream","Decaf","25"
"505","New Mexico","South","Small Market","18.0","113.0","88.0","51.0","27.0","715.0","-20.0","110.0","20.0","130.0","3","03/01/11 00:00:00","Coffee","Decaf Irish Cream","Decaf","25"
"505","New Mexico","South","Small Market","40.0","142.0","93.0","51.0","28.0","840.0","10.0","110.0","50.0","160.0","3","04/01/11 00:00:00","Coffee","Decaf Irish Cream","Decaf","49"
"505","New Mexico","South","Small Market","38.0","135.0","98.0","49.0","30.0","973.0","10.0","120.0","50.0","170.0","3","05/01/11 00:00:00","Coffee","Decaf Irish Cream","Decaf","37"
"505","New Mexico","South","Small Market","25.0","140.0","116.0","55.0","35.0","1142.0","-20.0","140.0","30.0","170.0","3","06/01/11 00:00:00","Coffee","Decaf Irish Cream","Decaf","24"
"505","New Mexico","South","Small Market","49.0","167.0","120.0","56.0","37.0","1334.0","10.0","150.0","60.0","210.0","3","07/01/11 00:00:00","Coffee","Decaf Irish Cream","Decaf","47"
"505","New Mexico","South","Small Market","19.0","138.0","120.0","57.0","37.0","1439.0","-30.0","150.0","20.0","170.0","3","08/01/11 00:00:00","Coffee","Decaf Irish Cream","Decaf","18"
"505","New Mexico","South","Small Market","11.0","123.0","104.0","55.0","32.0","1574.0","-40.0","130.0","10.0","140.0","3","09/01/11 00:00:00","Coffee","Decaf Irish Cream","Decaf","19"
"505","New Mexico","South","Small Market","23.0","116.0","86.0","49.0","26.0","1698.0","10.0","110.0","40.0","150.0","3","10/01/11 00:00:00","Coffee","Decaf Irish Cream","Decaf","30"
"505","New Mexico","South","Small Market","40.0","130.0","82.0","48.0","25.0","1804.0","10.0","90.0","50.0","140.0","3","11/01/11 00:00:00","Coffee","Decaf Irish Cream","Decaf","48"
"505","New Mexico","South","Small Market","68.0","171.0","92.0","52.0","28.0","1898.0","40.0","100.0","90.0","190.0","3","12/01/11 00:00:00","Coffee","Decaf Irish Cream","Decaf","79"
"505","New Mexico","South","Small Market","53.0","90.0","37.0","63.0","34.0","261.0","-10.0","30.0","40.0","70.0","5","01/01/10 00:00:00","Espresso","Caffe Mocha","Regular","53"
"505","New Mexico","South","Small Market","61.0","104.0","43.0","68.0","39.0","256.0","0.0","30.0","50.0","80.0","5","02/01/10 00:00:00","Espresso","Caffe Mocha","Regular","61"
"505","New Mexico","South","Small Market","63.0","107.0","44.0","70.0","40.0","251.0","10.0","30.0","60.0","90.0","5","03/01/10 00:00:00","Espresso","Caffe Mocha","Regular","63"
"505","New Mexico","South","Small Market","63.0","107.0","44.0","69.0","40.0","261.0","10.0","30.0","60.0","90.0","5","04/01/10 00:00:00","Espresso","Caffe Mocha","Regular","63"
"505","New Mexico","South","Small Market","61.0","104.0","43.0","68.0","39.0","282.0","0.0","30.0","50.0","80.0","5","05/01/10 00:00:00","Espresso","Caffe Mocha","Regular","61"
"505","New Mexico","South","Small Market","73.0","125.0","52.0","76.0","47.0","313.0","0.0","40.0","60.0","100.0","5","06/01/10 00:00:00","Espresso","Caffe Mocha","Regular","73"
"505","New Mexico","South","Small Market","82.0","141.0","59.0","83.0","53.0","338.0","0.0","50.0","70.0","120.0","5","07/01/10 00:00:00","Espresso","Caffe Mocha","Regular","82"
"505","New Mexico","South","Small Market","88.0","151.0","63.0","86.0","57.0","332.0","0.0","50.0","70.0","120.0","5","08/01/10 00:00:00","Espresso","Caffe Mocha","Regular","88"
"505","New Mexico","South","Small Market","62.0","106.0","44.0","70.0","40.0","325.0","10.0","30.0","60.0","90.0","5","09/01/10 00:00:00","Espresso","Caffe Mocha","Regular","62"
"505","New Mexico","South","Small Market","64.0","109.0","45.0","70.0","41.0","320.0","10.0","20.0","40.0","60.0","5","10/01/10 00:00:00","Espresso","Caffe Mocha","Regular","64"
"505","New Mexico","South","Small Market","62.0","106.0","44.0","69.0","40.0","325.0","0.0","30.0","50.0","80.0","5","11/01/10 00:00:00","Espresso","Caffe Mocha","Regular","62"
"505","New Mexico","South","Small Market","69.0","118.0","49.0","74.0","44.0","335.0","10.0","30.0","60.0","90.0","5","12/01/10 00:00:00","Espresso","Caffe Mocha","Regular","69"
"505","New Mexico","South","Small Market","53.0","101.0","37.0","66.0","34.0","261.0","-10.0","30.0","40.0","70.0","5","01/01/11 00:00:00","Espresso","Caffe Mocha","Regular","64"
"505","New Mexico","South","Small Market","61.0","111.0","43.0","68.0","39.0","256.0","0.0","30.0","50.0","80.0","5","02/01/11 00:00:00","Espresso","Caffe Mocha","Regular","68"
"505","New Mexico","South","Small Market","63.0","114.0","44.0","70.0","40.0","251.0","10.0","30.0","60.0","90.0","5","03/01/11 00:00:00","Espresso","Caffe Mocha","Regular","70"
"505","New Mexico","South","Small Market","63.0","114.0","44.0","69.0","40.0","261.0","10.0","30.0","60.0","90.0","5","04/01/11 00:00:00","Espresso","Caffe Mocha","Regular","70"
"505","New Mexico","South","Small Market","61.0","103.0","43.0","63.0","39.0","282.0","0.0","30.0","50.0","80.0","5","05/01/11 00:00:00","Espresso","Caffe Mocha","Regular","60"
"505","New Mexico","South","Small Market","73.0","124.0","52.0","71.0","47.0","313.0","0.0","40.0","60.0","100.0","5","06/01/11 00:00:00","Espresso","Caffe Mocha","Regular","72"
"505","New Mexico","South","Small Market","82.0","140.0","59.0","77.0","53.0","338.0","0.0","50.0","70.0","120.0","5","07/01/11 00:00:00","Espresso","Caffe Mocha","Regular","81"
"505","New Mexico","South","Small Market","88.0","150.0","63.0","80.0","57.0","332.0","0.0","50.0","70.0","120.0","5","08/01/11 00:00:00","Espresso","Caffe Mocha","Regular","87"
"505","New Mexico","South","Small Market","62.0","113.0","44.0","70.0","40.0","325.0","10.0","30.0","60.0","90.0","5","09/01/11 00:00:00","Espresso","Caffe Mocha","Regular","69"
"505","New Mexico","South","Small Market","64.0","116.0","45.0","70.0","41.0","320.0","10.0","20.0","40.0","60.0","5","10/01/11 00:00:00","Espresso","Caffe Mocha","Regular","71"
"505","New Mexico","South","Small Market","62.0","113.0","44.0","69.0","40.0","325.0","0.0","30.0","50.0","80.0","5","11/01/11 00:00:00","Espresso","Caffe Mocha","Regular","69"
"505","New Mexico","South","Small Market","69.0","126.0","49.0","74.0","44.0","335.0","10.0","30.0","60.0","90.0","5","12/01/11 00:00:00","Espresso","Caffe Mocha","Regular","77"
"505","New Mexico","South","Small Market","47.0","82.0","35.0","38.0","11.0","196.0","10.0","30.0","40.0","70.0","6","01/01/10 00:00:00","Espresso","Decaf Espresso","Decaf","47"
"505","New Mexico","South","Small Market","47.0","82.0","35.0","39.0","11.0","191.0","10.0","30.0","40.0","70.0","6","02/01/10 00:00:00","Espresso","Decaf Espresso","Decaf","47"
"505","New Mexico","South","Small Market","49.0","85.0","36.0","38.0","11.0","187.0","10.0","30.0","40.0","70.0","6","03/01/10 00:00:00","Espresso","Decaf Espresso","Decaf","49"
"505","New Mexico","South","Small Market","51.0","88.0","37.0","39.0","12.0","195.0","10.0","30.0","40.0","70.0","6","04/01/10 00:00:00","Espresso","Decaf Espresso","Decaf","51"
"505","New Mexico","South","Small Market","53.0","92.0","39.0","39.0","12.0","212.0","10.0","30.0","40.0","70.0","6","05/01/10 00:00:00","Espresso","Decaf Espresso","Decaf","53"
"505","New Mexico","South","Small Market","55.0","96.0","41.0","41.0","13.0","239.0","20.0","30.0","50.0","80.0","6","06/01/10 00:00:00","Espresso","Decaf Espresso","Decaf","55"
"505","New Mexico","South","Small Market","59.0","103.0","44.0","41.0","14.0","258.0","20.0","30.0","50.0","80.0","6","07/01/10 00:00:00","Espresso","Decaf Espresso","Decaf","59"
"505","New Mexico","South","Small Market","60.0","105.0","45.0","42.0","14.0","253.0","30.0","30.0","60.0","90.0","6","08/01/10 00:00:00","Espresso","Decaf Espresso","Decaf","60"
"505","New Mexico","South","Small Market","52.0","91.0","39.0","39.0","12.0","248.0","10.0","30.0","40.0","70.0","6","09/01/10 00:00:00","Espresso","Decaf Espresso","Decaf","52"
"505","New Mexico","South","Small Market","53.0","92.0","39.0","39.0","12.0","244.0","20.0","20.0","30.0","50.0","6","10/01/10 00:00:00","Espresso","Decaf Espresso","Decaf","53"
"505","New Mexico","South","Small Market","47.0","82.0","35.0","39.0","11.0","248.0","20.0","20.0","40.0","60.0","6","11/01/10 00:00:00","Espresso","Decaf Espresso","Decaf","47"
"505","New Mexico","South","Small Market","51.0","89.0","38.0","39.0","12.0","256.0","0.0","30.0","30.0","60.0","6","12/01/10 00:00:00","Espresso","Decaf Espresso","Decaf","51"
"505","New Mexico","South","Small Market","47.0","92.0","35.0","40.0","11.0","196.0","10.0","30.0","40.0","70.0","6","01/01/11 00:00:00","Espresso","Decaf Espresso","Decaf","57"
"505","New Mexico","South","Small Market","47.0","87.0","35.0","39.0","11.0","191.0","10.0","30.0","40.0","70.0","6","02/01/11 00:00:00","Espresso","Decaf Espresso","Decaf","52"
"505","New Mexico","South","Small Market","49.0","91.0","36.0","38.0","11.0","187.0","10.0","30.0","40.0","70.0","6","03/01/11 00:00:00","Espresso","Decaf Espresso","Decaf","55"
"505","New Mexico","South","Small Market","51.0","94.0","37.0","39.0","12.0","195.0","10.0","30.0","40.0","70.0","6","04/01/11 00:00:00","Espresso","Decaf Espresso","Decaf","57"
"505","New Mexico","South","Small Market","53.0","91.0","39.0","36.0","12.0","212.0","10.0","30.0","40.0","70.0","6","05/01/11 00:00:00","Espresso","Decaf Espresso","Decaf","52"
"505","New Mexico","South","Small Market","55.0","95.0","41.0","38.0","13.0","239.0","20.0","30.0","50.0","80.0","6","06/01/11 00:00:00","Espresso","Decaf Espresso","Decaf","54"
"505","New Mexico","South","Small Market","59.0","102.0","44.0","38.0","14.0","258.0","20.0","30.0","50.0","80.0","6","07/01/11 00:00:00","Espresso","Decaf Espresso","Decaf","58"
"505","New Mexico","South","Small Market","60.0","104.0","45.0","39.0","14.0","253.0","30.0","30.0","60.0","90.0","6","08/01/11 00:00:00","Espresso","Decaf Espresso","Decaf","59"
"505","New Mexico","South","Small Market","52.0","97.0","39.0","39.0","12.0","248.0","10.0","30.0","40.0","70.0","6","09/01/11 00:00:00","Espresso","Decaf Espresso","Decaf","58"
"505","New Mexico","South","Small Market","53.0","98.0","39.0","39.0","12.0","244.0","20.0","20.0","30.0","50.0","6","10/01/11 00:00:00","Espresso","Decaf Espresso","Decaf","59"
"505","New Mexico","South","Small Market","47.0","87.0","35.0","39.0","11.0","248.0","20.0","20.0","40.0","60.0","6","11/01/11 00:00:00","Espresso","Decaf Espresso","Decaf","52"
"505","New Mexico","South","Small Market","51.0","95.0","38.0","39.0","12.0","256.0","0.0","30.0","30.0","60.0","6","12/01/11 00:00:00","Espresso","Decaf Espresso","Decaf","57"
"505","New Mexico","South","Small Market","27.0","45.0","18.0","16.0","5.0","821.0","20.0","10.0","30.0","40.0","8","01/01/10 00:00:00","Herbal Tea","Chamomile","Decaf","27"
"505","New Mexico","South","Small Market","27.0","45.0","18.0","17.0","5.0","818.0","20.0","10.0","30.0","40.0","8","02/01/10 00:00:00","Herbal Tea","Chamomile","Decaf","27"
"505","New Mexico","South","Small Market","27.0","45.0","18.0","17.0","5.0","816.0","20.0","10.0","30.0","40.0","8","03/01/10 00:00:00","Herbal Tea","Chamomile","Decaf","27"
"505","New Mexico","South","Small Market","28.0","47.0","19.0","16.0","5.0","820.0","20.0","10.0","30.0","40.0","8","04/01/10 00:00:00","Herbal Tea","Chamomile","Decaf","28"
"505","New Mexico","South","Small Market","29.0","49.0","20.0","17.0","5.0","829.0","20.0","10.0","30.0","40.0","8","05/01/10 00:00:00","Herbal Tea","Chamomile","Decaf","29"
"505","New Mexico","South","Small Market","35.0","58.0","23.0","17.0","6.0","843.0","20.0","20.0","30.0","50.0","8","06/01/10 00:00:00","Herbal Tea","Chamomile","Decaf","35"
"505","New Mexico","South","Small Market","36.0","61.0","25.0","19.0","7.0","854.0","20.0","20.0","30.0","50.0","8","07/01/10 00:00:00","Herbal Tea","Chamomile","Decaf","36"
"505","New Mexico","South","Small Market","38.0","63.0","25.0","19.0","7.0","851.0","30.0","20.0","40.0","60.0","8","08/01/10 00:00:00","Herbal Tea","Chamomile","Decaf","38"
"505","New Mexico","South","Small Market","29.0","48.0","19.0","16.0","5.0","848.0","20.0","10.0","30.0","40.0","8","09/01/10 00:00:00","Herbal Tea","Chamomile","Decaf","29"
"505","New Mexico","South","Small Market","31.0","52.0","21.0","17.0","5.0","846.0","30.0","10.0","30.0","40.0","8","10/01/10 00:00:00","Herbal Tea","Chamomile","Decaf","31"
"505","New Mexico","South","Small Market","24.0","39.0","15.0","15.0","4.0","848.0","10.0","10.0","20.0","30.0","8","11/01/10 00:00:00","Herbal Tea","Chamomile","Decaf","24"
"505","New Mexico","South","Small Market","25.0","41.0","16.0","16.0","4.0","851.0","10.0","10.0","20.0","30.0","8","12/01/10 00:00:00","Herbal Tea","Chamomile","Decaf","25"
"505","New Mexico","South","Small Market","27.0","50.0","18.0","17.0","5.0","821.0","20.0","10.0","30.0","40.0","8","01/01/11 00:00:00","Herbal Tea","Chamomile","Decaf","32"
"505","New Mexico","South","Small Market","27.0","48.0","18.0","17.0","5.0","818.0","20.0","10.0","30.0","40.0","8","02/01/11 00:00:00","Herbal Tea","Chamomile","Decaf","30"
"505","New Mexico","South","Small Market","27.0","48.0","18.0","17.0","5.0","816.0","20.0","10.0","30.0","40.0","8","03/01/11 00:00:00","Herbal Tea","Chamomile","Decaf","30"
"505","New Mexico","South","Small Market","28.0","50.0","19.0","16.0","5.0","820.0","20.0","10.0","30.0","40.0","8","04/01/11 00:00:00","Herbal Tea","Chamomile","Decaf","31"
"505","New Mexico","South","Small Market","29.0","49.0","20.0","16.0","5.0","829.0","20.0","10.0","30.0","40.0","8","05/01/11 00:00:00","Herbal Tea","Chamomile","Decaf","29"
"505","New Mexico","South","Small Market","35.0","57.0","23.0","16.0","6.0","843.0","20.0","20.0","30.0","50.0","8","06/01/11 00:00:00","Herbal Tea","Chamomile","Decaf","34"
"505","New Mexico","South","Small Market","36.0","60.0","25.0","18.0","7.0","854.0","20.0","20.0","30.0","50.0","8","07/01/11 00:00:00","Herbal Tea","Chamomile","Decaf","35"
"505","New Mexico","South","Small Market","38.0","62.0","25.0","18.0","7.0","851.0","30.0","20.0","40.0","60.0","8","08/01/11 00:00:00","Herbal Tea","Chamomile","Decaf","37"
"505","New Mexico","South","Small Market","29.0","51.0","19.0","16.0","5.0","848.0","20.0","10.0","30.0","40.0","8","09/01/11 00:00:00","Herbal Tea","Chamomile","Decaf","32"
"505","New Mexico","South","Small Market","31.0","55.0","21.0","17.0","5.0","846.0","30.0","10.0","30.0","40.0","8","10/01/11 00:00:00","Herbal Tea","Chamomile","Decaf","34"
"505","New Mexico","South","Small Market","24.0","42.0","15.0","15.0","4.0","848.0","10.0","10.0","20.0","30.0","8","11/01/11 00:00:00","Herbal Tea","Chamomile","Decaf","27"
"505","New Mexico","South","Small Market","25.0","44.0","16.0","16.0","4.0","851.0","10.0","10.0","20.0","30.0","8","12/01/11 00:00:00","Herbal Tea","Chamomile","Decaf","28"
"505","New Mexico","South","Small Market","34.0","62.0","28.0","30.0","8.0","965.0","20.0","20.0","40.0","60.0","9","01/01/10 00:00:00","Herbal Tea","Lemon","Decaf","34"
"505","New Mexico","South","Small Market","35.0","63.0","28.0","30.0","8.0","961.0","20.0","20.0","40.0","60.0","9","02/01/10 00:00:00","Herbal Tea","Lemon","Decaf","35"
"505","New Mexico","South","Small Market","35.0","63.0","28.0","30.0","8.0","958.0","20.0","20.0","40.0","60.0","9","03/01/10 00:00:00","Herbal Tea","Lemon","Decaf","35"
"505","New Mexico","South","Small Market","33.0","61.0","28.0","30.0","8.0","964.0","10.0","20.0","30.0","50.0","9","04/01/10 00:00:00","Herbal Tea","Lemon","Decaf","33"
"505","New Mexico","South","Small Market","37.0","68.0","31.0","30.0","9.0","976.0","20.0","20.0","40.0","60.0","9","05/01/10 00:00:00","Herbal Tea","Lemon","Decaf","37"
"505","New Mexico","South","Small Market","38.0","70.0","32.0","30.0","9.0","996.0","10.0","30.0","30.0","60.0","9","06/01/10 00:00:00","Herbal Tea","Lemon","Decaf","38"
"505","New Mexico","South","Small Market","41.0","75.0","34.0","31.0","10.0","1010.0","20.0","30.0","40.0","70.0","9","07/01/10 00:00:00","Herbal Tea","Lemon","Decaf","41"
"505","New Mexico","South","Small Market","49.0","90.0","41.0","34.0","12.0","1007.0","20.0","30.0","50.0","80.0","9","08/01/10 00:00:00","Herbal Tea","Lemon","Decaf","49"
"505","New Mexico","South","Small Market","39.0","72.0","33.0","31.0","10.0","1003.0","20.0","30.0","40.0","70.0","9","09/01/10 00:00:00","Herbal Tea","Lemon","Decaf","39"
"505","New Mexico","South","Small Market","37.0","68.0","31.0","31.0","9.0","1000.0","30.0","10.0","40.0","50.0","9","10/01/10 00:00:00","Herbal Tea","Lemon","Decaf","37"
"505","New Mexico","South","Small Market","35.0","64.0","29.0","30.0","8.0","1003.0","10.0","20.0","30.0","50.0","9","11/01/10 00:00:00","Herbal Tea","Lemon","Decaf","35"
"505","New Mexico","South","Small Market","38.0","69.0","31.0","31.0","9.0","1009.0","20.0","20.0","40.0","60.0","9","12/01/10 00:00:00","Herbal Tea","Lemon","Decaf","38"
"505","New Mexico","South","Small Market","34.0","69.0","28.0","32.0","8.0","965.0","20.0","20.0","40.0","60.0","9","01/01/11 00:00:00","Herbal Tea","Lemon","Decaf","41"
"505","New Mexico","South","Small Market","35.0","67.0","28.0","30.0","8.0","961.0","20.0","20.0","40.0","60.0","9","02/01/11 00:00:00","Herbal Tea","Lemon","Decaf","39"
"505","New Mexico","South","Small Market","35.0","67.0","28.0","30.0","8.0","958.0","20.0","20.0","40.0","60.0","9","03/01/11 00:00:00","Herbal Tea","Lemon","Decaf","39"
"505","New Mexico","South","Small Market","33.0","65.0","28.0","30.0","8.0","964.0","10.0","20.0","30.0","50.0","9","04/01/11 00:00:00","Herbal Tea","Lemon","Decaf","37"
"505","New Mexico","South","Small Market","37.0","67.0","31.0","28.0","9.0","976.0","20.0","20.0","40.0","60.0","9","05/01/11 00:00:00","Herbal Tea","Lemon","Decaf","36"
"505","New Mexico","South","Small Market","38.0","69.0","32.0","28.0","9.0","996.0","10.0","30.0","30.0","60.0","9","06/01/11 00:00:00","Herbal Tea","Lemon","Decaf","37"
"505","New Mexico","South","Small Market","41.0","74.0","34.0","29.0","10.0","1010.0","20.0","30.0","40.0","70.0","9","07/01/11 00:00:00","Herbal Tea","Lemon","Decaf","40"
"505","New Mexico","South","Small Market","49.0","89.0","41.0","32.0","12.0","1007.0","20.0","30.0","50.0","80.0","9","08/01/11 00:00:00","Herbal Tea","Lemon","Decaf","48"
"505","New Mexico","South","Small Market","39.0","77.0","33.0","31.0","10.0","1003.0","20.0","30.0","40.0","70.0","9","09/01/11 00:00:00","Herbal Tea","Lemon","Decaf","44"
"505","New Mexico","South","Small Market","37.0","72.0","31.0","31.0","9.0","1000.0","30.0","10.0","40.0","50.0","9","10/01/11 00:00:00","Herbal Tea","Lemon","Decaf","41"
"505","New Mexico","South","Small Market","35.0","68.0","29.0","30.0","8.0","1003.0","10.0","20.0","30.0","50.0","9","11/01/11 00:00:00","Herbal Tea","Lemon","Decaf","39"
"505","New Mexico","South","Small Market","38.0","74.0","31.0","31.0","9.0","1009.0","20.0","20.0","40.0","60.0","9","12/01/11 00:00:00","Herbal Tea","Lemon","Decaf","43"
"505","New Mexico","South","Small Market","36.0","65.0","29.0","44.0","11.0","169.0","0.0","20.0","30.0","50.0","4","01/01/10 00:00:00","Espresso","Caffe Latte","Regular","36"
"505","New Mexico","South","Small Market","38.0","68.0","30.0","45.0","11.0","104.0","0.0","20.0","30.0","50.0","4","02/01/10 00:00:00","Espresso","Caffe Latte","Regular","38"
"505","New Mexico","South","Small Market","42.0","75.0","33.0","45.0","12.0","36.0","10.0","20.0","40.0","60.0","4","03/01/10 00:00:00","Espresso","Caffe Latte","Regular","42"
"505","New Mexico","South","Small Market","36.0","65.0","29.0","45.0","11.0","-39.0","0.0","20.0","30.0","50.0","4","04/01/10 00:00:00","Espresso","Caffe Latte","Regular","36"
"505","New Mexico","South","Small Market","42.0","76.0","34.0","46.0","12.0","-104.0","10.0","20.0","40.0","60.0","4","05/01/10 00:00:00","Espresso","Caffe Latte","Regular","42"
"505","New Mexico","South","Small Market","43.0","78.0","35.0","46.0","13.0","-180.0","0.0","30.0","30.0","60.0","4","06/01/10 00:00:00","Espresso","Caffe Latte","Regular","43"
"505","New Mexico","South","Small Market","49.0","89.0","40.0","48.0","15.0","-258.0","10.0","30.0","40.0","70.0","4","07/01/10 00:00:00","Espresso","Caffe Latte","Regular","49"
"505","New Mexico","South","Small Market","36.0","65.0","29.0","44.0","11.0","-347.0","0.0","20.0","30.0","50.0","4","08/01/10 00:00:00","Espresso","Caffe Latte","Regular","36"
"505","New Mexico","South","Small Market","30.0","54.0","24.0","42.0","9.0","-412.0","0.0","20.0","20.0","40.0","4","09/01/10 00:00:00","Espresso","Caffe Latte","Regular","30"
"505","New Mexico","South","Small Market","31.0","56.0","25.0","43.0","9.0","-466.0","10.0","10.0","20.0","30.0","4","10/01/10 00:00:00","Espresso","Caffe Latte","Regular","31"
"505","New Mexico","South","Small Market","42.0","76.0","34.0","46.0","12.0","-522.0","-10.0","20.0","30.0","50.0","4","11/01/10 00:00:00","Espresso","Caffe Latte","Regular","42"
"505","New Mexico","South","Small Market","25.0","45.0","20.0","40.0","7.0","-598.0","-10.0","10.0","20.0","30.0","4","12/01/10 00:00:00","Espresso","Caffe Latte","Regular","25"
"505","New Mexico","South","Small Market","36.0","73.0","29.0","46.0","11.0","169.0","0.0","20.0","30.0","50.0","4","01/01/11 00:00:00","Espresso","Caffe Latte","Regular","44"
"505","New Mexico","South","Small Market","38.0","72.0","30.0","45.0","11.0","104.0","0.0","20.0","30.0","50.0","4","02/01/11 00:00:00","Espresso","Caffe Latte","Regular","42"
"505","New Mexico","South","Small Market","42.0","80.0","33.0","45.0","12.0","36.0","10.0","20.0","40.0","60.0","4","03/01/11 00:00:00","Espresso","Caffe Latte","Regular","47"
"505","New Mexico","South","Small Market","36.0","69.0","29.0","45.0","11.0","-39.0","0.0","20.0","30.0","50.0","4","04/01/11 00:00:00","Espresso","Caffe Latte","Regular","40"
"505","New Mexico","South","Small Market","42.0","75.0","34.0","43.0","12.0","-104.0","10.0","20.0","40.0","60.0","4","05/01/11 00:00:00","Espresso","Caffe Latte","Regular","41"
"505","New Mexico","South","Small Market","43.0","77.0","35.0","43.0","13.0","-180.0","0.0","30.0","30.0","60.0","4","06/01/11 00:00:00","Espresso","Caffe Latte","Regular","42"
"505","New Mexico","South","Small Market","49.0","88.0","40.0","45.0","15.0","-258.0","10.0","30.0","40.0","70.0","4","07/01/11 00:00:00","Espresso","Caffe Latte","Regular","48"
"505","New Mexico","South","Small Market","36.0","64.0","29.0","41.0","11.0","-347.0","0.0","20.0","30.0","50.0","4","08/01/11 00:00:00","Espresso","Caffe Latte","Regular","35"
"505","New Mexico","South","Small Market","30.0","58.0","24.0","42.0","9.0","-412.0","0.0","20.0","20.0","40.0","4","09/01/11 00:00:00","Espresso","Caffe Latte","Regular","34"
"505","New Mexico","South","Small Market","31.0","60.0","25.0","43.0","9.0","-466.0","10.0","10.0","20.0","30.0","4","10/01/11 00:00:00","Espresso","Caffe Latte","Regular","35"
"505","New Mexico","South","Small Market","42.0","81.0","34.0","46.0","12.0","-522.0","-10.0","20.0","30.0","50.0","4","11/01/11 00:00:00","Espresso","Caffe Latte","Regular","47"
"505","New Mexico","South","Small Market","25.0","48.0","20.0","40.0","7.0","-598.0","-10.0","10.0","20.0","30.0","4","12/01/11 00:00:00","Espresso","Caffe Latte","Regular","28"
"508","Massachusetts","East","Major Market","613.0","665.0","52.0","49.0","17.0","-1493.0","560.0","40.0","590.0","630.0","2","07/01/10 00:00:00","Coffee","Columbian","Regular","613"
"508","Massachusetts","East","Major Market","612.0","664.0","52.0","49.0","17.0","-2033.0","560.0","40.0","590.0","630.0","2","08/01/10 00:00:00","Coffee","Columbian","Regular","612"
"508","Massachusetts","East","Major Market","25.0","41.0","16.0","16.0","4.0","484.0","20.0","10.0","30.0","40.0","13","08/01/10 00:00:00","Tea","Green Tea","Regular","25"
"508","Massachusetts","East","Major Market","74.0","128.0","54.0","78.0","49.0","451.0","10.0","50.0","70.0","120.0","5","02/01/10 00:00:00","Espresso","Caffe Mocha","Regular","74"
"508","Massachusetts","East","Major Market","73.0","125.0","52.0","77.0","47.0","446.0","20.0","40.0","80.0","120.0","5","03/01/10 00:00:00","Espresso","Caffe Mocha","Regular","73"
"508","Massachusetts","East","Major Market","46.0","98.0","52.0","77.0","47.0","520.0","-10.0","40.0","50.0","90.0","5","09/01/10 00:00:00","Espresso","Caffe Mocha","Regular","46"
"508","Massachusetts","East","Major Market","71.0","129.0","58.0","55.0","22.0","325.0","30.0","40.0","60.0","100.0","9","03/01/10 00:00:00","Herbal Tea","Lemon","Decaf","71"
"508","Massachusetts","East","Major Market","67.0","121.0","54.0","54.0","20.0","337.0","20.0","40.0","50.0","90.0","9","04/01/10 00:00:00","Herbal Tea","Lemon","Decaf","67"
"508","Massachusetts","East","Major Market","57.0","103.0","46.0","50.0","17.0","422.0","10.0","30.0","40.0","70.0","9","12/01/10 00:00:00","Herbal Tea","Lemon","Decaf","57"
"508","Massachusetts","East","Major Market","73.0","141.0","59.0","55.0","22.0","331.0","30.0","40.0","60.0","100.0","9","02/01/11 00:00:00","Herbal Tea","Lemon","Decaf","82"
"508","Massachusetts","East","Major Market","48.0","80.0","32.0","19.0","8.0","821.0","40.0","30.0","50.0","80.0","11","01/01/10 00:00:00","Tea","Darjeeling","Regular","48"
"508","Massachusetts","East","Major Market","33.0","55.0","22.0","17.0","6.0","865.0","20.0","20.0","30.0","50.0","11","08/01/10 00:00:00","Tea","Darjeeling","Regular","33"
"508","Massachusetts","East","Major Market","39.0","66.0","27.0","19.0","7.0","859.0","50.0","20.0","50.0","70.0","11","10/01/10 00:00:00","Tea","Darjeeling","Regular","39"
"508","Massachusetts","East","Major Market","48.0","85.0","32.0","20.0","8.0","817.0","40.0","30.0","50.0","80.0","11","02/01/11 00:00:00","Tea","Darjeeling","Regular","53"
"508","Massachusetts","East","Major Market","33.0","55.0","22.0","16.0","6.0","865.0","20.0","20.0","30.0","50.0","11","08/01/11 00:00:00","Tea","Darjeeling","Regular","33"
"508","Massachusetts","East","Major Market","170.0","340.0","170.0","71.0","47.0","1073.0","110.0","160.0","170.0","330.0","7","02/01/10 00:00:00","Espresso","Regular Espresso","Regular","170"
"508","Massachusetts","East","Major Market","163.0","325.0","162.0","69.0","45.0","1059.0","100.0","150.0","160.0","310.0","7","03/01/10 00:00:00","Espresso","Regular Espresso","Regular","163"
"508","Massachusetts","East","Major Market","182.0","363.0","181.0","74.0","50.0","1283.0","120.0","170.0","180.0","350.0","7","11/01/10 00:00:00","Espresso","Regular Espresso","Regular","182"
"508","Massachusetts","East","Major Market","163.0","346.0","162.0","69.0","45.0","1091.0","100.0","150.0","160.0","310.0","7","04/01/11 00:00:00","Espresso","Regular Espresso","Regular","184"
"508","Massachusetts","East","Major Market","161.0","343.0","161.0","69.0","45.0","1267.0","120.0","140.0","160.0","300.0","7","10/01/11 00:00:00","Espresso","Regular Espresso","Regular","182"
"509","Washington","West","Small Market","84.0","142.0","58.0","40.0","18.0","331.0","70.0","70.0","100.0","170.0","2","02/01/10 00:00:00","Coffee","Columbian","Regular","84"
"509","Washington","West","Small Market","100.0","169.0","69.0","46.0","22.0","340.0","90.0","80.0","130.0","210.0","2","04/01/10 00:00:00","Coffee","Columbian","Regular","100"
"509","Washington","West","Small Market","125.0","211.0","86.0","49.0","27.0","454.0","120.0","100.0","160.0","260.0","2","08/01/10 00:00:00","Coffee","Columbian","Regular","125"
"509","Washington","West","Small Market","89.0","160.0","61.0","41.0","19.0","325.0","80.0","70.0","110.0","180.0","2","03/01/11 00:00:00","Coffee","Columbian","Regular","99"
"509","Washington","West","Small Market","111.0","190.0","79.0","102.0","72.0","551.0","60.0","90.0","140.0","230.0","3","01/01/10 00:00:00","Coffee","Decaf Irish Cream","Decaf","111"
"509","Washington","West","Small Market","145.0","250.0","105.0","125.0","95.0","716.0","50.0","120.0","170.0","290.0","3","12/01/10 00:00:00","Coffee","Decaf Irish Cream","Decaf","145"
"509","Washington","West","Small Market","111.0","213.0","79.0","107.0","72.0","551.0","60.0","90.0","140.0","230.0","3","01/01/11 00:00:00","Coffee","Decaf Irish Cream","Decaf","134"
"509","Washington","West","Small Market","130.0","239.0","94.0","114.0","85.0","694.0","40.0","110.0","150.0","260.0","3","11/01/11 00:00:00","Coffee","Decaf Irish Cream","Decaf","145"
"509","Washington","West","Small Market","75.0","127.0","53.0","73.0","48.0","597.0","0.0","30.0","50.0","80.0","13","06/01/11 00:00:00","Tea","Green Tea","Regular","74"
"509","Washington","West","Small Market","86.0","157.0","61.0","85.0","55.0","613.0","0.0","40.0","60.0","100.0","13","11/01/11 00:00:00","Tea","Green Tea","Regular","96"
"509","Washington","West","Small Market","76.0","140.0","55.0","79.0","49.0","627.0","-10.0","40.0","50.0","90.0","13","12/01/11 00:00:00","Tea","Green Tea","Regular","85"
"509","Washington","West","Small Market","80.0","145.0","65.0","57.0","24.0","403.0","30.0","60.0","80.0","140.0","5","12/01/10 00:00:00","Espresso","Caffe Mocha","Regular","80"
"509","Washington","West","Small Market","80.0","155.0","65.0","57.0","24.0","403.0","30.0","60.0","80.0","140.0","5","12/01/11 00:00:00","Espresso","Caffe Mocha","Regular","90"
"509","Washington","West","Small Market","84.0","154.0","70.0","43.0","21.0","957.0","60.0","60.0","80.0","140.0","6","02/01/10 00:00:00","Espresso","Decaf Espresso","Decaf","84"
"509","Washington","West","Small Market","174.0","289.0","115.0","69.0","37.0","1166.0","110.0","100.0","160.0","260.0","8","12/01/10 00:00:00","Herbal Tea","Chamomile","Decaf","174"
"509","Washington","West","Small Market","186.0","347.0","124.0","75.0","40.0","961.0","120.0","100.0","170.0","270.0","8","01/01/11 00:00:00","Herbal Tea","Chamomile","Decaf","223"
"509","Washington","West","Small Market","165.0","273.0","110.0","62.0","36.0","1020.0","100.0","90.0","150.0","240.0","8","05/01/11 00:00:00","Herbal Tea","Chamomile","Decaf","163"
"509","Washington","West","Small Market","155.0","275.0","103.0","64.0","33.0","1130.0","100.0","80.0","140.0","220.0","8","09/01/11 00:00:00","Herbal Tea","Chamomile","Decaf","172"
"509","Washington","West","Small Market","56.0","94.0","38.0","22.0","10.0","772.0","50.0","30.0","50.0","80.0","9","02/01/10 00:00:00","Herbal Tea","Lemon","Decaf","56"
"509","Washington","West","Small Market","51.0","86.0","35.0","21.0","9.0","776.0","40.0","30.0","40.0","70.0","9","04/01/10 00:00:00","Herbal Tea","Lemon","Decaf","51"
"509","Washington","West","Small Market","64.0","107.0","43.0","24.0","12.0","822.0","50.0","30.0","60.0","90.0","9","06/01/10 00:00:00","Herbal Tea","Lemon","Decaf","64"
"509","Washington","West","Small Market","59.0","99.0","40.0","22.0","11.0","843.0","50.0","30.0","50.0","80.0","9","07/01/10 00:00:00","Herbal Tea","Lemon","Decaf","59"
"509","Washington","West","Small Market","68.0","115.0","47.0","24.0","13.0","834.0","40.0","40.0","60.0","100.0","9","11/01/10 00:00:00","Herbal Tea","Lemon","Decaf","68"
"509","Washington","West","Small Market","56.0","100.0","38.0","22.0","10.0","772.0","50.0","30.0","50.0","80.0","9","02/01/11 00:00:00","Herbal Tea","Lemon","Decaf","62"
"509","Washington","West","Small Market","49.0","87.0","33.0","20.0","9.0","768.0","50.0","20.0","50.0","70.0","9","03/01/11 00:00:00","Herbal Tea","Lemon","Decaf","54"
"509","Washington","West","Small Market","71.0","127.0","48.0","24.0","13.0","829.0","60.0","30.0","60.0","90.0","9","10/01/11 00:00:00","Herbal Tea","Lemon","Decaf","79"
"509","Washington","West","Small Market","82.0","130.0","48.0","38.0","14.0","351.0","30.0","30.0","50.0","80.0","11","05/01/10 00:00:00","Tea","Darjeeling","Regular","82"
"509","Washington","West","Small Market","65.0","104.0","39.0","36.0","12.0","380.0","30.0","20.0","50.0","70.0","11","07/01/10 00:00:00","Tea","Darjeeling","Regular","65"
"509","Washington","West","Small Market","66.0","107.0","41.0","36.0","12.0","320.0","20.0","30.0","40.0","70.0","11","12/01/10 00:00:00","Tea","Darjeeling","Regular","66"
"509","Washington","West","Small Market","88.0","150.0","53.0","39.0","16.0","321.0","50.0","30.0","70.0","100.0","11","11/01/11 00:00:00","Tea","Darjeeling","Regular","97"
"509","Washington","West","Small Market","54.0","90.0","36.0","34.0","11.0","462.0","30.0","20.0","40.0","60.0","12","07/01/10 00:00:00","Tea","Earl Grey","Regular","54"
"509","Washington","West","Small Market","63.0","106.0","43.0","35.0","13.0","466.0","20.0","30.0","40.0","70.0","12","12/01/10 00:00:00","Tea","Earl Grey","Regular","63"
"509","Washington","West","Small Market","54.0","89.0","36.0","32.0","11.0","462.0","30.0","20.0","40.0","60.0","12","07/01/11 00:00:00","Tea","Earl Grey","Regular","53"
"509","Washington","West","Small Market","67.0","120.0","46.0","36.0","14.0","454.0","30.0","30.0","40.0","70.0","12","09/01/11 00:00:00","Tea","Earl Grey","Regular","74"
"509","Washington","West","Small Market","67.0","120.0","46.0","36.0","14.0","449.0","30.0","20.0","30.0","50.0","12","10/01/11 00:00:00","Tea","Earl Grey","Regular","74"
"509","Washington","West","Small Market","62.0","109.0","48.0","26.0","15.0","593.0","40.0","40.0","60.0","100.0","4","06/01/11 00:00:00","Espresso","Caffe Latte","Regular","61"
"510","California","West","Major Market","110.0","194.0","72.0","54.0","23.0","650.0","50.0","20.0","60.0","80.0","13","10/01/11 00:00:00","Tea","Green Tea","Regular","122"
"510","California","West","Major Market","101.0","179.0","67.0","54.0","22.0","677.0","50.0","40.0","80.0","120.0","13","12/01/11 00:00:00","Tea","Green Tea","Regular","112"
"510","California","West","Major Market","139.0","234.0","95.0","37.0","26.0","821.0","100.0","80.0","120.0","200.0","8","01/01/10 00:00:00","Herbal Tea","Chamomile","Decaf","139"
"510","California","West","Major Market","265.0","522.0","225.0","91.0","69.0","1272.0","160.0","210.0","240.0","450.0","9","11/01/11 00:00:00","Herbal Tea","Lemon","Decaf","297"
"510","California","West","Major Market","126.0","227.0","87.0","35.0","24.0","756.0","80.0","50.0","90.0","140.0","11","03/01/11 00:00:00","Tea","Darjeeling","Regular","140"
"510","California","West","Major Market","261.0","516.0","260.0","89.0","72.0","1715.0","180.0","240.0","260.0","500.0","4","06/01/11 00:00:00","Espresso","Caffe Latte","Regular","256"
"512","Texas","South","Major Market","130.0","245.0","89.0","37.0","24.0","777.0","90.0","70.0","110.0","180.0","5","01/01/11 00:00:00","Espresso","Caffe Mocha","Regular","156"
"512","Texas","South","Major Market","145.0","245.0","100.0","40.0","28.0","598.0","110.0","80.0","130.0","210.0","6","08/01/10 00:00:00","Espresso","Decaf Espresso","Decaf","145"
"512","Texas","South","Major Market","74.0","137.0","55.0","46.0","18.0","336.0","40.0","50.0","70.0","120.0","8","04/01/11 00:00:00","Herbal Tea","Chamomile","Decaf","82"
"512","Texas","South","Major Market","61.0","103.0","42.0","36.0","13.0","384.0","30.0","40.0","60.0","100.0","9","05/01/10 00:00:00","Herbal Tea","Lemon","Decaf","61"
"512","Texas","South","Major Market","114.0","189.0","75.0","56.0","24.0","378.0","60.0","60.0","100.0","160.0","4","02/01/10 00:00:00","Espresso","Caffe Latte","Regular","114"
"512","Texas","South","Major Market","101.0","168.0","67.0","54.0","22.0","-1239.0","30.0","50.0","70.0","120.0","4","12/01/10 00:00:00","Espresso","Caffe Latte","Regular","101"
"513","Ohio","Central","Major Market","68.0","118.0","50.0","44.0","16.0","397.0","40.0","50.0","70.0","120.0","1","06/01/10 00:00:00","Coffee","Amaretto","Regular","68"
"513","Ohio","Central","Major Market","73.0","127.0","54.0","44.0","17.0","424.0","40.0","50.0","70.0","120.0","1","12/01/10 00:00:00","Coffee","Amaretto","Regular","73"
"513","Ohio","Central","Major Market","68.0","117.0","50.0","41.0","16.0","397.0","40.0","50.0","70.0","120.0","1","06/01/11 00:00:00","Coffee","Amaretto","Regular","67"
"513","Ohio","Central","Major Market","63.0","109.0","47.0","40.0","15.0","420.0","40.0","40.0","70.0","110.0","1","07/01/11 00:00:00","Coffee","Amaretto","Regular","62"
"513","Ohio","Central","Major Market","76.0","128.0","52.0","38.0","16.0","357.0","50.0","50.0","80.0","130.0","2","02/01/10 00:00:00","Coffee","Columbian","Regular","76"
"513","Ohio","Central","Major Market","64.0","107.0","43.0","37.0","13.0","363.0","40.0","40.0","70.0","110.0","2","04/01/10 00:00:00","Coffee","Columbian","Regular","64"
"513","Ohio","Central","Major Market","61.0","103.0","42.0","37.0","13.0","384.0","30.0","40.0","60.0","100.0","2","05/01/10 00:00:00","Coffee","Columbian","Regular","61"
"513","Ohio","Central","Major Market","51.0","85.0","34.0","33.0","10.0","432.0","30.0","30.0","50.0","80.0","2","07/01/10 00:00:00","Coffee","Columbian","Regular","51"
"513","Ohio","Central","Major Market","73.0","125.0","52.0","77.0","47.0","421.0","20.0","50.0","80.0","130.0","3","03/01/10 00:00:00","Coffee","Decaf Irish Cream","Decaf","73"
"513","Ohio","Central","Major Market","73.0","125.0","52.0","76.0","47.0","433.0","20.0","50.0","80.0","130.0","3","04/01/10 00:00:00","Coffee","Decaf Irish Cream","Decaf","73"
"513","Ohio","Central","Major Market","87.0","168.0","63.0","91.0","57.0","435.0","20.0","60.0","90.0","150.0","3","01/01/11 00:00:00","Coffee","Decaf Irish Cream","Decaf","105"
"513","Ohio","Central","Major Market","75.0","137.0","54.0","78.0","49.0","427.0","20.0","50.0","80.0","130.0","3","02/01/11 00:00:00","Coffee","Decaf Irish Cream","Decaf","83"
"513","Ohio","Central","Major Market","73.0","133.0","52.0","76.0","47.0","433.0","20.0","50.0","80.0","130.0","3","04/01/11 00:00:00","Coffee","Decaf Irish Cream","Decaf","81"
"513","Ohio","Central","Major Market","52.0","88.0","37.0","59.0","33.0","513.0","10.0","30.0","60.0","90.0","3","08/01/11 00:00:00","Coffee","Decaf Irish Cream","Decaf","51"
"513","Ohio","Central","Major Market","65.0","119.0","47.0","71.0","42.0","521.0","10.0","40.0","70.0","110.0","3","12/01/11 00:00:00","Coffee","Decaf Irish Cream","Decaf","72"
"513","Ohio","Central","Major Market","163.0","325.0","162.0","69.0","45.0","1059.0","130.0","180.0","200.0","380.0","5","03/01/10 00:00:00","Espresso","Caffe Mocha","Regular","163"
"513","Ohio","Central","Major Market","146.0","291.0","145.0","65.0","40.0","1292.0","120.0","160.0","180.0","340.0","5","08/01/10 00:00:00","Espresso","Caffe Mocha","Regular","146"
"513","Ohio","Central","Major Market","155.0","310.0","155.0","68.0","43.0","1280.0","130.0","170.0","190.0","360.0","5","09/01/10 00:00:00","Espresso","Caffe Mocha","Regular","155"
"513","Ohio","Central","Major Market","170.0","362.0","170.0","72.0","47.0","1073.0","140.0","190.0","210.0","400.0","5","02/01/11 00:00:00","Espresso","Caffe Mocha","Regular","192"
"513","Ohio","Central","Major Market","146.0","288.0","145.0","60.0","40.0","1292.0","120.0","160.0","180.0","340.0","5","08/01/11 00:00:00","Espresso","Caffe Mocha","Regular","143"
"513","Ohio","Central","Major Market","161.0","343.0","161.0","69.0","45.0","1267.0","190.0","230.0","240.0","470.0","5","10/01/11 00:00:00","Espresso","Caffe Mocha","Regular","182"
"513","Ohio","Central","Major Market","64.0","115.0","51.0","53.0","19.0","419.0","30.0","50.0","80.0","130.0","6","07/01/10 00:00:00","Espresso","Decaf Espresso","Decaf","64"
"513","Ohio","Central","Major Market","73.0","141.0","59.0","55.0","22.0","331.0","40.0","60.0","90.0","150.0","6","02/01/11 00:00:00","Espresso","Decaf Espresso","Decaf","82"
"513","Ohio","Central","Major Market","26.0","44.0","18.0","16.0","5.0","486.0","20.0","10.0","20.0","30.0","8","07/01/11 00:00:00","Herbal Tea","Chamomile","Decaf","26"
"513","Ohio","Central","Major Market","25.0","41.0","16.0","15.0","4.0","484.0","20.0","10.0","20.0","30.0","8","08/01/11 00:00:00","Herbal Tea","Chamomile","Decaf","25"
"513","Ohio","Central","Major Market","30.0","53.0","20.0","16.0","5.0","482.0","30.0","10.0","30.0","40.0","8","09/01/11 00:00:00","Herbal Tea","Chamomile","Decaf","33"
"513","Ohio","Central","Major Market","36.0","60.0","24.0","18.0","6.0","856.0","30.0","20.0","30.0","50.0","9","06/01/10 00:00:00","Herbal Tea","Lemon","Decaf","36"
"513","Ohio","Central","Major Market","39.0","66.0","27.0","19.0","7.0","859.0","30.0","10.0","30.0","40.0","9","10/01/10 00:00:00","Herbal Tea","Lemon","Decaf","39"
"513","Ohio","Central","Major Market","48.0","85.0","32.0","20.0","8.0","817.0","50.0","20.0","50.0","70.0","9","02/01/11 00:00:00","Herbal Tea","Lemon","Decaf","53"
"513","Ohio","Central","Major Market","47.0","84.0","32.0","19.0","8.0","813.0","40.0","20.0","40.0","60.0","9","03/01/11 00:00:00","Herbal Tea","Lemon","Decaf","52"
"513","Ohio","Central","Major Market","36.0","59.0","24.0","17.0","6.0","856.0","30.0","20.0","30.0","50.0","9","06/01/11 00:00:00","Herbal Tea","Lemon","Decaf","35"
"513","Ohio","Central","Major Market","33.0","55.0","22.0","16.0","6.0","865.0","30.0","10.0","30.0","40.0","9","08/01/11 00:00:00","Herbal Tea","Lemon","Decaf","33"
"513","Ohio","Central","Major Market","126.0","210.0","84.0","58.0","27.0","632.0","60.0","70.0","110.0","180.0","11","03/01/10 00:00:00","Tea","Darjeeling","Regular","126"
"513","Ohio","Central","Major Market","167.0","278.0","111.0","68.0","36.0","767.0","90.0","90.0","150.0","240.0","11","06/01/10 00:00:00","Tea","Darjeeling","Regular","167"
"513","Ohio","Central","Major Market","133.0","221.0","88.0","61.0","29.0","817.0","70.0","70.0","110.0","180.0","11","12/01/10 00:00:00","Tea","Darjeeling","Regular","133"
"513","Ohio","Central","Major Market","126.0","235.0","84.0","61.0","27.0","651.0","60.0","70.0","110.0","180.0","11","01/01/11 00:00:00","Tea","Darjeeling","Regular","151"
"513","Ohio","Central","Major Market","126.0","224.0","84.0","58.0","27.0","632.0","60.0","70.0","110.0","180.0","11","03/01/11 00:00:00","Tea","Darjeeling","Regular","140"
"513","Ohio","Central","Major Market","141.0","233.0","94.0","58.0","31.0","697.0","70.0","80.0","120.0","200.0","11","05/01/11 00:00:00","Tea","Darjeeling","Regular","139"
"513","Ohio","Central","Major Market","133.0","236.0","88.0","61.0","29.0","817.0","70.0","70.0","110.0","180.0","11","12/01/11 00:00:00","Tea","Darjeeling","Regular","148"
"513","Ohio","Central","Major Market","120.0","206.0","86.0","49.0","26.0","490.0","70.0","70.0","110.0","180.0","12","02/01/10 00:00:00","Tea","Earl Grey","Regular","120"
"513","Ohio","Central","Major Market","125.0","214.0","89.0","51.0","27.0","481.0","70.0","70.0","110.0","180.0","12","03/01/10 00:00:00","Tea","Earl Grey","Regular","125"
"513","Ohio","Central","Major Market","159.0","273.0","114.0","58.0","35.0","555.0","100.0","90.0","150.0","240.0","12","05/01/10 00:00:00","Tea","Earl Grey","Regular","159"
"513","Ohio","Central","Major Market","195.0","336.0","141.0","67.0","43.0","692.0","110.0","120.0","170.0","290.0","12","07/01/10 00:00:00","Tea","Earl Grey","Regular","195"
"513","Ohio","Central","Major Market","134.0","230.0","96.0","53.0","29.0","666.0","80.0","80.0","120.0","200.0","12","09/01/10 00:00:00","Tea","Earl Grey","Regular","134"
"513","Ohio","Central","Major Market","159.0","271.0","114.0","54.0","35.0","555.0","100.0","90.0","150.0","240.0","12","05/01/11 00:00:00","Tea","Earl Grey","Regular","157"
"513","Ohio","Central","Major Market","186.0","341.0","134.0","65.0","41.0","690.0","90.0","110.0","150.0","260.0","12","12/01/11 00:00:00","Tea","Earl Grey","Regular","207"
"515","Iowa","Central","Small Market","28.0","47.0","19.0","17.0","5.0","820.0","10.0","20.0","20.0","40.0","1","04/01/10 00:00:00","Coffee","Amaretto","Regular","28"
"515","Iowa","Central","Small Market","28.0","50.0","19.0","17.0","5.0","820.0","10.0","20.0","20.0","40.0","1","04/01/11 00:00:00","Coffee","Amaretto","Regular","31"
"515","Iowa","Central","Small Market","31.0","55.0","21.0","16.0","5.0","846.0","30.0","10.0","30.0","40.0","1","10/01/11 00:00:00","Coffee","Amaretto","Regular","34"
"515","Iowa","Central","Small Market","33.0","61.0","28.0","30.0","8.0","964.0","20.0","20.0","40.0","60.0","2","04/01/10 00:00:00","Coffee","Columbian","Regular","33"
"515","Iowa","Central","Small Market","37.0","68.0","31.0","30.0","9.0","976.0","20.0","30.0","40.0","70.0","2","05/01/10 00:00:00","Coffee","Columbian","Regular","37"
"515","Iowa","Central","Small Market","37.0","68.0","31.0","30.0","9.0","1000.0","30.0","20.0","40.0","60.0","2","10/01/10 00:00:00","Coffee","Columbian","Regular","37"
"515","Iowa","Central","Small Market","35.0","67.0","28.0","29.0","8.0","958.0","20.0","20.0","40.0","60.0","2","03/01/11 00:00:00","Coffee","Columbian","Regular","39"
"515","Iowa","Central","Small Market","39.0","77.0","33.0","32.0","10.0","1003.0","20.0","30.0","40.0","70.0","2","09/01/11 00:00:00","Coffee","Columbian","Regular","44"
"515","Iowa","Central","Small Market","37.0","72.0","31.0","30.0","9.0","1000.0","30.0","20.0","40.0","60.0","2","10/01/11 00:00:00","Coffee","Columbian","Regular","41"
"515","Iowa","Central","Small Market","35.0","68.0","29.0","30.0","8.0","1003.0","20.0","20.0","40.0","60.0","2","11/01/11 00:00:00","Coffee","Columbian","Regular","39"
"515","Iowa","Central","Small Market","30.0","52.0","22.0","19.0","7.0","611.0","20.0","20.0","30.0","50.0","3","05/01/10 00:00:00","Coffee","Decaf Irish Cream","Decaf","30"
"515","Iowa","Central","Small Market","31.0","60.0","23.0","20.0","7.0","623.0","20.0","20.0","30.0","50.0","3","01/01/11 00:00:00","Coffee","Decaf Irish Cream","Decaf","37"
"515","Iowa","Central","Small Market","30.0","52.0","22.0","18.0","7.0","611.0","20.0","20.0","30.0","50.0","3","05/01/11 00:00:00","Coffee","Decaf Irish Cream","Decaf","30"
"515","Iowa","Central","Small Market","30.0","52.0","22.0","18.0","7.0","608.0","20.0","20.0","30.0","50.0","3","06/01/11 00:00:00","Coffee","Decaf Irish Cream","Decaf","30"
"515","Iowa","Central","Small Market","32.0","53.0","21.0","17.0","5.0","798.0","30.0","20.0","40.0","60.0","5","06/01/10 00:00:00","Espresso","Caffe Mocha","Regular","32"
"515","Iowa","Central","Small Market","35.0","58.0","23.0","17.0","6.0","803.0","30.0","20.0","40.0","60.0","5","09/01/10 00:00:00","Espresso","Caffe Mocha","Regular","35"
"515","Iowa","Central","Small Market","34.0","56.0","22.0","18.0","6.0","802.0","40.0","20.0","50.0","70.0","5","11/01/10 00:00:00","Espresso","Caffe Mocha","Regular","34"
"515","Iowa","Central","Small Market","35.0","58.0","23.0","18.0","6.0","807.0","40.0","20.0","50.0","70.0","5","12/01/10 00:00:00","Espresso","Caffe Mocha","Regular","35"
"515","Iowa","Central","Small Market","25.0","44.0","16.0","16.0","4.0","772.0","20.0","10.0","30.0","40.0","5","03/01/11 00:00:00","Espresso","Caffe Mocha","Regular","28"
"515","Iowa","Central","Small Market","26.0","46.0","17.0","16.0","4.0","776.0","30.0","10.0","40.0","50.0","5","04/01/11 00:00:00","Espresso","Caffe Mocha","Regular","29"
"515","Iowa","Central","Small Market","29.0","49.0","20.0","16.0","5.0","784.0","20.0","20.0","30.0","50.0","5","05/01/11 00:00:00","Espresso","Caffe Mocha","Regular","29"
"515","Iowa","Central","Small Market","34.0","60.0","22.0","18.0","6.0","802.0","40.0","20.0","50.0","70.0","5","11/01/11 00:00:00","Espresso","Caffe Mocha","Regular","38"
"515","Iowa","Central","Small Market","35.0","62.0","23.0","18.0","6.0","807.0","40.0","20.0","50.0","70.0","5","12/01/11 00:00:00","Espresso","Caffe Mocha","Regular","39"
"515","Iowa","Central","Small Market","43.0","43.0","0.0","12.0","0.0","645.0","40.0","0.0","50.0","50.0","6","05/01/10 00:00:00","Espresso","Decaf Espresso","Decaf","43"
"515","Iowa","Central","Small Market","43.0","43.0","0.0","12.0","0.0","516.0","40.0","0.0","50.0","50.0","6","08/01/10 00:00:00","Espresso","Decaf Espresso","Decaf","43"
"515","Iowa","Central","Small Market","26.0","48.0","17.0","17.0","4.0","777.0","30.0","10.0","40.0","50.0","6","01/01/11 00:00:00","Espresso","Decaf Espresso","Decaf","31"
"515","Iowa","Central","Small Market","43.0","46.0","0.0","12.0","0.0","387.0","40.0","0.0","50.0","50.0","6","11/01/11 00:00:00","Espresso","Decaf Espresso","Decaf","46"
"515","Iowa","Central","Small Market","392.0","681.0","295.0","121.0","97.0","1714.0","250.0","250.0","350.0","600.0","8","08/01/11 00:00:00","Herbal Tea","Chamomile","Decaf","386"
"515","Iowa","Central","Small Market","329.0","614.0","247.0","113.0","81.0","1744.0","200.0","230.0","300.0","530.0","8","12/01/11 00:00:00","Herbal Tea","Chamomile","Decaf","367"
"515","Iowa","Central","Small Market","185.0","312.0","127.0","63.0","40.0","671.0","130.0","100.0","170.0","270.0","9","05/01/10 00:00:00","Herbal Tea","Lemon","Decaf","185"
"515","Iowa","Central","Small Market","222.0","373.0","154.0","66.0","49.0","817.0","150.0","130.0","200.0","330.0","9","08/01/11 00:00:00","Herbal Tea","Lemon","Decaf","219"
"515","Iowa","Central","Small Market","176.0","318.0","122.0","61.0","39.0","801.0","120.0","100.0","160.0","260.0","9","09/01/11 00:00:00","Herbal Tea","Lemon","Decaf","196"
"515","Iowa","Central","Small Market","176.0","318.0","122.0","62.0","39.0","789.0","130.0","90.0","150.0","240.0","9","10/01/11 00:00:00","Herbal Tea","Lemon","Decaf","196"
"515","Iowa","Central","Small Market","185.0","332.0","127.0","62.0","40.0","830.0","120.0","120.0","170.0","290.0","9","12/01/11 00:00:00","Herbal Tea","Lemon","Decaf","205"
"515","Iowa","Central","Small Market","239.0","478.0","239.0","91.0","66.0","1417.0","140.0","200.0","220.0","420.0","11","03/01/10 00:00:00","Tea","Darjeeling","Regular","239"
"515","Iowa","Central","Small Market","266.0","532.0","266.0","99.0","74.0","1819.0","150.0","220.0","240.0","460.0","11","07/01/10 00:00:00","Tea","Darjeeling","Regular","266"
"515","Iowa","Central","Small Market","266.0","532.0","266.0","99.0","74.0","1797.0","150.0","220.0","240.0","460.0","11","08/01/10 00:00:00","Tea","Darjeeling","Regular","266"
"515","Iowa","Central","Small Market","239.0","509.0","239.0","90.0","66.0","1755.0","110.0","170.0","170.0","340.0","11","10/01/11 00:00:00","Tea","Darjeeling","Regular","270"
"515","Iowa","Central","Small Market","294.0","534.0","240.0","125.0","91.0","1391.0","150.0","200.0","260.0","460.0","12","02/01/10 00:00:00","Tea","Earl Grey","Regular","294"
"515","Iowa","Central","Small Market","301.0","546.0","245.0","126.0","93.0","1369.0","160.0","210.0","270.0","480.0","12","03/01/10 00:00:00","Tea","Earl Grey","Regular","301"
"515","Iowa","Central","Small Market","318.0","578.0","260.0","132.0","98.0","1423.0","160.0","220.0","280.0","500.0","12","04/01/10 00:00:00","Tea","Earl Grey","Regular","318"
"515","Iowa","Central","Small Market","348.0","632.0","284.0","141.0","107.0","1809.0","180.0","240.0","310.0","550.0","12","08/01/10 00:00:00","Tea","Earl Grey","Regular","348"
"515","Iowa","Central","Small Market","324.0","584.0","265.0","125.0","100.0","1538.0","170.0","220.0","290.0","510.0","12","05/01/11 00:00:00","Tea","Earl Grey","Regular","319"
"515","Iowa","Central","Small Market","332.0","598.0","271.0","126.0","102.0","1714.0","180.0","230.0","300.0","530.0","12","06/01/11 00:00:00","Tea","Earl Grey","Regular","327"
"515","Iowa","Central","Small Market","332.0","597.0","270.0","126.0","102.0","1834.0","170.0","230.0","290.0","520.0","12","07/01/11 00:00:00","Tea","Earl Grey","Regular","327"
"515","Iowa","Central","Small Market","348.0","626.0","284.0","131.0","107.0","1809.0","180.0","240.0","310.0","550.0","12","08/01/11 00:00:00","Tea","Earl Grey","Regular","342"
"515","Iowa","Central","Small Market","312.0","604.0","255.0","129.0","96.0","1756.0","130.0","170.0","230.0","400.0","12","10/01/11 00:00:00","Tea","Earl Grey","Regular","349"
"516","New York","East","Major Market","474.0","842.0","316.0","162.0","110.0","2580.0","320.0","300.0","450.0","750.0","2","09/01/11 00:00:00","Coffee","Columbian","Regular","526"
"516","New York","East","Major Market","124.0","210.0","86.0","35.0","24.0","499.0","100.0","90.0","130.0","220.0","13","05/01/10 00:00:00","Tea","Green Tea","Regular","124"
"516","New York","East","Major Market","-44.0","68.0","105.0","134.0","95.0","725.0","-170.0","100.0","-50.0","50.0","5","01/01/11 00:00:00","Espresso","Caffe Mocha","Regular","-37"
"516","New York","East","Major Market","268.0","513.0","245.0","127.0","93.0","1471.0","130.0","180.0","220.0","400.0","9","03/01/10 00:00:00","Herbal Tea","Lemon","Decaf","268"
"516","New York","East","Major Market","523.0","793.0","270.0","135.0","102.0","1781.0","310.0","200.0","410.0","610.0","9","07/01/10 00:00:00","Herbal Tea","Lemon","Decaf","523"
"516","New York","East","Major Market","238.0","540.0","245.0","133.0","93.0","1419.0","100.0","180.0","190.0","370.0","9","01/01/11 00:00:00","Herbal Tea","Lemon","Decaf","295"
"516","New York","East","Major Market","523.0","786.0","270.0","126.0","102.0","1781.0","310.0","200.0","410.0","610.0","9","07/01/11 00:00:00","Herbal Tea","Lemon","Decaf","516"
"516","New York","East","Major Market","-27.0","201.0","207.0","90.0","64.0","965.0","-70.0","150.0","-10.0","140.0","10","01/01/11 00:00:00","Herbal Tea","Mint","Decaf","-6"
"516","New York","East","Major Market","178.0","301.0","123.0","45.0","34.0","947.0","150.0","130.0","190.0","320.0","11","06/01/10 00:00:00","Tea","Darjeeling","Regular","178"
"516","New York","East","Major Market","157.0","265.0","108.0","42.0","30.0","971.0","140.0","110.0","170.0","280.0","11","10/01/10 00:00:00","Tea","Darjeeling","Regular","157"
"516","New York","East","Major Market","152.0","254.0","104.0","37.0","29.0","871.0","120.0","110.0","160.0","270.0","11","05/01/11 00:00:00","Tea","Darjeeling","Regular","150"
"516","New York","East","Major Market","117.0","211.0","81.0","33.0","22.0","984.0","90.0","80.0","120.0","200.0","11","11/01/11 00:00:00","Tea","Darjeeling","Regular","130"
"516","New York","East","Major Market","325.0","564.0","239.0","90.0","66.0","1262.0","250.0","220.0","330.0","550.0","7","04/01/10 00:00:00","Espresso","Regular Espresso","Regular","325"
"516","New York","East","Major Market","262.0","548.0","228.0","91.0","63.0","1459.0","200.0","210.0","270.0","480.0","7","01/01/11 00:00:00","Espresso","Regular Espresso","Regular","320"
"516","New York","East","Major Market","283.0","538.0","260.0","89.0","72.0","1271.0","210.0","240.0","290.0","530.0","7","05/01/11 00:00:00","Espresso","Regular Espresso","Regular","278"
"516","New York","East","Major Market","318.0","604.0","249.0","94.0","69.0","1286.0","240.0","230.0","320.0","550.0","7","09/01/11 00:00:00","Espresso","Regular Espresso","Regular","355"
"518","New York","East","Major Market","407.0","759.0","271.0","152.0","94.0","2101.0","260.0","260.0","380.0","640.0","2","01/01/11 00:00:00","Coffee","Columbian","Regular","488"
"518","New York","East","Major Market","428.0","759.0","284.0","152.0","99.0","2108.0","280.0","270.0","400.0","670.0","2","04/01/11 00:00:00","Coffee","Columbian","Regular","475"
"518","New York","East","Major Market","117.0","198.0","81.0","34.0","22.0","441.0","100.0","80.0","130.0","210.0","13","03/01/10 00:00:00","Tea","Green Tea","Regular","117"
"518","New York","East","Major Market","111.0","187.0","76.0","33.0","21.0","580.0","100.0","80.0","120.0","200.0","13","10/01/10 00:00:00","Tea","Green Tea","Regular","111"
"518","New York","East","Major Market","79.0","133.0","54.0","27.0","15.0","601.0","60.0","50.0","80.0","130.0","13","12/01/10 00:00:00","Tea","Green Tea","Regular","79"
"518","New York","East","Major Market","117.0","211.0","81.0","34.0","22.0","460.0","100.0","80.0","130.0","210.0","13","04/01/11 00:00:00","Tea","Green Tea","Regular","130"
"518","New York","East","Major Market","-95.0","78.0","173.0","189.0","156.0","2615.0","-260.0","160.0","-90.0","70.0","5","08/01/10 00:00:00","Espresso","Caffe Mocha","Regular","-95"
"518","New York","East","Major Market","-53.0","72.0","121.0","144.0","110.0","2932.0","-180.0","110.0","-50.0","60.0","5","09/01/11 00:00:00","Espresso","Caffe Mocha","Regular","-49"
"518","New York","East","Major Market","255.0","495.0","240.0","124.0","91.0","1454.0","110.0","180.0","200.0","380.0","9","02/01/10 00:00:00","Herbal Tea","Lemon","Decaf","255"
"518","New York","East","Major Market","255.0","528.0","240.0","124.0","91.0","1454.0","110.0","180.0","200.0","380.0","9","02/01/11 00:00:00","Herbal Tea","Lemon","Decaf","288"
"518","New York","East","Major Market","386.0","645.0","265.0","125.0","100.0","1613.0","200.0","200.0","300.0","500.0","9","05/01/11 00:00:00","Herbal Tea","Lemon","Decaf","380"
"518","New York","East","Major Market","-65.0","171.0","225.0","91.0","69.0","4742.0","-120.0","160.0","-50.0","110.0","10","11/01/11 00:00:00","Herbal Tea","Mint","Decaf","-54"
"518","New York","East","Major Market","152.0","256.0","104.0","40.0","29.0","871.0","120.0","110.0","160.0","270.0","11","05/01/10 00:00:00","Tea","Darjeeling","Regular","152"
"518","New York","East","Major Market","117.0","198.0","81.0","33.0","22.0","984.0","90.0","80.0","120.0","200.0","11","11/01/10 00:00:00","Tea","Darjeeling","Regular","117"
"518","New York","East","Major Market","144.0","243.0","99.0","39.0","27.0","766.0","130.0","100.0","160.0","260.0","12","02/01/10 00:00:00","Tea","Earl Grey","Regular","144"
"518","New York","East","Major Market","152.0","256.0","104.0","41.0","29.0","952.0","120.0","110.0","160.0","270.0","12","07/01/10 00:00:00","Tea","Earl Grey","Regular","152"
"518","New York","East","Major Market","179.0","302.0","123.0","46.0","34.0","928.0","150.0","130.0","190.0","320.0","12","09/01/10 00:00:00","Tea","Earl Grey","Regular","179"
"518","New York","East","Major Market","179.0","322.0","123.0","46.0","34.0","928.0","150.0","130.0","190.0","320.0","12","09/01/11 00:00:00","Tea","Earl Grey","Regular","199"
"518","New York","East","Major Market","179.0","322.0","123.0","46.0","34.0","959.0","150.0","120.0","190.0","310.0","12","12/01/11 00:00:00","Tea","Earl Grey","Regular","199"
"518","New York","East","Major Market","407.0","700.0","250.0","95.0","70.0","723.0","320.0","240.0","400.0","640.0","7","12/01/11 00:00:00","Espresso","Regular Espresso","Regular","450"
"530","California","West","Major Market","534.0","882.0","356.0","165.0","124.0","2476.0","500.0","440.0","670.0","1110.0","2","06/01/11 00:00:00","Coffee","Columbian","Regular","526"
"530","California","West","Major Market","420.0","745.0","279.0","149.0","97.0","2642.0","350.0","330.0","500.0","830.0","2","12/01/11 00:00:00","Coffee","Columbian","Regular","466"
"530","California","West","Major Market","-30.0","165.0","196.0","100.0","64.0","3139.0","-140.0","240.0","-40.0","200.0","3","08/01/11 00:00:00","Coffee","Decaf Irish Cream","Decaf","-31"
"530","California","West","Major Market","114.0","201.0","75.0","56.0","24.0","549.0","50.0","40.0","80.0","120.0","13","02/01/11 00:00:00","Tea","Green Tea","Regular","126"
"530","California","West","Major Market","90.0","160.0","60.0","51.0","19.0","656.0","40.0","30.0","70.0","100.0","13","09/01/11 00:00:00","Tea","Green Tea","Regular","100"
"530","California","West","Major Market","239.0","412.0","173.0","189.0","156.0","927.0","60.0","160.0","230.0","390.0","5","08/01/10 00:00:00","Espresso","Caffe Mocha","Regular","239"
"530","California","West","Major Market","187.0","322.0","135.0","156.0","122.0","940.0","40.0","130.0","180.0","310.0","5","12/01/10 00:00:00","Espresso","Caffe Mocha","Regular","187"
"530","California","West","Major Market","145.0","280.0","105.0","134.0","95.0","725.0","20.0","100.0","140.0","240.0","5","01/01/11 00:00:00","Espresso","Caffe Mocha","Regular","175"
"530","California","West","Major Market","187.0","343.0","135.0","156.0","122.0","940.0","40.0","130.0","180.0","310.0","5","12/01/11 00:00:00","Espresso","Caffe Mocha","Regular","208"
"530","California","West","Major Market","336.0","628.0","253.0","116.0","83.0","1686.0","220.0","240.0","320.0","560.0","6","09/01/11 00:00:00","Espresso","Decaf Espresso","Decaf","375"
"530","California","West","Major Market","245.0","506.0","207.0","89.0","64.0","965.0","160.0","170.0","220.0","390.0","9","01/01/11 00:00:00","Herbal Tea","Lemon","Decaf","299"
"530","California","West","Major Market","107.0","190.0","83.0","39.0","27.0","613.0","60.0","70.0","90.0","160.0","10","02/01/10 00:00:00","Herbal Tea","Mint","Decaf","107"
"530","California","West","Major Market","107.0","188.0","83.0","37.0","27.0","584.0","60.0","70.0","90.0","160.0","10","05/01/11 00:00:00","Herbal Tea","Mint","Decaf","105"
"530","California","West","Major Market","51.0","96.0","39.0","25.0","12.0","541.0","40.0","20.0","40.0","60.0","10","10/01/11 00:00:00","Herbal Tea","Mint","Decaf","57"
"530","California","West","Major Market","152.0","254.0","104.0","38.0","29.0","821.0","100.0","60.0","110.0","170.0","11","05/01/11 00:00:00","Tea","Darjeeling","Regular","150"
"530","California","West","Major Market","117.0","198.0","81.0","34.0","22.0","460.0","70.0","50.0","80.0","130.0","12","04/01/10 00:00:00","Tea","Earl Grey","Regular","117"
"530","California","West","Major Market","124.0","210.0","86.0","35.0","24.0","499.0","80.0","50.0","90.0","140.0","12","05/01/10 00:00:00","Tea","Earl Grey","Regular","124"
"541","Oregon","West","Small Market","87.0","150.0","63.0","86.0","57.0","435.0","40.0","70.0","110.0","180.0","1","01/01/10 00:00:00","Coffee","Amaretto","Regular","87"
"541","Oregon","West","Small Market","63.0","107.0","44.0","69.0","40.0","496.0","30.0","50.0","80.0","130.0","1","06/01/10 00:00:00","Coffee","Amaretto","Regular","63"
"541","Oregon","West","Small Market","52.0","89.0","37.0","63.0","33.0","513.0","20.0","40.0","70.0","110.0","1","08/01/10 00:00:00","Coffee","Amaretto","Regular","52"
"541","Oregon","West","Small Market","74.0","126.0","52.0","77.0","47.0","509.0","30.0","60.0","90.0","150.0","1","09/01/10 00:00:00","Coffee","Amaretto","Regular","74"
"541","Oregon","West","Small Market","73.0","125.0","52.0","77.0","47.0","509.0","10.0","60.0","80.0","140.0","1","11/01/10 00:00:00","Coffee","Amaretto","Regular","73"
"541","Oregon","West","Small Market","75.0","137.0","54.0","79.0","49.0","427.0","40.0","60.0","100.0","160.0","1","02/01/11 00:00:00","Coffee","Amaretto","Regular","83"
"541","Oregon","West","Small Market","65.0","119.0","47.0","72.0","42.0","521.0","20.0","50.0","80.0","130.0","1","12/01/11 00:00:00","Coffee","Amaretto","Regular","72"
"541","Oregon","West","Small Market","80.0","137.0","57.0","62.0","18.0","469.0","50.0","70.0","100.0","170.0","2","09/01/10 00:00:00","Coffee","Columbian","Regular","80"
"541","Oregon","West","Small Market","70.0","127.0","49.0","62.0","16.0","399.0","30.0","60.0","80.0","140.0","2","04/01/11 00:00:00","Coffee","Columbian","Regular","78"
"541","Oregon","West","Small Market","55.0","93.0","39.0","51.0","12.0","478.0","20.0","40.0","70.0","110.0","2","07/01/11 00:00:00","Coffee","Columbian","Regular","54"
"541","Oregon","West","Small Market","80.0","146.0","57.0","62.0","18.0","469.0","50.0","70.0","100.0","170.0","2","09/01/11 00:00:00","Coffee","Columbian","Regular","89"
"541","Oregon","West","Small Market","75.0","136.0","53.0","61.0","17.0","470.0","40.0","60.0","90.0","150.0","2","11/01/11 00:00:00","Coffee","Columbian","Regular","83"
"541","Oregon","West","Small Market","57.0","104.0","41.0","56.0","13.0","482.0","20.0","40.0","70.0","110.0","2","12/01/11 00:00:00","Coffee","Columbian","Regular","63"
"541","Oregon","West","Small Market","55.0","93.0","38.0","35.0","12.0","414.0","40.0","40.0","70.0","110.0","3","06/01/10 00:00:00","Coffee","Decaf Irish Cream","Decaf","55"
"541","Oregon","West","Small Market","51.0","85.0","34.0","32.0","10.0","428.0","40.0","40.0","60.0","100.0","3","08/01/10 00:00:00","Coffee","Decaf Irish Cream","Decaf","51"
"541","Oregon","West","Small Market","64.0","114.0","43.0","36.0","13.0","363.0","50.0","50.0","80.0","130.0","3","04/01/11 00:00:00","Coffee","Decaf Irish Cream","Decaf","71"
"541","Oregon","West","Small Market","51.0","84.0","34.0","31.0","10.0","432.0","40.0","40.0","60.0","100.0","3","07/01/11 00:00:00","Coffee","Decaf Irish Cream","Decaf","50"
"541","Oregon","West","Small Market","60.0","108.0","41.0","35.0","13.0","435.0","50.0","40.0","80.0","120.0","3","12/01/11 00:00:00","Coffee","Decaf Irish Cream","Decaf","67"
"541","Oregon","West","Small Market","116.0","200.0","84.0","49.0","26.0","500.0","50.0","50.0","80.0","130.0","13","01/01/10 00:00:00","Tea","Green Tea","Regular","116"
"541","Oregon","West","Small Market","125.0","214.0","89.0","51.0","27.0","481.0","60.0","50.0","90.0","140.0","13","03/01/10 00:00:00","Tea","Green Tea","Regular","125"
"541","Oregon","West","Small Market","161.0","277.0","116.0","59.0","35.0","678.0","70.0","70.0","110.0","180.0","13","08/01/10 00:00:00","Tea","Green Tea","Regular","161"
"541","Oregon","West","Small Market","134.0","230.0","96.0","53.0","29.0","666.0","60.0","60.0","90.0","150.0","13","09/01/10 00:00:00","Tea","Green Tea","Regular","134"
"541","Oregon","West","Small Market","116.0","224.0","84.0","51.0","26.0","500.0","50.0","50.0","80.0","130.0","13","01/01/11 00:00:00","Tea","Green Tea","Regular","140"
"541","Oregon","West","Small Market","159.0","271.0","114.0","54.0","35.0","555.0","70.0","70.0","110.0","180.0","13","05/01/11 00:00:00","Tea","Green Tea","Regular","157"
"541","Oregon","West","Small Market","195.0","333.0","141.0","61.0","43.0","692.0","90.0","90.0","130.0","220.0","13","07/01/11 00:00:00","Tea","Green Tea","Regular","192"
"541","Oregon","West","Small Market","127.0","232.0","91.0","51.0","28.0","656.0","50.0","40.0","60.0","100.0","13","10/01/11 00:00:00","Tea","Green Tea","Regular","141"
"541","Oregon","West","Small Market","80.0","140.0","60.0","47.0","19.0","329.0","50.0","50.0","80.0","130.0","5","02/01/10 00:00:00","Espresso","Caffe Mocha","Regular","80"
"541","Oregon","West","Small Market","71.0","123.0","52.0","44.0","17.0","361.0","40.0","40.0","70.0","110.0","5","05/01/10 00:00:00","Espresso","Caffe Mocha","Regular","71"
"541","Oregon","West","Small Market","72.0","125.0","53.0","44.0","17.0","410.0","40.0","50.0","70.0","120.0","5","09/01/10 00:00:00","Espresso","Caffe Mocha","Regular","72"
"541","Oregon","West","Small Market","80.0","149.0","60.0","47.0","19.0","329.0","50.0","50.0","80.0","130.0","5","02/01/11 00:00:00","Espresso","Caffe Mocha","Regular","89"
"541","Oregon","West","Small Market","68.0","117.0","50.0","41.0","16.0","397.0","40.0","40.0","70.0","110.0","5","06/01/11 00:00:00","Espresso","Caffe Mocha","Regular","67"
"541","Oregon","West","Small Market","71.0","131.0","52.0","44.0","17.0","405.0","60.0","30.0","70.0","100.0","5","10/01/11 00:00:00","Espresso","Caffe Mocha","Regular","79"
"541","Oregon","West","Small Market","79.0","147.0","59.0","46.0","19.0","411.0","50.0","50.0","80.0","130.0","5","11/01/11 00:00:00","Espresso","Caffe Mocha","Regular","88"
"541","Oregon","West","Small Market","149.0","298.0","149.0","66.0","41.0","1156.0","90.0","140.0","140.0","280.0","6","05/01/10 00:00:00","Espresso","Decaf Espresso","Decaf","149"
"541","Oregon","West","Small Market","149.0","298.0","149.0","66.0","41.0","1245.0","90.0","140.0","140.0","280.0","6","06/01/10 00:00:00","Espresso","Decaf Espresso","Decaf","149"
"541","Oregon","West","Small Market","146.0","291.0","145.0","65.0","40.0","1304.0","90.0","130.0","140.0","270.0","6","07/01/10 00:00:00","Espresso","Decaf Espresso","Decaf","146"
"541","Oregon","West","Small Market","155.0","310.0","155.0","68.0","43.0","1280.0","90.0","140.0","150.0","290.0","6","09/01/10 00:00:00","Espresso","Decaf Espresso","Decaf","155"
"541","Oregon","West","Small Market","149.0","295.0","149.0","61.0","41.0","1156.0","90.0","140.0","140.0","280.0","6","05/01/11 00:00:00","Espresso","Decaf Espresso","Decaf","146"
"541","Oregon","West","Small Market","146.0","288.0","145.0","60.0","40.0","1292.0","90.0","130.0","140.0","270.0","6","08/01/11 00:00:00","Espresso","Decaf Espresso","Decaf","143"
"541","Oregon","West","Small Market","55.0","92.0","37.0","22.0","10.0","768.0","50.0","30.0","50.0","80.0","8","03/01/10 00:00:00","Herbal Tea","Chamomile","Decaf","55"
"541","Oregon","West","Small Market","36.0","61.0","25.0","19.0","7.0","823.0","30.0","20.0","30.0","50.0","8","09/01/10 00:00:00","Herbal Tea","Chamomile","Decaf","36"
"541","Oregon","West","Small Market","36.0","60.0","24.0","17.0","6.0","829.0","20.0","20.0","30.0","50.0","8","12/01/10 00:00:00","Herbal Tea","Chamomile","Decaf","36"
"541","Oregon","West","Small Market","41.0","68.0","28.0","18.0","7.0","816.0","40.0","20.0","40.0","60.0","8","06/01/11 00:00:00","Herbal Tea","Chamomile","Decaf","40"
"541","Oregon","West","Small Market","38.0","67.0","25.0","19.0","7.0","823.0","20.0","20.0","30.0","50.0","8","11/01/11 00:00:00","Herbal Tea","Chamomile","Decaf","42"
"541","Oregon","West","Small Market","56.0","100.0","44.0","26.0","14.0","618.0","30.0","30.0","50.0","80.0","9","02/01/10 00:00:00","Herbal Tea","Lemon","Decaf","56"
"541","Oregon","West","Small Market","87.0","155.0","68.0","34.0","22.0","587.0","60.0","50.0","80.0","130.0","9","08/01/10 00:00:00","Herbal Tea","Lemon","Decaf","87"
"541","Oregon","West","Small Market","104.0","185.0","81.0","38.0","26.0","551.0","70.0","70.0","100.0","170.0","9","12/01/10 00:00:00","Herbal Tea","Lemon","Decaf","104"
"541","Oregon","West","Small Market","60.0","113.0","46.0","28.0","15.0","608.0","40.0","30.0","60.0","90.0","9","04/01/11 00:00:00","Herbal Tea","Lemon","Decaf","67"
"541","Oregon","West","Small Market","56.0","98.0","43.0","24.0","14.0","602.0","30.0","30.0","50.0","80.0","9","05/01/11 00:00:00","Herbal Tea","Lemon","Decaf","55"
"541","Oregon","West","Small Market","87.0","154.0","68.0","32.0","22.0","587.0","60.0","50.0","80.0","130.0","9","08/01/11 00:00:00","Herbal Tea","Lemon","Decaf","86"
"541","Oregon","West","Small Market","79.0","149.0","61.0","32.0","20.0","579.0","50.0","50.0","70.0","120.0","9","09/01/11 00:00:00","Herbal Tea","Lemon","Decaf","88"
"541","Oregon","West","Small Market","115.0","218.0","90.0","42.0","29.0","572.0","90.0","60.0","100.0","160.0","9","10/01/11 00:00:00","Herbal Tea","Lemon","Decaf","128"
"541","Oregon","West","Small Market","112.0","213.0","88.0","42.0","29.0","561.0","70.0","80.0","100.0","180.0","9","11/01/11 00:00:00","Herbal Tea","Lemon","Decaf","125"
"541","Oregon","West","Small Market","34.0","56.0","22.0","17.0","6.0","452.0","20.0","10.0","20.0","30.0","11","02/01/10 00:00:00","Tea","Darjeeling","Regular","34"
"541","Oregon","West","Small Market","26.0","44.0","18.0","17.0","5.0","486.0","10.0","10.0","10.0","20.0","11","07/01/10 00:00:00","Tea","Darjeeling","Regular","26"
"541","Oregon","West","Small Market","30.0","50.0","20.0","17.0","5.0","482.0","20.0","10.0","20.0","30.0","11","09/01/10 00:00:00","Tea","Darjeeling","Regular","30"
"541","Oregon","West","Small Market","32.0","53.0","21.0","16.0","5.0","480.0","20.0","0.0","20.0","20.0","11","10/01/10 00:00:00","Tea","Darjeeling","Regular","32"
"541","Oregon","West","Small Market","48.0","80.0","32.0","20.0","8.0","482.0","30.0","20.0","30.0","50.0","11","11/01/10 00:00:00","Tea","Darjeeling","Regular","48"
"541","Oregon","West","Small Market","48.0","90.0","32.0","21.0","8.0","456.0","30.0","20.0","30.0","50.0","11","01/01/11 00:00:00","Tea","Darjeeling","Regular","58"
"541","Oregon","West","Small Market","32.0","56.0","21.0","16.0","5.0","449.0","20.0","10.0","20.0","30.0","11","03/01/11 00:00:00","Tea","Darjeeling","Regular","35"
"541","Oregon","West","Small Market","32.0","56.0","21.0","17.0","5.0","454.0","20.0","10.0","20.0","30.0","11","04/01/11 00:00:00","Tea","Darjeeling","Regular","35"
"541","Oregon","West","Small Market","25.0","41.0","16.0","15.0","4.0","484.0","10.0","10.0","10.0","20.0","11","08/01/11 00:00:00","Tea","Darjeeling","Regular","25"
"541","Oregon","West","Small Market","30.0","53.0","20.0","17.0","5.0","482.0","20.0","10.0","20.0","30.0","11","09/01/11 00:00:00","Tea","Darjeeling","Regular","33"
"541","Oregon","West","Small Market","44.0","78.0","29.0","19.0","8.0","490.0","30.0","20.0","30.0","50.0","11","12/01/11 00:00:00","Tea","Darjeeling","Regular","49"
"541","Oregon","West","Small Market","134.0","222.0","88.0","61.0","29.0","653.0","70.0","50.0","100.0","150.0","12","04/01/10 00:00:00","Tea","Earl Grey","Regular","134"
"541","Oregon","West","Small Market","150.0","249.0","99.0","63.0","32.0","798.0","60.0","60.0","100.0","160.0","12","09/01/10 00:00:00","Tea","Earl Grey","Regular","150"
"541","Oregon","West","Small Market","172.0","283.0","114.0","63.0","37.0","822.0","80.0","70.0","120.0","190.0","12","07/01/11 00:00:00","Tea","Earl Grey","Regular","169"
"541","Oregon","West","Small Market","172.0","283.0","114.0","63.0","37.0","810.0","80.0","70.0","120.0","190.0","12","08/01/11 00:00:00","Tea","Earl Grey","Regular","169"
"541","Oregon","West","Small Market","71.0","129.0","58.0","56.0","22.0","325.0","20.0","50.0","70.0","120.0","4","03/01/10 00:00:00","Espresso","Caffe Latte","Regular","71"
"541","Oregon","West","Small Market","67.0","121.0","54.0","54.0","20.0","337.0","20.0","50.0","60.0","110.0","4","04/01/10 00:00:00","Espresso","Caffe Latte","Regular","67"
"541","Oregon","West","Small Market","65.0","118.0","53.0","54.0","20.0","361.0","20.0","50.0","60.0","110.0","4","05/01/10 00:00:00","Espresso","Caffe Latte","Regular","65"
"541","Oregon","West","Small Market","69.0","124.0","55.0","53.0","20.0","410.0","30.0","50.0","70.0","120.0","4","11/01/10 00:00:00","Espresso","Caffe Latte","Regular","69"
"541","Oregon","West","Small Market","73.0","141.0","59.0","55.0","22.0","331.0","20.0","50.0","70.0","120.0","4","02/01/11 00:00:00","Espresso","Caffe Latte","Regular","82"
"541","Oregon","West","Small Market","65.0","117.0","53.0","50.0","20.0","361.0","20.0","50.0","60.0","110.0","4","05/01/11 00:00:00","Espresso","Caffe Latte","Regular","64"
"541","Oregon","West","Small Market","60.0","108.0","49.0","47.0","18.0","414.0","20.0","40.0","60.0","100.0","4","08/01/11 00:00:00","Espresso","Caffe Latte","Regular","59"
"559","California","West","Major Market","407.0","678.0","271.0","145.0","94.0","2101.0","370.0","340.0","500.0","840.0","2","01/01/10 00:00:00","Coffee","Columbian","Regular","407"
"559","California","West","Major Market","252.0","496.0","213.0","88.0","66.0","942.0","160.0","180.0","220.0","400.0","9","02/01/11 00:00:00","Herbal Tea","Lemon","Decaf","283"
"559","California","West","Major Market","277.0","507.0","235.0","87.0","72.0","1060.0","180.0","200.0","250.0","450.0","9","05/01/11 00:00:00","Herbal Tea","Lemon","Decaf","272"
"559","California","West","Major Market","212.0","423.0","211.0","83.0","59.0","1778.0","140.0","200.0","210.0","410.0","4","11/01/10 00:00:00","Espresso","Caffe Latte","Regular","212"
"561","Florida","East","Major Market","126.0","210.0","84.0","59.0","27.0","632.0","70.0","80.0","110.0","190.0","2","03/01/10 00:00:00","Coffee","Columbian","Regular","126"
"561","Florida","East","Major Market","120.0","213.0","80.0","57.0","26.0","640.0","80.0","70.0","120.0","190.0","2","02/01/11 00:00:00","Coffee","Columbian","Regular","133"
"561","Florida","East","Major Market","155.0","267.0","112.0","57.0","34.0","502.0","100.0","100.0","150.0","250.0","3","04/01/10 00:00:00","Coffee","Decaf Irish Cream","Decaf","155"
"561","Florida","East","Major Market","127.0","218.0","91.0","51.0","28.0","656.0","90.0","70.0","110.0","180.0","3","10/01/10 00:00:00","Coffee","Decaf Irish Cream","Decaf","127"
"561","Florida","East","Major Market","161.0","275.0","116.0","55.0","35.0","678.0","100.0","110.0","150.0","260.0","3","08/01/11 00:00:00","Coffee","Decaf Irish Cream","Decaf","159"
"561","Florida","East","Major Market","47.0","78.0","31.0","19.0","8.0","856.0","40.0","30.0","50.0","80.0","13","11/01/10 00:00:00","Tea","Green Tea","Regular","47"
"561","Florida","East","Major Market","103.0","180.0","77.0","52.0","25.0","557.0","60.0","70.0","100.0","170.0","6","11/01/10 00:00:00","Espresso","Decaf Espresso","Decaf","103"
"561","Florida","East","Major Market","43.0","76.0","33.0","22.0","10.0","577.0","20.0","20.0","30.0","50.0","8","09/01/10 00:00:00","Herbal Tea","Chamomile","Decaf","43"
"561","Florida","East","Major Market","30.0","52.0","22.0","19.0","7.0","570.0","10.0","10.0","20.0","30.0","8","11/01/10 00:00:00","Herbal Tea","Chamomile","Decaf","30"
"561","Florida","East","Major Market","67.0","129.0","54.0","54.0","20.0","391.0","10.0","40.0","40.0","80.0","9","11/01/11 00:00:00","Herbal Tea","Lemon","Decaf","75"
"561","Florida","East","Major Market","96.0","176.0","80.0","46.0","24.0","1079.0","30.0","60.0","60.0","120.0","10","12/01/10 00:00:00","Herbal Tea","Mint","Decaf","96"
"561","Florida","East","Major Market","89.0","175.0","75.0","45.0","23.0","1063.0","30.0","50.0","60.0","110.0","10","11/01/11 00:00:00","Herbal Tea","Mint","Decaf","100"
"561","Florida","East","Major Market","52.0","93.0","35.0","20.0","9.0","875.0","50.0","30.0","60.0","90.0","11","09/01/11 00:00:00","Tea","Darjeeling","Regular","58"
"561","Florida","East","Major Market","56.0","100.0","38.0","21.0","10.0","871.0","50.0","40.0","60.0","100.0","11","10/01/11 00:00:00","Tea","Darjeeling","Regular","62"
"562","California","West","Major Market","-67.0","87.0","154.0","72.0","49.0","2105.0","-150.0","190.0","-90.0","100.0","1","08/01/10 00:00:00","Coffee","Amaretto","Regular","-67"
"562","California","West","Major Market","-13.0","117.0","123.0","63.0","39.0","964.0","-70.0","150.0","-20.0","130.0","1","04/01/11 00:00:00","Coffee","Amaretto","Regular","-6"
"562","California","West","Major Market","474.0","842.0","316.0","161.0","110.0","2580.0","450.0","390.0","590.0","980.0","2","09/01/11 00:00:00","Coffee","Columbian","Regular","526"
"562","California","West","Major Market","110.0","182.0","72.0","54.0","23.0","650.0","50.0","20.0","60.0","80.0","13","10/01/10 00:00:00","Tea","Green Tea","Regular","110"
"562","California","West","Major Market","225.0","387.0","162.0","180.0","147.0","943.0","60.0","150.0","220.0","370.0","5","07/01/10 00:00:00","Espresso","Caffe Mocha","Regular","225"
"562","California","West","Major Market","173.0","298.0","125.0","146.0","113.0","898.0","50.0","110.0","160.0","270.0","5","10/01/10 00:00:00","Espresso","Caffe Mocha","Regular","173"
"562","California","West","Major Market","362.0","634.0","272.0","122.0","89.0","1616.0","230.0","260.0","340.0","600.0","6","06/01/10 00:00:00","Espresso","Decaf Espresso","Decaf","362"
"562","California","West","Major Market","387.0","672.0","291.0","119.0","96.0","1742.0","260.0","270.0","380.0","650.0","6","07/01/11 00:00:00","Espresso","Decaf Espresso","Decaf","381"
"562","California","West","Major Market","139.0","234.0","95.0","38.0","26.0","799.0","100.0","80.0","120.0","200.0","8","03/01/10 00:00:00","Herbal Tea","Chamomile","Decaf","139"
"562","California","West","Major Market","145.0","261.0","100.0","40.0","28.0","981.0","110.0","80.0","130.0","210.0","8","09/01/11 00:00:00","Herbal Tea","Chamomile","Decaf","161"
"562","California","West","Major Market","281.0","520.0","239.0","95.0","74.0","1246.0","170.0","190.0","220.0","410.0","9","10/01/10 00:00:00","Herbal Tea","Lemon","Decaf","281"
"562","California","West","Major Market","109.0","193.0","84.0","40.0","27.0","603.0","60.0","70.0","90.0","160.0","10","03/01/10 00:00:00","Herbal Tea","Mint","Decaf","109"
"562","California","West","Major Market","100.0","190.0","78.0","38.0","25.0","593.0","60.0","60.0","90.0","150.0","10","04/01/11 00:00:00","Herbal Tea","Mint","Decaf","112"
"562","California","West","Major Market","152.0","256.0","104.0","40.0","29.0","952.0","100.0","60.0","110.0","170.0","11","07/01/10 00:00:00","Tea","Darjeeling","Regular","152"
"562","California","West","Major Market","179.0","302.0","123.0","45.0","34.0","915.0","80.0","50.0","90.0","140.0","11","10/01/10 00:00:00","Tea","Darjeeling","Regular","179"
"562","California","West","Major Market","130.0","245.0","89.0","38.0","24.0","777.0","80.0","50.0","90.0","140.0","11","01/01/11 00:00:00","Tea","Darjeeling","Regular","156"
"562","California","West","Major Market","124.0","208.0","86.0","33.0","24.0","499.0","80.0","50.0","90.0","140.0","12","05/01/11 00:00:00","Tea","Earl Grey","Regular","122"
"562","California","West","Major Market","239.0","478.0","239.0","90.0","66.0","1755.0","160.0","210.0","220.0","430.0","4","10/01/10 00:00:00","Espresso","Caffe Latte","Regular","239"
"563","Iowa","Central","Small Market","31.0","52.0","21.0","16.0","5.0","846.0","30.0","10.0","30.0","40.0","1","10/01/10 00:00:00","Coffee","Amaretto","Regular","31"
"563","Iowa","Central","Small Market","24.0","39.0","15.0","16.0","4.0","848.0","10.0","10.0","20.0","30.0","1","11/01/10 00:00:00","Coffee","Amaretto","Regular","24"
"563","Iowa","Central","Small Market","27.0","50.0","18.0","17.0","5.0","821.0","20.0","10.0","30.0","40.0","1","01/01/11 00:00:00","Coffee","Amaretto","Regular","32"
"563","Iowa","Central","Small Market","25.0","44.0","16.0","15.0","4.0","851.0","20.0","10.0","30.0","40.0","1","12/01/11 00:00:00","Coffee","Amaretto","Regular","28"
"563","Iowa","Central","Small Market","38.0","70.0","32.0","30.0","9.0","996.0","20.0","30.0","40.0","70.0","2","06/01/10 00:00:00","Coffee","Columbian","Regular","38"
"563","Iowa","Central","Small Market","49.0","90.0","41.0","34.0","12.0","1007.0","20.0","40.0","50.0","90.0","2","08/01/10 00:00:00","Coffee","Columbian","Regular","49"
"563","Iowa","Central","Small Market","35.0","64.0","29.0","30.0","8.0","1003.0","20.0","20.0","40.0","60.0","2","11/01/10 00:00:00","Coffee","Columbian","Regular","35"
"563","Iowa","Central","Small Market","38.0","69.0","31.0","30.0","9.0","1009.0","10.0","30.0","30.0","60.0","2","12/01/10 00:00:00","Coffee","Columbian","Regular","38"
"563","Iowa","Central","Small Market","31.0","54.0","23.0","19.0","7.0","617.0","20.0","20.0","30.0","50.0","3","03/01/10 00:00:00","Coffee","Decaf Irish Cream","Decaf","31"
"563","Iowa","Central","Small Market","20.0","35.0","15.0","17.0","4.0","600.0","10.0","10.0","20.0","30.0","3","09/01/10 00:00:00","Coffee","Decaf Irish Cream","Decaf","20"
"563","Iowa","Central","Small Market","26.0","43.0","17.0","15.0","4.0","777.0","30.0","10.0","40.0","50.0","5","01/01/10 00:00:00","Espresso","Caffe Mocha","Regular","26"
"563","Iowa","Central","Small Market","26.0","43.0","17.0","16.0","4.0","776.0","30.0","10.0","40.0","50.0","5","04/01/10 00:00:00","Espresso","Caffe Mocha","Regular","26"
"563","Iowa","Central","Small Market","26.0","48.0","17.0","16.0","4.0","777.0","30.0","10.0","40.0","50.0","5","01/01/11 00:00:00","Espresso","Caffe Mocha","Regular","31"
"563","Iowa","Central","Small Market","32.0","53.0","21.0","16.0","5.0","798.0","30.0","20.0","40.0","60.0","5","06/01/11 00:00:00","Espresso","Caffe Mocha","Regular","32"
"563","Iowa","Central","Small Market","35.0","57.0","23.0","16.0","6.0","806.0","30.0","20.0","40.0","60.0","5","08/01/11 00:00:00","Espresso","Caffe Mocha","Regular","34"
"563","Iowa","Central","Small Market","26.0","43.0","17.0","16.0","4.0","777.0","30.0","10.0","40.0","50.0","6","01/01/10 00:00:00","Espresso","Decaf Espresso","Decaf","26"
"563","Iowa","Central","Small Market","43.0","43.0","0.0","11.0","0.0","731.0","40.0","0.0","50.0","50.0","6","03/01/10 00:00:00","Espresso","Decaf Espresso","Decaf","43"
"563","Iowa","Central","Small Market","43.0","43.0","0.0","11.0","0.0","645.0","40.0","0.0","50.0","50.0","6","05/01/11 00:00:00","Espresso","Decaf Espresso","Decaf","43"
"563","Iowa","Central","Small Market","43.0","43.0","0.0","11.0","0.0","602.0","40.0","0.0","50.0","50.0","6","06/01/11 00:00:00","Espresso","Decaf Espresso","Decaf","43"
"563","Iowa","Central","Small Market","43.0","43.0","0.0","11.0","0.0","559.0","40.0","0.0","50.0","50.0","6","07/01/11 00:00:00","Espresso","Decaf Espresso","Decaf","43"
"563","Iowa","Central","Small Market","43.0","43.0","0.0","11.0","0.0","516.0","40.0","0.0","50.0","50.0","6","08/01/11 00:00:00","Espresso","Decaf Espresso","Decaf","43"
"563","Iowa","Central","Small Market","43.0","46.0","0.0","12.0","0.0","430.0","60.0","0.0","60.0","60.0","6","10/01/11 00:00:00","Espresso","Decaf Espresso","Decaf","46"
"563","Iowa","Central","Small Market","43.0","46.0","0.0","11.0","0.0","344.0","40.0","0.0","50.0","50.0","6","12/01/11 00:00:00","Espresso","Decaf Espresso","Decaf","46"
"563","Iowa","Central","Small Market","311.0","545.0","234.0","110.0","77.0","1282.0","190.0","200.0","270.0","470.0","8","02/01/10 00:00:00","Herbal Tea","Chamomile","Decaf","311"
"563","Iowa","Central","Small Market","335.0","587.0","252.0","115.0","83.0","1316.0","210.0","210.0","300.0","510.0","8","04/01/10 00:00:00","Herbal Tea","Chamomile","Decaf","335"
"563","Iowa","Central","Small Market","349.0","612.0","263.0","118.0","86.0","1433.0","220.0","220.0","310.0","530.0","8","05/01/10 00:00:00","Herbal Tea","Chamomile","Decaf","349"
"563","Iowa","Central","Small Market","311.0","581.0","234.0","110.0","77.0","1282.0","190.0","200.0","270.0","470.0","8","02/01/11 00:00:00","Herbal Tea","Chamomile","Decaf","347"
"563","Iowa","Central","Small Market","324.0","604.0","243.0","112.0","80.0","1260.0","210.0","200.0","290.0","490.0","8","03/01/11 00:00:00","Herbal Tea","Chamomile","Decaf","361"
"563","Iowa","Central","Small Market","335.0","626.0","252.0","115.0","83.0","1316.0","210.0","210.0","300.0","510.0","8","04/01/11 00:00:00","Herbal Tea","Chamomile","Decaf","374"
"563","Iowa","Central","Small Market","362.0","628.0","272.0","113.0","89.0","1616.0","230.0","230.0","320.0","550.0","8","06/01/11 00:00:00","Herbal Tea","Chamomile","Decaf","356"
"563","Iowa","Central","Small Market","139.0","234.0","95.0","53.0","30.0","608.0","90.0","80.0","120.0","200.0","9","01/01/10 00:00:00","Herbal Tea","Lemon","Decaf","139"
"563","Iowa","Central","Small Market","150.0","254.0","104.0","55.0","33.0","596.0","110.0","80.0","140.0","220.0","9","02/01/10 00:00:00","Herbal Tea","Lemon","Decaf","150"
"563","Iowa","Central","Small Market","176.0","298.0","122.0","61.0","39.0","801.0","120.0","100.0","160.0","260.0","9","09/01/10 00:00:00","Herbal Tea","Lemon","Decaf","176"
"563","Iowa","Central","Small Market","185.0","309.0","127.0","59.0","40.0","671.0","130.0","100.0","170.0","270.0","9","05/01/11 00:00:00","Herbal Tea","Lemon","Decaf","182"
"563","Iowa","Central","Small Market","222.0","373.0","154.0","67.0","49.0","833.0","150.0","130.0","200.0","330.0","9","07/01/11 00:00:00","Herbal Tea","Lemon","Decaf","219"
"563","Iowa","Central","Small Market","229.0","457.0","228.0","88.0","63.0","1436.0","140.0","190.0","210.0","400.0","11","02/01/10 00:00:00","Tea","Darjeeling","Regular","229"
"563","Iowa","Central","Small Market","239.0","478.0","239.0","90.0","66.0","1755.0","110.0","170.0","170.0","340.0","11","10/01/10 00:00:00","Tea","Darjeeling","Regular","239"
"563","Iowa","Central","Small Market","261.0","516.0","260.0","90.0","72.0","1715.0","150.0","220.0","230.0","450.0","11","06/01/11 00:00:00","Tea","Darjeeling","Regular","256"
"563","Iowa","Central","Small Market","266.0","527.0","266.0","92.0","74.0","1819.0","150.0","220.0","240.0","460.0","11","07/01/11 00:00:00","Tea","Darjeeling","Regular","261"
"563","Iowa","Central","Small Market","249.0","531.0","249.0","94.0","69.0","1775.0","140.0","210.0","220.0","430.0","11","09/01/11 00:00:00","Tea","Darjeeling","Regular","282"
"563","Iowa","Central","Small Market","212.0","451.0","211.0","83.0","59.0","1778.0","110.0","170.0","180.0","350.0","11","11/01/11 00:00:00","Tea","Darjeeling","Regular","240"
"563","Iowa","Central","Small Market","324.0","589.0","265.0","134.0","100.0","1538.0","170.0","220.0","290.0","510.0","12","05/01/10 00:00:00","Tea","Earl Grey","Regular","324"
"563","Iowa","Central","Small Market","332.0","603.0","271.0","135.0","102.0","1714.0","180.0","230.0","300.0","530.0","12","06/01/10 00:00:00","Tea","Earl Grey","Regular","332"
"563","Iowa","Central","Small Market","312.0","567.0","255.0","129.0","96.0","1756.0","130.0","170.0","230.0","400.0","12","10/01/10 00:00:00","Tea","Earl Grey","Regular","312"
"563","Iowa","Central","Small Market","301.0","582.0","245.0","126.0","93.0","1369.0","160.0","210.0","270.0","480.0","12","03/01/11 00:00:00","Tea","Earl Grey","Regular","337"
"563","Iowa","Central","Small Market","318.0","616.0","260.0","132.0","98.0","1423.0","160.0","220.0","280.0","500.0","12","04/01/11 00:00:00","Tea","Earl Grey","Regular","356"
"563","Iowa","Central","Small Market","360.0","697.0","294.0","144.0","111.0","1838.0","170.0","240.0","300.0","540.0","12","12/01/11 00:00:00","Tea","Earl Grey","Regular","403"
"567","Ohio","Central","Major Market","74.0","137.0","55.0","46.0","18.0","336.0","50.0","50.0","80.0","130.0","1","04/01/11 00:00:00","Coffee","Amaretto","Regular","82"
"567","Ohio","Central","Major Market","73.0","125.0","52.0","76.0","47.0","509.0","10.0","50.0","70.0","120.0","3","11/01/10 00:00:00","Coffee","Decaf Irish Cream","Decaf","73"
"567","Ohio","Central","Major Market","56.0","94.0","39.0","60.0","36.0","517.0","0.0","40.0","50.0","90.0","3","07/01/11 00:00:00","Coffee","Decaf Irish Cream","Decaf","55"
"567","Ohio","Central","Major Market","163.0","325.0","162.0","70.0","45.0","1091.0","130.0","180.0","200.0","380.0","5","04/01/10 00:00:00","Espresso","Caffe Mocha","Regular","163"
"567","Ohio","Central","Major Market","161.0","322.0","161.0","69.0","45.0","1267.0","190.0","230.0","240.0","470.0","5","10/01/10 00:00:00","Espresso","Caffe Mocha","Regular","161"
"567","Ohio","Central","Major Market","57.0","102.0","45.0","51.0","17.0","409.0","30.0","50.0","70.0","120.0","6","09/01/10 00:00:00","Espresso","Decaf Espresso","Decaf","57"
"567","Ohio","Central","Major Market","25.0","41.0","16.0","16.0","4.0","484.0","20.0","10.0","20.0","30.0","8","08/01/10 00:00:00","Herbal Tea","Chamomile","Decaf","25"
"567","Ohio","Central","Major Market","48.0","90.0","32.0","20.0","8.0","456.0","50.0","20.0","50.0","70.0","8","01/01/11 00:00:00","Herbal Tea","Chamomile","Decaf","58"
"567","Ohio","Central","Major Market","42.0","71.0","29.0","19.0","8.0","835.0","40.0","20.0","40.0","60.0","9","05/01/10 00:00:00","Herbal Tea","Lemon","Decaf","42"
"567","Ohio","Central","Major Market","126.0","210.0","84.0","58.0","27.0","651.0","60.0","70.0","110.0","180.0","11","01/01/10 00:00:00","Tea","Darjeeling","Regular","126"
"567","Ohio","Central","Major Market","116.0","224.0","84.0","51.0","26.0","500.0","60.0","70.0","100.0","170.0","12","01/01/11 00:00:00","Tea","Earl Grey","Regular","140"
"567","Ohio","Central","Major Market","164.0","279.0","118.0","55.0","36.0","636.0","90.0","100.0","140.0","240.0","12","06/01/11 00:00:00","Tea","Earl Grey","Regular","161"
"573","Missouri","Central","Small Market","104.0","189.0","85.0","65.0","32.0","476.0","40.0","90.0","100.0","190.0","2","03/01/10 00:00:00","Coffee","Columbian","Regular","104"
"573","Missouri","Central","Small Market","98.0","178.0","80.0","63.0","30.0","494.0","50.0","80.0","100.0","180.0","2","04/01/10 00:00:00","Coffee","Columbian","Regular","98"
"573","Missouri","Central","Small Market","96.0","173.0","77.0","63.0","29.0","529.0","50.0","80.0","100.0","180.0","2","05/01/10 00:00:00","Coffee","Columbian","Regular","96"
"573","Missouri","Central","Small Market","93.0","169.0","76.0","62.0","28.0","580.0","40.0","80.0","90.0","170.0","2","06/01/10 00:00:00","Coffee","Columbian","Regular","93"
"573","Missouri","Central","Small Market","102.0","184.0","82.0","64.0","31.0","601.0","40.0","80.0","100.0","180.0","2","11/01/10 00:00:00","Coffee","Columbian","Regular","102"
"573","Missouri","Central","Small Market","85.0","153.0","68.0","59.0","25.0","619.0","40.0","60.0","90.0","150.0","2","12/01/10 00:00:00","Coffee","Columbian","Regular","85"
"573","Missouri","Central","Small Market","107.0","206.0","86.0","65.0","32.0","484.0","50.0","90.0","110.0","200.0","2","02/01/11 00:00:00","Coffee","Columbian","Regular","120"
"573","Missouri","Central","Small Market","98.0","190.0","80.0","63.0","30.0","494.0","50.0","80.0","100.0","180.0","2","04/01/11 00:00:00","Coffee","Columbian","Regular","110"
"573","Missouri","Central","Small Market","96.0","171.0","77.0","59.0","29.0","529.0","50.0","80.0","100.0","180.0","2","05/01/11 00:00:00","Coffee","Columbian","Regular","94"
"573","Missouri","Central","Small Market","93.0","167.0","76.0","58.0","28.0","580.0","40.0","80.0","90.0","170.0","2","06/01/11 00:00:00","Coffee","Columbian","Regular","91"
"573","Missouri","Central","Small Market","83.0","160.0","67.0","58.0","25.0","599.0","30.0","70.0","80.0","150.0","2","09/01/11 00:00:00","Coffee","Columbian","Regular","93"
"573","Missouri","Central","Small Market","98.0","189.0","79.0","63.0","30.0","593.0","70.0","70.0","100.0","170.0","2","10/01/11 00:00:00","Coffee","Columbian","Regular","110"
"573","Missouri","Central","Small Market","102.0","196.0","82.0","64.0","31.0","601.0","40.0","80.0","100.0","180.0","2","11/01/11 00:00:00","Coffee","Columbian","Regular","114"
"573","Missouri","Central","Small Market","85.0","163.0","68.0","59.0","25.0","619.0","40.0","60.0","90.0","150.0","2","12/01/11 00:00:00","Coffee","Columbian","Regular","95"
"573","Missouri","Central","Small Market","92.0","170.0","78.0","45.0","24.0","965.0","50.0","80.0","90.0","170.0","3","01/01/10 00:00:00","Coffee","Decaf Irish Cream","Decaf","92"
"573","Missouri","Central","Small Market","89.0","163.0","74.0","44.0","22.0","949.0","60.0","70.0","100.0","170.0","3","03/01/10 00:00:00","Coffee","Decaf Irish Cream","Decaf","89"
"573","Missouri","Central","Small Market","91.0","178.0","76.0","44.0","23.0","965.0","50.0","80.0","90.0","170.0","3","04/01/11 00:00:00","Coffee","Decaf Irish Cream","Decaf","102"
"573","Missouri","Central","Small Market","41.0","74.0","33.0","45.0","12.0","193.0","0.0","20.0","40.0","60.0","13","02/01/10 00:00:00","Tea","Green Tea","Regular","41"
"573","Missouri","Central","Small Market","42.0","75.0","33.0","46.0","12.0","190.0","0.0","20.0","40.0","60.0","13","03/01/10 00:00:00","Tea","Green Tea","Regular","42"
"573","Missouri","Central","Small Market","44.0","79.0","35.0","46.0","13.0","197.0","-10.0","30.0","30.0","60.0","13","04/01/10 00:00:00","Tea","Green Tea","Regular","44"
"573","Missouri","Central","Small Market","45.0","81.0","36.0","47.0","13.0","212.0","0.0","30.0","40.0","70.0","13","05/01/10 00:00:00","Tea","Green Tea","Regular","45"
"573","Missouri","Central","Small Market","46.0","82.0","36.0","46.0","13.0","236.0","0.0","30.0","40.0","70.0","13","06/01/10 00:00:00","Tea","Green Tea","Regular","46"
"573","Missouri","Central","Small Market","51.0","91.0","40.0","49.0","15.0","244.0","10.0","30.0","50.0","80.0","13","09/01/10 00:00:00","Tea","Green Tea","Regular","51"
"573","Missouri","Central","Small Market","41.0","79.0","33.0","45.0","12.0","193.0","0.0","20.0","40.0","60.0","13","02/01/11 00:00:00","Tea","Green Tea","Regular","46"
"573","Missouri","Central","Small Market","48.0","85.0","38.0","44.0","14.0","248.0","0.0","30.0","40.0","70.0","13","08/01/11 00:00:00","Tea","Green Tea","Regular","47"
"573","Missouri","Central","Small Market","73.0","123.0","50.0","25.0","14.0","821.0","70.0","50.0","90.0","140.0","5","01/01/10 00:00:00","Espresso","Caffe Mocha","Regular","73"
"573","Missouri","Central","Small Market","73.0","123.0","50.0","25.0","14.0","814.0","70.0","50.0","90.0","140.0","5","02/01/10 00:00:00","Espresso","Caffe Mocha","Regular","73"
"573","Missouri","Central","Small Market","72.0","121.0","49.0","25.0","13.0","809.0","70.0","50.0","90.0","140.0","5","03/01/10 00:00:00","Espresso","Caffe Mocha","Regular","72"
"573","Missouri","Central","Small Market","52.0","87.0","35.0","20.0","9.0","894.0","40.0","40.0","60.0","100.0","5","07/01/10 00:00:00","Espresso","Caffe Mocha","Regular","52"
"573","Missouri","Central","Small Market","73.0","138.0","50.0","26.0","14.0","821.0","70.0","50.0","90.0","140.0","5","01/01/11 00:00:00","Espresso","Caffe Mocha","Regular","88"
"573","Missouri","Central","Small Market","72.0","129.0","49.0","25.0","13.0","809.0","70.0","50.0","90.0","140.0","5","03/01/11 00:00:00","Espresso","Caffe Mocha","Regular","80"
"573","Missouri","Central","Small Market","64.0","115.0","44.0","23.0","12.0","886.0","50.0","50.0","70.0","120.0","5","09/01/11 00:00:00","Espresso","Caffe Mocha","Regular","71"
"573","Missouri","Central","Small Market","59.0","106.0","40.0","23.0","11.0","881.0","90.0","50.0","90.0","140.0","5","10/01/11 00:00:00","Espresso","Caffe Mocha","Regular","66"
"573","Missouri","Central","Small Market","78.0","141.0","54.0","27.0","15.0","885.0","80.0","60.0","100.0","160.0","5","11/01/11 00:00:00","Espresso","Caffe Mocha","Regular","87"
"573","Missouri","Central","Small Market","73.0","131.0","50.0","25.0","14.0","898.0","70.0","60.0","90.0","150.0","5","12/01/11 00:00:00","Espresso","Caffe Mocha","Regular","81"
"573","Missouri","Central","Small Market","61.0","103.0","42.0","23.0","11.0","771.0","60.0","40.0","80.0","120.0","6","02/01/10 00:00:00","Espresso","Decaf Espresso","Decaf","61"
"573","Missouri","Central","Small Market","67.0","112.0","45.0","23.0","12.0","777.0","60.0","50.0","80.0","130.0","6","04/01/10 00:00:00","Espresso","Decaf Espresso","Decaf","67"
"573","Missouri","Central","Small Market","53.0","89.0","36.0","22.0","10.0","828.0","40.0","40.0","60.0","100.0","6","06/01/10 00:00:00","Espresso","Decaf Espresso","Decaf","53"
"573","Missouri","Central","Small Market","68.0","128.0","46.0","24.0","12.0","777.0","60.0","50.0","80.0","130.0","6","01/01/11 00:00:00","Espresso","Decaf Espresso","Decaf","82"
"573","Missouri","Central","Small Market","70.0","126.0","48.0","25.0","13.0","766.0","60.0","50.0","80.0","130.0","6","03/01/11 00:00:00","Espresso","Decaf Espresso","Decaf","78"
"573","Missouri","Central","Small Market","67.0","119.0","45.0","23.0","12.0","777.0","60.0","50.0","80.0","130.0","6","04/01/11 00:00:00","Espresso","Decaf Espresso","Decaf","74"
"573","Missouri","Central","Small Market","48.0","79.0","32.0","19.0","8.0","841.0","50.0","30.0","60.0","90.0","6","08/01/11 00:00:00","Espresso","Decaf Espresso","Decaf","47"
"573","Missouri","Central","Small Market","53.0","90.0","37.0","64.0","34.0","261.0","0.0","30.0","40.0","70.0","8","01/01/10 00:00:00","Herbal Tea","Chamomile","Decaf","53"
"573","Missouri","Central","Small Market","64.0","109.0","45.0","70.0","41.0","320.0","30.0","20.0","60.0","80.0","8","10/01/10 00:00:00","Herbal Tea","Chamomile","Decaf","64"
"573","Missouri","Central","Small Market","62.0","106.0","44.0","70.0","40.0","325.0","0.0","40.0","50.0","90.0","8","11/01/10 00:00:00","Herbal Tea","Chamomile","Decaf","62"
"573","Missouri","Central","Small Market","53.0","101.0","37.0","67.0","34.0","261.0","0.0","30.0","40.0","70.0","8","01/01/11 00:00:00","Herbal Tea","Chamomile","Decaf","64"
"573","Missouri","Central","Small Market","61.0","111.0","43.0","69.0","39.0","256.0","10.0","30.0","60.0","90.0","8","02/01/11 00:00:00","Herbal Tea","Chamomile","Decaf","68"
"573","Missouri","Central","Small Market","64.0","116.0","45.0","70.0","41.0","320.0","30.0","20.0","60.0","80.0","8","10/01/11 00:00:00","Herbal Tea","Chamomile","Decaf","71"
"573","Missouri","Central","Small Market","19.0","139.0","120.0","60.0","37.0","1439.0","-20.0","100.0","20.0","120.0","9","08/01/10 00:00:00","Herbal Tea","Lemon","Decaf","19"
"573","Missouri","Central","Small Market","23.0","109.0","86.0","49.0","26.0","1698.0","10.0","60.0","20.0","80.0","9","10/01/10 00:00:00","Herbal Tea","Lemon","Decaf","23"
"573","Missouri","Central","Small Market","40.0","122.0","82.0","49.0","25.0","1804.0","0.0","70.0","40.0","110.0","9","11/01/10 00:00:00","Herbal Tea","Lemon","Decaf","40"
"573","Missouri","Central","Small Market","68.0","160.0","92.0","52.0","28.0","1898.0","20.0","80.0","60.0","140.0","9","12/01/10 00:00:00","Herbal Tea","Lemon","Decaf","68"
"573","Missouri","Central","Small Market","18.0","109.0","84.0","50.0","26.0","625.0","-20.0","70.0","10.0","80.0","9","02/01/11 00:00:00","Herbal Tea","Lemon","Decaf","25"
"573","Missouri","Central","Small Market","11.0","123.0","104.0","55.0","32.0","1574.0","-10.0","80.0","20.0","100.0","9","09/01/11 00:00:00","Herbal Tea","Lemon","Decaf","19"
"573","Missouri","Central","Small Market","51.0","89.0","38.0","40.0","12.0","256.0","10.0","30.0","40.0","70.0","11","12/01/10 00:00:00","Tea","Darjeeling","Regular","51"
"573","Missouri","Central","Small Market","47.0","92.0","35.0","40.0","11.0","196.0","10.0","30.0","40.0","70.0","11","01/01/11 00:00:00","Tea","Darjeeling","Regular","57"
"573","Missouri","Central","Small Market","60.0","104.0","45.0","38.0","14.0","253.0","30.0","30.0","60.0","90.0","11","08/01/11 00:00:00","Tea","Darjeeling","Regular","59"
"573","Missouri","Central","Small Market","52.0","97.0","39.0","39.0","12.0","248.0","20.0","30.0","50.0","80.0","11","09/01/11 00:00:00","Tea","Darjeeling","Regular","58"
"573","Missouri","Central","Small Market","36.0","65.0","29.0","45.0","11.0","169.0","-10.0","20.0","30.0","50.0","12","01/01/10 00:00:00","Tea","Earl Grey","Regular","36"
"573","Missouri","Central","Small Market","43.0","78.0","35.0","46.0","13.0","204.0","-10.0","30.0","30.0","60.0","12","06/01/10 00:00:00","Tea","Earl Grey","Regular","43"
"573","Missouri","Central","Small Market","25.0","45.0","20.0","41.0","7.0","218.0","-10.0","10.0","20.0","30.0","12","12/01/10 00:00:00","Tea","Earl Grey","Regular","25"
"573","Missouri","Central","Small Market","38.0","72.0","30.0","45.0","11.0","165.0","-10.0","20.0","30.0","50.0","12","02/01/11 00:00:00","Tea","Earl Grey","Regular","42"
"573","Missouri","Central","Small Market","31.0","60.0","25.0","42.0","9.0","209.0","0.0","10.0","20.0","30.0","12","10/01/11 00:00:00","Tea","Earl Grey","Regular","35"
"573","Missouri","Central","Small Market","42.0","81.0","34.0","45.0","12.0","211.0","0.0","20.0","40.0","60.0","12","11/01/11 00:00:00","Tea","Earl Grey","Regular","47"
"580","Oklahoma","South","Small Market","56.0","100.0","44.0","27.0","14.0","623.0","50.0","50.0","70.0","120.0","2","01/01/10 00:00:00","Coffee","Columbian","Regular","56"
"580","Oklahoma","South","Small Market","56.0","99.0","43.0","26.0","14.0","602.0","50.0","50.0","70.0","120.0","2","05/01/10 00:00:00","Coffee","Columbian","Regular","56"
"580","Oklahoma","South","Small Market","53.0","94.0","41.0","25.0","13.0","592.0","40.0","50.0","60.0","110.0","2","07/01/10 00:00:00","Coffee","Columbian","Regular","53"
"580","Oklahoma","South","Small Market","79.0","140.0","61.0","32.0","20.0","579.0","80.0","70.0","100.0","170.0","2","09/01/10 00:00:00","Coffee","Columbian","Regular","79"
"580","Oklahoma","South","Small Market","56.0","112.0","44.0","28.0","14.0","623.0","50.0","50.0","70.0","120.0","2","01/01/11 00:00:00","Coffee","Columbian","Regular","68"
"580","Oklahoma","South","Small Market","53.0","93.0","41.0","23.0","13.0","592.0","40.0","50.0","60.0","110.0","2","07/01/11 00:00:00","Coffee","Columbian","Regular","52"
"580","Oklahoma","South","Small Market","87.0","154.0","68.0","32.0","22.0","587.0","80.0","80.0","110.0","190.0","2","08/01/11 00:00:00","Coffee","Columbian","Regular","86"
"580","Oklahoma","South","Small Market","79.0","149.0","61.0","32.0","20.0","579.0","80.0","70.0","100.0","170.0","2","09/01/11 00:00:00","Coffee","Columbian","Regular","88"
"580","Oklahoma","South","Small Market","104.0","197.0","81.0","38.0","26.0","551.0","100.0","90.0","130.0","220.0","2","12/01/11 00:00:00","Coffee","Columbian","Regular","116"
"580","Oklahoma","South","Small Market","48.0","80.0","32.0","20.0","8.0","821.0","50.0","40.0","60.0","100.0","3","01/01/10 00:00:00","Coffee","Decaf Irish Cream","Decaf","48"
"580","Oklahoma","South","Small Market","43.0","72.0","29.0","20.0","8.0","862.0","50.0","30.0","60.0","90.0","3","09/01/10 00:00:00","Coffee","Decaf Irish Cream","Decaf","43"
"580","Oklahoma","South","Small Market","52.0","88.0","36.0","22.0","10.0","862.0","40.0","40.0","60.0","100.0","3","11/01/10 00:00:00","Coffee","Decaf Irish Cream","Decaf","52"
"580","Oklahoma","South","Small Market","49.0","82.0","33.0","21.0","9.0","870.0","50.0","30.0","60.0","90.0","3","12/01/10 00:00:00","Coffee","Decaf Irish Cream","Decaf","49"
"580","Oklahoma","South","Small Market","48.0","85.0","32.0","19.0","8.0","817.0","50.0","40.0","60.0","100.0","3","02/01/11 00:00:00","Coffee","Decaf Irish Cream","Decaf","53"
"580","Oklahoma","South","Small Market","45.0","80.0","30.0","20.0","8.0","820.0","50.0","30.0","60.0","90.0","3","04/01/11 00:00:00","Coffee","Decaf Irish Cream","Decaf","50"
"580","Oklahoma","South","Small Market","43.0","77.0","29.0","20.0","8.0","862.0","50.0","30.0","60.0","90.0","3","09/01/11 00:00:00","Coffee","Decaf Irish Cream","Decaf","48"
"580","Oklahoma","South","Small Market","52.0","94.0","36.0","22.0","10.0","862.0","40.0","40.0","60.0","100.0","3","11/01/11 00:00:00","Coffee","Decaf Irish Cream","Decaf","58"
"580","Oklahoma","South","Small Market","32.0","53.0","21.0","16.0","5.0","454.0","30.0","10.0","30.0","40.0","5","04/01/10 00:00:00","Espresso","Caffe Mocha","Regular","32"
"580","Oklahoma","South","Small Market","30.0","50.0","20.0","17.0","5.0","482.0","30.0","10.0","30.0","40.0","5","09/01/10 00:00:00","Espresso","Caffe Mocha","Regular","30"
"580","Oklahoma","South","Small Market","44.0","73.0","29.0","20.0","8.0","490.0","20.0","20.0","30.0","50.0","5","12/01/10 00:00:00","Espresso","Caffe Mocha","Regular","44"
"580","Oklahoma","South","Small Market","48.0","90.0","32.0","21.0","8.0","456.0","40.0","20.0","40.0","60.0","5","01/01/11 00:00:00","Espresso","Caffe Mocha","Regular","58"
"580","Oklahoma","South","Small Market","34.0","60.0","22.0","17.0","6.0","452.0","30.0","10.0","30.0","40.0","5","02/01/11 00:00:00","Espresso","Caffe Mocha","Regular","38"
"580","Oklahoma","South","Small Market","32.0","56.0","21.0","17.0","5.0","449.0","30.0","10.0","30.0","40.0","5","03/01/11 00:00:00","Espresso","Caffe Mocha","Regular","35"
"580","Oklahoma","South","Small Market","25.0","41.0","16.0","14.0","4.0","484.0","20.0","10.0","20.0","30.0","5","08/01/11 00:00:00","Espresso","Caffe Mocha","Regular","25"
"580","Oklahoma","South","Small Market","30.0","53.0","20.0","17.0","5.0","482.0","30.0","10.0","30.0","40.0","5","09/01/11 00:00:00","Espresso","Caffe Mocha","Regular","33"
"580","Oklahoma","South","Small Market","32.0","56.0","21.0","17.0","5.0","480.0","30.0","0.0","30.0","30.0","5","10/01/11 00:00:00","Espresso","Caffe Mocha","Regular","35"
"580","Oklahoma","South","Small Market","48.0","85.0","32.0","19.0","8.0","482.0","30.0","20.0","40.0","60.0","5","11/01/11 00:00:00","Espresso","Caffe Mocha","Regular","53"
"580","Oklahoma","South","Small Market","44.0","78.0","29.0","20.0","8.0","490.0","20.0","20.0","30.0","50.0","5","12/01/11 00:00:00","Espresso","Caffe Mocha","Regular","49"
"580","Oklahoma","South","Small Market","126.0","210.0","84.0","58.0","27.0","632.0","70.0","70.0","110.0","180.0","6","03/01/10 00:00:00","Espresso","Decaf Espresso","Decaf","126"
"580","Oklahoma","South","Small Market","134.0","222.0","88.0","60.0","29.0","653.0","80.0","70.0","120.0","190.0","6","04/01/10 00:00:00","Espresso","Decaf Espresso","Decaf","134"
"580","Oklahoma","South","Small Market","172.0","286.0","114.0","69.0","37.0","822.0","100.0","90.0","150.0","240.0","6","07/01/10 00:00:00","Espresso","Decaf Espresso","Decaf","172"
"580","Oklahoma","South","Small Market","150.0","249.0","99.0","63.0","32.0","798.0","80.0","80.0","130.0","210.0","6","09/01/10 00:00:00","Espresso","Decaf Espresso","Decaf","150"
"580","Oklahoma","South","Small Market","126.0","224.0","84.0","58.0","27.0","632.0","70.0","70.0","110.0","180.0","6","03/01/11 00:00:00","Espresso","Decaf Espresso","Decaf","140"
"580","Oklahoma","South","Small Market","141.0","233.0","94.0","58.0","31.0","697.0","80.0","80.0","120.0","200.0","6","05/01/11 00:00:00","Espresso","Decaf Espresso","Decaf","139"
"580","Oklahoma","South","Small Market","172.0","283.0","114.0","64.0","37.0","810.0","100.0","90.0","150.0","240.0","6","08/01/11 00:00:00","Espresso","Decaf Espresso","Decaf","169"
"580","Oklahoma","South","Small Market","119.0","210.0","78.0","57.0","25.0","798.0","40.0","60.0","90.0","150.0","6","11/01/11 00:00:00","Espresso","Decaf Espresso","Decaf","132"
"580","Oklahoma","South","Small Market","66.0","120.0","54.0","53.0","20.0","301.0","20.0","50.0","60.0","110.0","8","03/01/10 00:00:00","Herbal Tea","Chamomile","Decaf","66"
"580","Oklahoma","South","Small Market","70.0","127.0","57.0","55.0","21.0","313.0","30.0","50.0","70.0","120.0","8","04/01/10 00:00:00","Herbal Tea","Chamomile","Decaf","70"
"580","Oklahoma","South","Small Market","77.0","140.0","63.0","57.0","23.0","397.0","20.0","60.0","70.0","130.0","8","08/01/10 00:00:00","Herbal Tea","Chamomile","Decaf","77"
"580","Oklahoma","South","Small Market","82.0","149.0","67.0","58.0","25.0","391.0","30.0","60.0","80.0","140.0","8","09/01/10 00:00:00","Herbal Tea","Chamomile","Decaf","82"
"580","Oklahoma","South","Small Market","65.0","126.0","53.0","54.0","20.0","306.0","20.0","50.0","60.0","110.0","8","02/01/11 00:00:00","Herbal Tea","Chamomile","Decaf","73"
"580","Oklahoma","South","Small Market","74.0","132.0","59.0","51.0","22.0","377.0","30.0","50.0","80.0","130.0","8","06/01/11 00:00:00","Herbal Tea","Chamomile","Decaf","73"
"580","Oklahoma","South","Small Market","74.0","132.0","59.0","51.0","22.0","403.0","30.0","50.0","80.0","130.0","8","07/01/11 00:00:00","Herbal Tea","Chamomile","Decaf","73"
"580","Oklahoma","South","Small Market","82.0","159.0","67.0","58.0","25.0","391.0","30.0","60.0","80.0","140.0","8","09/01/11 00:00:00","Herbal Tea","Chamomile","Decaf","92"
"580","Oklahoma","South","Small Market","70.0","134.0","56.0","54.0","21.0","385.0","50.0","40.0","70.0","110.0","8","10/01/11 00:00:00","Herbal Tea","Chamomile","Decaf","78"
"580","Oklahoma","South","Small Market","67.0","129.0","54.0","54.0","20.0","391.0","20.0","50.0","60.0","110.0","8","11/01/11 00:00:00","Herbal Tea","Chamomile","Decaf","75"
"580","Oklahoma","South","Small Market","111.0","190.0","79.0","101.0","72.0","551.0","30.0","70.0","110.0","180.0","9","01/01/10 00:00:00","Herbal Tea","Lemon","Decaf","111"
"580","Oklahoma","South","Small Market","154.0","264.0","110.0","129.0","100.0","665.0","40.0","100.0","150.0","250.0","9","06/01/10 00:00:00","Herbal Tea","Lemon","Decaf","154"
"580","Oklahoma","South","Small Market","184.0","317.0","133.0","150.0","120.0","705.0","60.0","120.0","190.0","310.0","9","08/01/10 00:00:00","Herbal Tea","Lemon","Decaf","184"
"580","Oklahoma","South","Small Market","130.0","223.0","93.0","114.0","84.0","692.0","40.0","80.0","130.0","210.0","9","09/01/10 00:00:00","Herbal Tea","Lemon","Decaf","130"
"580","Oklahoma","South","Small Market","130.0","224.0","94.0","115.0","85.0","694.0","20.0","80.0","120.0","200.0","9","11/01/10 00:00:00","Herbal Tea","Lemon","Decaf","130"
"580","Oklahoma","South","Small Market","145.0","250.0","105.0","125.0","95.0","716.0","30.0","90.0","140.0","230.0","9","12/01/10 00:00:00","Herbal Tea","Lemon","Decaf","145"
"580","Oklahoma","South","Small Market","129.0","219.0","92.0","104.0","83.0","599.0","40.0","80.0","130.0","210.0","9","05/01/11 00:00:00","Herbal Tea","Lemon","Decaf","127"
"580","Oklahoma","South","Small Market","145.0","266.0","105.0","125.0","95.0","716.0","30.0","90.0","140.0","230.0","9","12/01/11 00:00:00","Herbal Tea","Lemon","Decaf","161"
"580","Oklahoma","South","Small Market","195.0","336.0","141.0","67.0","43.0","-942.0","110.0","120.0","160.0","280.0","4","07/01/10 00:00:00","Espresso","Caffe Latte","Regular","195"
"580","Oklahoma","South","Small Market","134.0","230.0","96.0","52.0","29.0","-1555.0","80.0","80.0","110.0","190.0","4","09/01/10 00:00:00","Espresso","Caffe Latte","Regular","134"
"580","Oklahoma","South","Small Market","120.0","220.0","86.0","50.0","26.0","300.0","70.0","70.0","100.0","170.0","4","02/01/11 00:00:00","Espresso","Caffe Latte","Regular","134"
"580","Oklahoma","South","Small Market","155.0","285.0","112.0","57.0","34.0","-120.0","90.0","90.0","130.0","220.0","4","04/01/11 00:00:00","Espresso","Caffe Latte","Regular","173"
"585","New York","East","Major Market","454.0","756.0","302.0","159.0","105.0","2250.0","300.0","280.0","430.0","710.0","2","05/01/10 00:00:00","Coffee","Columbian","Regular","454"
"585","New York","East","Major Market","79.0","142.0","54.0","27.0","15.0","601.0","60.0","50.0","80.0","130.0","13","12/01/11 00:00:00","Tea","Green Tea","Regular","88"
"585","New York","East","Major Market","-60.0","61.0","121.0","143.0","110.0","901.0","-190.0","110.0","-60.0","50.0","5","02/01/10 00:00:00","Espresso","Caffe Mocha","Regular","-60"
"585","New York","East","Major Market","-53.0","68.0","121.0","144.0","110.0","2932.0","-180.0","110.0","-50.0","60.0","5","09/01/10 00:00:00","Espresso","Caffe Mocha","Regular","-53"
"585","New York","East","Major Market","-60.0","65.0","121.0","143.0","110.0","901.0","-190.0","110.0","-60.0","50.0","5","02/01/11 00:00:00","Espresso","Caffe Mocha","Regular","-56"
"585","New York","East","Major Market","258.0","547.0","255.0","129.0","96.0","1622.0","70.0","140.0","150.0","290.0","9","10/01/11 00:00:00","Herbal Tea","Lemon","Decaf","292"
"585","New York","East","Major Market","331.0","614.0","245.0","127.0","93.0","1704.0","140.0","180.0","240.0","420.0","9","11/01/11 00:00:00","Herbal Tea","Lemon","Decaf","369"
"585","New York","East","Major Market","145.0","245.0","100.0","40.0","28.0","822.0","130.0","100.0","160.0","260.0","11","04/01/10 00:00:00","Tea","Darjeeling","Regular","145"
"585","New York","East","Major Market","157.0","282.0","108.0","42.0","30.0","971.0","140.0","110.0","170.0","280.0","11","10/01/11 00:00:00","Tea","Darjeeling","Regular","174"
"585","New York","East","Major Market","126.0","227.0","87.0","35.0","24.0","756.0","110.0","90.0","140.0","230.0","12","03/01/11 00:00:00","Tea","Earl Grey","Regular","140"
"585","New York","East","Major Market","352.0","580.0","228.0","88.0","63.0","1402.0","280.0","210.0","350.0","560.0","7","02/01/10 00:00:00","Espresso","Regular Espresso","Regular","352"
"585","New York","East","Major Market","280.0","546.0","266.0","98.0","74.0","1355.0","190.0","250.0","280.0","530.0","7","07/01/10 00:00:00","Espresso","Regular Espresso","Regular","280"
"585","New York","East","Major Market","277.0","538.0","266.0","91.0","74.0","1319.0","190.0","250.0","280.0","530.0","7","08/01/11 00:00:00","Espresso","Regular Espresso","Regular","272"
"603","New Hampshire","East","Small Market","55.0","93.0","38.0","35.0","12.0","241.0","30.0","30.0","50.0","80.0","1","01/01/10 00:00:00","Coffee","Amaretto","Regular","55"
"603","New Hampshire","East","Small Market","60.0","101.0","41.0","35.0","13.0","236.0","40.0","30.0","60.0","90.0","1","02/01/10 00:00:00","Coffee","Amaretto","Regular","60"
"603","New Hampshire","East","Small Market","64.0","107.0","43.0","35.0","13.0","231.0","40.0","40.0","60.0","100.0","1","03/01/10 00:00:00","Coffee","Amaretto","Regular","64"
"603","New Hampshire","East","Small Market","72.0","121.0","49.0","39.0","15.0","241.0","40.0","40.0","70.0","110.0","1","04/01/10 00:00:00","Coffee","Amaretto","Regular","72"
"603","New Hampshire","East","Small Market","74.0","125.0","51.0","39.0","16.0","265.0","40.0","40.0","70.0","110.0","1","05/01/10 00:00:00","Coffee","Amaretto","Regular","74"
"603","New Hampshire","East","Small Market","82.0","138.0","56.0","41.0","17.0","302.0","50.0","50.0","80.0","130.0","1","06/01/10 00:00:00","Coffee","Amaretto","Regular","82"
"603","New Hampshire","East","Small Market","90.0","151.0","61.0","41.0","19.0","329.0","70.0","50.0","90.0","140.0","1","07/01/10 00:00:00","Coffee","Amaretto","Regular","90"
"603","New Hampshire","East","Small Market","90.0","151.0","61.0","42.0","19.0","322.0","70.0","50.0","90.0","140.0","1","08/01/10 00:00:00","Coffee","Amaretto","Regular","90"
"603","New Hampshire","East","Small Market","71.0","120.0","49.0","38.0","15.0","315.0","50.0","40.0","70.0","110.0","1","09/01/10 00:00:00","Coffee","Amaretto","Regular","71"
"603","New Hampshire","East","Small Market","71.0","120.0","49.0","38.0","15.0","310.0","60.0","30.0","60.0","90.0","1","10/01/10 00:00:00","Coffee","Amaretto","Regular","71"
"603","New Hampshire","East","Small Market","67.0","113.0","46.0","37.0","14.0","316.0","40.0","40.0","60.0","100.0","1","11/01/10 00:00:00","Coffee","Amaretto","Regular","67"
"603","New Hampshire","East","Small Market","75.0","127.0","52.0","38.0","16.0","327.0","50.0","40.0","70.0","110.0","1","12/01/10 00:00:00","Coffee","Amaretto","Regular","75"
"603","New Hampshire","East","Small Market","55.0","104.0","38.0","37.0","12.0","241.0","30.0","30.0","50.0","80.0","1","01/01/11 00:00:00","Coffee","Amaretto","Regular","66"
"603","New Hampshire","East","Small Market","60.0","108.0","41.0","35.0","13.0","236.0","40.0","30.0","60.0","90.0","1","02/01/11 00:00:00","Coffee","Amaretto","Regular","67"
"603","New Hampshire","East","Small Market","64.0","114.0","43.0","35.0","13.0","231.0","40.0","40.0","60.0","100.0","1","03/01/11 00:00:00","Coffee","Amaretto","Regular","71"
"603","New Hampshire","East","Small Market","72.0","129.0","49.0","39.0","15.0","241.0","40.0","40.0","70.0","110.0","1","04/01/11 00:00:00","Coffee","Amaretto","Regular","80"
"603","New Hampshire","East","Small Market","74.0","124.0","51.0","36.0","16.0","265.0","40.0","40.0","70.0","110.0","1","05/01/11 00:00:00","Coffee","Amaretto","Regular","73"
"603","New Hampshire","East","Small Market","82.0","137.0","56.0","38.0","17.0","302.0","50.0","50.0","80.0","130.0","1","06/01/11 00:00:00","Coffee","Amaretto","Regular","81"
"603","New Hampshire","East","Small Market","90.0","150.0","61.0","38.0","19.0","329.0","70.0","50.0","90.0","140.0","1","07/01/11 00:00:00","Coffee","Amaretto","Regular","89"
"603","New Hampshire","East","Small Market","90.0","150.0","61.0","39.0","19.0","322.0","70.0","50.0","90.0","140.0","1","08/01/11 00:00:00","Coffee","Amaretto","Regular","89"
"603","New Hampshire","East","Small Market","71.0","128.0","49.0","38.0","15.0","315.0","50.0","40.0","70.0","110.0","1","09/01/11 00:00:00","Coffee","Amaretto","Regular","79"
"603","New Hampshire","East","Small Market","71.0","128.0","49.0","38.0","15.0","310.0","60.0","30.0","60.0","90.0","1","10/01/11 00:00:00","Coffee","Amaretto","Regular","79"
"603","New Hampshire","East","Small Market","67.0","120.0","46.0","37.0","14.0","316.0","40.0","40.0","60.0","100.0","1","11/01/11 00:00:00","Coffee","Amaretto","Regular","74"
"603","New Hampshire","East","Small Market","75.0","135.0","52.0","38.0","16.0","327.0","50.0","40.0","70.0","110.0","1","12/01/11 00:00:00","Coffee","Amaretto","Regular","83"
"603","New Hampshire","East","Small Market","72.0","120.0","48.0","47.0","15.0","372.0","40.0","40.0","70.0","110.0","2","01/01/10 00:00:00","Coffee","Columbian","Regular","72"
"603","New Hampshire","East","Small Market","69.0","114.0","45.0","46.0","14.0","366.0","30.0","40.0","60.0","100.0","2","02/01/10 00:00:00","Coffee","Columbian","Regular","69"
"603","New Hampshire","East","Small Market","72.0","119.0","47.0","46.0","15.0","361.0","40.0","40.0","70.0","110.0","2","03/01/10 00:00:00","Coffee","Columbian","Regular","72"
"603","New Hampshire","East","Small Market","75.0","125.0","50.0","48.0","16.0","372.0","40.0","40.0","70.0","110.0","2","04/01/10 00:00:00","Coffee","Columbian","Regular","75"
"603","New Hampshire","East","Small Market","80.0","132.0","52.0","49.0","17.0","397.0","50.0","40.0","80.0","120.0","2","05/01/10 00:00:00","Coffee","Columbian","Regular","80"
"603","New Hampshire","East","Small Market","94.0","156.0","62.0","52.0","20.0","436.0","60.0","50.0","90.0","140.0","2","06/01/10 00:00:00","Coffee","Columbian","Regular","94"
"603","New Hampshire","East","Small Market","96.0","160.0","64.0","53.0","21.0","467.0","60.0","60.0","90.0","150.0","2","07/01/10 00:00:00","Coffee","Columbian","Regular","96"
"603","New Hampshire","East","Small Market","96.0","160.0","64.0","52.0","21.0","460.0","60.0","60.0","90.0","150.0","2","08/01/10 00:00:00","Coffee","Columbian","Regular","96"
"603","New Hampshire","East","Small Market","84.0","139.0","55.0","50.0","18.0","453.0","50.0","50.0","80.0","130.0","2","09/01/10 00:00:00","Coffee","Columbian","Regular","84"
"603","New Hampshire","East","Small Market","69.0","114.0","45.0","45.0","14.0","447.0","50.0","30.0","60.0","90.0","2","10/01/10 00:00:00","Coffee","Columbian","Regular","69"
"603","New Hampshire","East","Small Market","66.0","109.0","43.0","46.0","14.0","452.0","30.0","30.0","60.0","90.0","2","11/01/10 00:00:00","Coffee","Columbian","Regular","66"
"603","New Hampshire","East","Small Market","74.0","122.0","48.0","46.0","15.0","462.0","30.0","40.0","60.0","100.0","2","12/01/10 00:00:00","Coffee","Columbian","Regular","74"
"603","New Hampshire","East","Small Market","72.0","134.0","48.0","49.0","15.0","372.0","40.0","40.0","70.0","110.0","2","01/01/11 00:00:00","Coffee","Columbian","Regular","86"
"603","New Hampshire","East","Small Market","69.0","121.0","45.0","46.0","14.0","366.0","30.0","40.0","60.0","100.0","2","02/01/11 00:00:00","Coffee","Columbian","Regular","76"
"603","New Hampshire","East","Small Market","72.0","127.0","47.0","46.0","15.0","361.0","40.0","40.0","70.0","110.0","2","03/01/11 00:00:00","Coffee","Columbian","Regular","80"
"603","New Hampshire","East","Small Market","75.0","133.0","50.0","48.0","16.0","372.0","40.0","40.0","70.0","110.0","2","04/01/11 00:00:00","Coffee","Columbian","Regular","83"
"603","New Hampshire","East","Small Market","80.0","131.0","52.0","46.0","17.0","397.0","50.0","40.0","80.0","120.0","2","05/01/11 00:00:00","Coffee","Columbian","Regular","79"
"603","New Hampshire","East","Small Market","94.0","155.0","62.0","48.0","20.0","436.0","60.0","50.0","90.0","140.0","2","06/01/11 00:00:00","Coffee","Columbian","Regular","93"
"603","New Hampshire","East","Small Market","96.0","159.0","64.0","49.0","21.0","467.0","60.0","60.0","90.0","150.0","2","07/01/11 00:00:00","Coffee","Columbian","Regular","95"
"603","New Hampshire","East","Small Market","96.0","159.0","64.0","48.0","21.0","460.0","60.0","60.0","90.0","150.0","2","08/01/11 00:00:00","Coffee","Columbian","Regular","95"
"603","New Hampshire","East","Small Market","84.0","148.0","55.0","50.0","18.0","453.0","50.0","50.0","80.0","130.0","2","09/01/11 00:00:00","Coffee","Columbian","Regular","93"
"603","New Hampshire","East","Small Market","69.0","121.0","45.0","45.0","14.0","447.0","50.0","30.0","60.0","90.0","2","10/01/11 00:00:00","Coffee","Columbian","Regular","76"
"603","New Hampshire","East","Small Market","66.0","116.0","43.0","46.0","14.0","452.0","30.0","30.0","60.0","90.0","2","11/01/11 00:00:00","Coffee","Columbian","Regular","73"
"603","New Hampshire","East","Small Market","74.0","130.0","48.0","46.0","15.0","462.0","30.0","40.0","60.0","100.0","2","12/01/11 00:00:00","Coffee","Columbian","Regular","82"
"603","New Hampshire","East","Small Market","26.0","43.0","17.0","15.0","4.0","777.0","20.0","10.0","30.0","40.0","13","01/01/10 00:00:00","Tea","Green Tea","Regular","26"
"603","New Hampshire","East","Small Market","43.0","43.0","0.0","11.0","0.0","774.0","30.0","0.0","40.0","40.0","13","02/01/10 00:00:00","Tea","Green Tea","Regular","43"
"603","New Hampshire","East","Small Market","43.0","43.0","0.0","11.0","0.0","731.0","30.0","0.0","40.0","40.0","13","03/01/10 00:00:00","Tea","Green Tea","Regular","43"
"603","New Hampshire","East","Small Market","43.0","43.0","0.0","11.0","0.0","688.0","30.0","0.0","40.0","40.0","13","04/01/10 00:00:00","Tea","Green Tea","Regular","43"
"603","New Hampshire","East","Small Market","43.0","43.0","0.0","11.0","0.0","645.0","30.0","0.0","40.0","40.0","13","05/01/10 00:00:00","Tea","Green Tea","Regular","43"
"603","New Hampshire","East","Small Market","43.0","43.0","0.0","11.0","0.0","602.0","30.0","0.0","40.0","40.0","13","06/01/10 00:00:00","Tea","Green Tea","Regular","43"
"603","New Hampshire","East","Small Market","43.0","43.0","0.0","12.0","0.0","559.0","30.0","0.0","40.0","40.0","13","07/01/10 00:00:00","Tea","Green Tea","Regular","43"
"603","New Hampshire","East","Small Market","43.0","43.0","0.0","12.0","0.0","516.0","30.0","0.0","40.0","40.0","13","08/01/10 00:00:00","Tea","Green Tea","Regular","43"
"603","New Hampshire","East","Small Market","43.0","43.0","0.0","12.0","0.0","473.0","30.0","0.0","40.0","40.0","13","09/01/10 00:00:00","Tea","Green Tea","Regular","43"
"603","New Hampshire","East","Small Market","43.0","43.0","0.0","11.0","0.0","430.0","40.0","0.0","40.0","40.0","13","10/01/10 00:00:00","Tea","Green Tea","Regular","43"
"603","New Hampshire","East","Small Market","43.0","43.0","0.0","11.0","0.0","387.0","30.0","0.0","40.0","40.0","13","11/01/10 00:00:00","Tea","Green Tea","Regular","43"
"603","New Hampshire","East","Small Market","43.0","43.0","0.0","11.0","0.0","344.0","30.0","0.0","40.0","40.0","13","12/01/10 00:00:00","Tea","Green Tea","Regular","43"
"603","New Hampshire","East","Small Market","26.0","48.0","17.0","16.0","4.0","777.0","20.0","10.0","30.0","40.0","13","01/01/11 00:00:00","Tea","Green Tea","Regular","31"
"603","New Hampshire","East","Small Market","43.0","46.0","0.0","11.0","0.0","774.0","30.0","0.0","40.0","40.0","13","02/01/11 00:00:00","Tea","Green Tea","Regular","46"
"603","New Hampshire","East","Small Market","43.0","46.0","0.0","11.0","0.0","731.0","30.0","0.0","40.0","40.0","13","03/01/11 00:00:00","Tea","Green Tea","Regular","46"
"603","New Hampshire","East","Small Market","43.0","46.0","0.0","11.0","0.0","688.0","30.0","0.0","40.0","40.0","13","04/01/11 00:00:00","Tea","Green Tea","Regular","46"
"603","New Hampshire","East","Small Market","43.0","43.0","0.0","10.0","0.0","645.0","30.0","0.0","40.0","40.0","13","05/01/11 00:00:00","Tea","Green Tea","Regular","43"
"603","New Hampshire","East","Small Market","43.0","43.0","0.0","10.0","0.0","602.0","30.0","0.0","40.0","40.0","13","06/01/11 00:00:00","Tea","Green Tea","Regular","43"
"603","New Hampshire","East","Small Market","43.0","43.0","0.0","11.0","0.0","559.0","30.0","0.0","40.0","40.0","13","07/01/11 00:00:00","Tea","Green Tea","Regular","43"
"603","New Hampshire","East","Small Market","43.0","43.0","0.0","11.0","0.0","516.0","30.0","0.0","40.0","40.0","13","08/01/11 00:00:00","Tea","Green Tea","Regular","43"
"603","New Hampshire","East","Small Market","43.0","46.0","0.0","12.0","0.0","473.0","30.0","0.0","40.0","40.0","13","09/01/11 00:00:00","Tea","Green Tea","Regular","46"
"603","New Hampshire","East","Small Market","43.0","46.0","0.0","11.0","0.0","430.0","40.0","0.0","40.0","40.0","13","10/01/11 00:00:00","Tea","Green Tea","Regular","46"
"603","New Hampshire","East","Small Market","43.0","46.0","0.0","11.0","0.0","387.0","30.0","0.0","40.0","40.0","13","11/01/11 00:00:00","Tea","Green Tea","Regular","46"
"603","New Hampshire","East","Small Market","43.0","46.0","0.0","11.0","0.0","344.0","30.0","0.0","40.0","40.0","13","12/01/11 00:00:00","Tea","Green Tea","Regular","46"
"603","New Hampshire","East","Small Market","53.0","90.0","37.0","63.0","34.0","261.0","0.0","30.0","50.0","80.0","5","01/01/10 00:00:00","Espresso","Caffe Mocha","Regular","53"
"603","New Hampshire","East","Small Market","61.0","104.0","43.0","68.0","39.0","256.0","10.0","40.0","60.0","100.0","5","02/01/10 00:00:00","Espresso","Caffe Mocha","Regular","61"
"603","New Hampshire","East","Small Market","63.0","107.0","44.0","70.0","40.0","251.0","10.0","40.0","60.0","100.0","5","03/01/10 00:00:00","Espresso","Caffe Mocha","Regular","63"
"603","New Hampshire","East","Small Market","63.0","107.0","44.0","69.0","40.0","261.0","10.0","40.0","60.0","100.0","5","04/01/10 00:00:00","Espresso","Caffe Mocha","Regular","63"
"603","New Hampshire","East","Small Market","61.0","104.0","43.0","68.0","39.0","282.0","10.0","40.0","60.0","100.0","5","05/01/10 00:00:00","Espresso","Caffe Mocha","Regular","61"
"603","New Hampshire","East","Small Market","73.0","125.0","52.0","77.0","47.0","313.0","20.0","40.0","80.0","120.0","5","06/01/10 00:00:00","Espresso","Caffe Mocha","Regular","73"
"603","New Hampshire","East","Small Market","82.0","141.0","59.0","83.0","53.0","338.0","10.0","50.0","80.0","130.0","5","07/01/10 00:00:00","Espresso","Caffe Mocha","Regular","82"
"603","New Hampshire","East","Small Market","88.0","151.0","63.0","87.0","57.0","332.0","10.0","60.0","80.0","140.0","5","08/01/10 00:00:00","Espresso","Caffe Mocha","Regular","88"
"603","New Hampshire","East","Small Market","62.0","106.0","44.0","69.0","40.0","325.0","10.0","40.0","60.0","100.0","5","09/01/10 00:00:00","Espresso","Caffe Mocha","Regular","62"
"603","New Hampshire","East","Small Market","64.0","109.0","45.0","71.0","41.0","320.0","30.0","30.0","60.0","90.0","5","10/01/10 00:00:00","Espresso","Caffe Mocha","Regular","64"
"603","New Hampshire","East","Small Market","62.0","106.0","44.0","70.0","40.0","325.0","10.0","40.0","60.0","100.0","5","11/01/10 00:00:00","Espresso","Caffe Mocha","Regular","62"
"603","New Hampshire","East","Small Market","69.0","118.0","49.0","73.0","44.0","335.0","10.0","40.0","70.0","110.0","5","12/01/10 00:00:00","Espresso","Caffe Mocha","Regular","69"
"603","New Hampshire","East","Small Market","53.0","101.0","37.0","66.0","34.0","261.0","0.0","30.0","50.0","80.0","5","01/01/11 00:00:00","Espresso","Caffe Mocha","Regular","64"
"603","New Hampshire","East","Small Market","61.0","111.0","43.0","68.0","39.0","256.0","10.0","40.0","60.0","100.0","5","02/01/11 00:00:00","Espresso","Caffe Mocha","Regular","68"
"603","New Hampshire","East","Small Market","63.0","114.0","44.0","70.0","40.0","251.0","10.0","40.0","60.0","100.0","5","03/01/11 00:00:00","Espresso","Caffe Mocha","Regular","70"
"603","New Hampshire","East","Small Market","63.0","114.0","44.0","69.0","40.0","261.0","10.0","40.0","60.0","100.0","5","04/01/11 00:00:00","Espresso","Caffe Mocha","Regular","70"
"603","New Hampshire","East","Small Market","61.0","103.0","43.0","63.0","39.0","282.0","10.0","40.0","60.0","100.0","5","05/01/11 00:00:00","Espresso","Caffe Mocha","Regular","60"
"603","New Hampshire","East","Small Market","73.0","124.0","52.0","72.0","47.0","313.0","20.0","40.0","80.0","120.0","5","06/01/11 00:00:00","Espresso","Caffe Mocha","Regular","72"
"603","New Hampshire","East","Small Market","82.0","140.0","59.0","77.0","53.0","338.0","10.0","50.0","80.0","130.0","5","07/01/11 00:00:00","Espresso","Caffe Mocha","Regular","81"
"603","New Hampshire","East","Small Market","88.0","150.0","63.0","81.0","57.0","332.0","10.0","60.0","80.0","140.0","5","08/01/11 00:00:00","Espresso","Caffe Mocha","Regular","87"
"603","New Hampshire","East","Small Market","62.0","113.0","44.0","69.0","40.0","325.0","10.0","40.0","60.0","100.0","5","09/01/11 00:00:00","Espresso","Caffe Mocha","Regular","69"
"603","New Hampshire","East","Small Market","64.0","116.0","45.0","71.0","41.0","320.0","30.0","30.0","60.0","90.0","5","10/01/11 00:00:00","Espresso","Caffe Mocha","Regular","71"
"603","New Hampshire","East","Small Market","62.0","113.0","44.0","70.0","40.0","325.0","10.0","40.0","60.0","100.0","5","11/01/11 00:00:00","Espresso","Caffe Mocha","Regular","69"
"603","New Hampshire","East","Small Market","69.0","126.0","49.0","73.0","44.0","335.0","10.0","40.0","70.0","110.0","5","12/01/11 00:00:00","Espresso","Caffe Mocha","Regular","77"
"603","New Hampshire","East","Small Market","42.0","76.0","34.0","46.0","12.0","197.0","0.0","20.0","30.0","50.0","9","01/01/10 00:00:00","Herbal Tea","Lemon","Decaf","42"
"603","New Hampshire","East","Small Market","41.0","74.0","33.0","45.0","12.0","193.0","0.0","20.0","30.0","50.0","9","02/01/10 00:00:00","Herbal Tea","Lemon","Decaf","41"
"603","New Hampshire","East","Small Market","42.0","75.0","33.0","45.0","12.0","190.0","0.0","20.0","30.0","50.0","9","03/01/10 00:00:00","Herbal Tea","Lemon","Decaf","42"
"603","New Hampshire","East","Small Market","44.0","79.0","35.0","47.0","13.0","197.0","10.0","20.0","40.0","60.0","9","04/01/10 00:00:00","Herbal Tea","Lemon","Decaf","44"
"603","New Hampshire","East","Small Market","45.0","81.0","36.0","46.0","13.0","212.0","10.0","20.0","40.0","60.0","9","05/01/10 00:00:00","Herbal Tea","Lemon","Decaf","45"
"603","New Hampshire","East","Small Market","46.0","82.0","36.0","46.0","13.0","236.0","10.0","20.0","40.0","60.0","9","06/01/10 00:00:00","Herbal Tea","Lemon","Decaf","46"
"603","New Hampshire","East","Small Market","46.0","82.0","36.0","46.0","13.0","252.0","10.0","20.0","40.0","60.0","9","07/01/10 00:00:00","Herbal Tea","Lemon","Decaf","46"
"603","New Hampshire","East","Small Market","48.0","86.0","38.0","47.0","14.0","248.0","10.0","20.0","40.0","60.0","9","08/01/10 00:00:00","Herbal Tea","Lemon","Decaf","48"
"603","New Hampshire","East","Small Market","51.0","91.0","40.0","49.0","15.0","244.0","10.0","30.0","40.0","70.0","9","09/01/10 00:00:00","Herbal Tea","Lemon","Decaf","51"
"603","New Hampshire","East","Small Market","43.0","77.0","34.0","46.0","12.0","240.0","20.0","10.0","30.0","40.0","9","10/01/10 00:00:00","Herbal Tea","Lemon","Decaf","43"
"603","New Hampshire","East","Small Market","41.0","74.0","33.0","45.0","12.0","243.0","0.0","20.0","30.0","50.0","9","11/01/10 00:00:00","Herbal Tea","Lemon","Decaf","41"
"603","New Hampshire","East","Small Market","49.0","88.0","39.0","47.0","14.0","250.0","10.0","20.0","40.0","60.0","9","12/01/10 00:00:00","Herbal Tea","Lemon","Decaf","49"
"603","New Hampshire","East","Small Market","42.0","85.0","34.0","48.0","12.0","197.0","0.0","20.0","30.0","50.0","9","01/01/11 00:00:00","Herbal Tea","Lemon","Decaf","51"
"603","New Hampshire","East","Small Market","41.0","79.0","33.0","45.0","12.0","193.0","0.0","20.0","30.0","50.0","9","02/01/11 00:00:00","Herbal Tea","Lemon","Decaf","46"
"603","New Hampshire","East","Small Market","42.0","80.0","33.0","45.0","12.0","190.0","0.0","20.0","30.0","50.0","9","03/01/11 00:00:00","Herbal Tea","Lemon","Decaf","47"
"603","New Hampshire","East","Small Market","44.0","84.0","35.0","47.0","13.0","197.0","10.0","20.0","40.0","60.0","9","04/01/11 00:00:00","Herbal Tea","Lemon","Decaf","49"
"603","New Hampshire","East","Small Market","45.0","80.0","36.0","43.0","13.0","212.0","10.0","20.0","40.0","60.0","9","05/01/11 00:00:00","Herbal Tea","Lemon","Decaf","44"
"603","New Hampshire","East","Small Market","46.0","81.0","36.0","43.0","13.0","236.0","10.0","20.0","40.0","60.0","9","06/01/11 00:00:00","Herbal Tea","Lemon","Decaf","45"
"603","New Hampshire","East","Small Market","46.0","81.0","36.0","43.0","13.0","252.0","10.0","20.0","40.0","60.0","9","07/01/11 00:00:00","Herbal Tea","Lemon","Decaf","45"
"603","New Hampshire","East","Small Market","48.0","85.0","38.0","44.0","14.0","248.0","10.0","20.0","40.0","60.0","9","08/01/11 00:00:00","Herbal Tea","Lemon","Decaf","47"
"603","New Hampshire","East","Small Market","51.0","97.0","40.0","49.0","15.0","244.0","10.0","30.0","40.0","70.0","9","09/01/11 00:00:00","Herbal Tea","Lemon","Decaf","57"
"603","New Hampshire","East","Small Market","43.0","82.0","34.0","46.0","12.0","240.0","20.0","10.0","30.0","40.0","9","10/01/11 00:00:00","Herbal Tea","Lemon","Decaf","48"
"603","New Hampshire","East","Small Market","41.0","79.0","33.0","45.0","12.0","243.0","0.0","20.0","30.0","50.0","9","11/01/11 00:00:00","Herbal Tea","Lemon","Decaf","46"
"603","New Hampshire","East","Small Market","49.0","94.0","39.0","47.0","14.0","250.0","10.0","20.0","40.0","60.0","9","12/01/11 00:00:00","Herbal Tea","Lemon","Decaf","55"
"603","New Hampshire","East","Small Market","27.0","45.0","18.0","17.0","5.0","821.0","20.0","10.0","30.0","40.0","11","01/01/10 00:00:00","Tea","Darjeeling","Regular","27"
"603","New Hampshire","East","Small Market","27.0","45.0","18.0","16.0","5.0","818.0","20.0","10.0","30.0","40.0","11","02/01/10 00:00:00","Tea","Darjeeling","Regular","27"
"603","New Hampshire","East","Small Market","27.0","45.0","18.0","16.0","5.0","816.0","20.0","10.0","30.0","40.0","11","03/01/10 00:00:00","Tea","Darjeeling","Regular","27"
"603","New Hampshire","East","Small Market","28.0","47.0","19.0","16.0","5.0","820.0","20.0","20.0","30.0","50.0","11","04/01/10 00:00:00","Tea","Darjeeling","Regular","28"
"603","New Hampshire","East","Small Market","29.0","49.0","20.0","17.0","5.0","829.0","20.0","20.0","30.0","50.0","11","05/01/10 00:00:00","Tea","Darjeeling","Regular","29"
"603","New Hampshire","East","Small Market","35.0","58.0","23.0","18.0","6.0","843.0","30.0","20.0","40.0","60.0","11","06/01/10 00:00:00","Tea","Darjeeling","Regular","35"
"603","New Hampshire","East","Small Market","36.0","61.0","25.0","19.0","7.0","854.0","30.0","20.0","40.0","60.0","11","07/01/10 00:00:00","Tea","Darjeeling","Regular","36"
"603","New Hampshire","East","Small Market","38.0","63.0","25.0","18.0","7.0","851.0","30.0","20.0","40.0","60.0","11","08/01/10 00:00:00","Tea","Darjeeling","Regular","38"
"603","New Hampshire","East","Small Market","29.0","48.0","19.0","17.0","5.0","848.0","20.0","20.0","30.0","50.0","11","09/01/10 00:00:00","Tea","Darjeeling","Regular","29"
"603","New Hampshire","East","Small Market","31.0","52.0","21.0","17.0","5.0","846.0","30.0","20.0","30.0","50.0","11","10/01/10 00:00:00","Tea","Darjeeling","Regular","31"
"603","New Hampshire","East","Small Market","24.0","39.0","15.0","16.0","4.0","848.0","20.0","10.0","30.0","40.0","11","11/01/10 00:00:00","Tea","Darjeeling","Regular","24"
"603","New Hampshire","East","Small Market","25.0","41.0","16.0","15.0","4.0","851.0","20.0","10.0","30.0","40.0","11","12/01/10 00:00:00","Tea","Darjeeling","Regular","25"
"603","New Hampshire","East","Small Market","27.0","50.0","18.0","18.0","5.0","821.0","20.0","10.0","30.0","40.0","11","01/01/11 00:00:00","Tea","Darjeeling","Regular","32"
"603","New Hampshire","East","Small Market","27.0","48.0","18.0","16.0","5.0","818.0","20.0","10.0","30.0","40.0","11","02/01/11 00:00:00","Tea","Darjeeling","Regular","30"
"603","New Hampshire","East","Small Market","27.0","48.0","18.0","16.0","5.0","816.0","20.0","10.0","30.0","40.0","11","03/01/11 00:00:00","Tea","Darjeeling","Regular","30"
"603","New Hampshire","East","Small Market","28.0","50.0","19.0","16.0","5.0","820.0","20.0","20.0","30.0","50.0","11","04/01/11 00:00:00","Tea","Darjeeling","Regular","31"
"603","New Hampshire","East","Small Market","29.0","49.0","20.0","16.0","5.0","829.0","20.0","20.0","30.0","50.0","11","05/01/11 00:00:00","Tea","Darjeeling","Regular","29"
"603","New Hampshire","East","Small Market","35.0","57.0","23.0","17.0","6.0","843.0","30.0","20.0","40.0","60.0","11","06/01/11 00:00:00","Tea","Darjeeling","Regular","34"
"603","New Hampshire","East","Small Market","36.0","60.0","25.0","18.0","7.0","854.0","30.0","20.0","40.0","60.0","11","07/01/11 00:00:00","Tea","Darjeeling","Regular","35"
"603","New Hampshire","East","Small Market","38.0","62.0","25.0","17.0","7.0","851.0","30.0","20.0","40.0","60.0","11","08/01/11 00:00:00","Tea","Darjeeling","Regular","37"
"603","New Hampshire","East","Small Market","29.0","51.0","19.0","17.0","5.0","848.0","20.0","20.0","30.0","50.0","11","09/01/11 00:00:00","Tea","Darjeeling","Regular","32"
"603","New Hampshire","East","Small Market","31.0","55.0","21.0","17.0","5.0","846.0","30.0","20.0","30.0","50.0","11","10/01/11 00:00:00","Tea","Darjeeling","Regular","34"
"603","New Hampshire","East","Small Market","24.0","42.0","15.0","16.0","4.0","848.0","20.0","10.0","30.0","40.0","11","11/01/11 00:00:00","Tea","Darjeeling","Regular","27"
"603","New Hampshire","East","Small Market","25.0","44.0","16.0","15.0","4.0","851.0","20.0","10.0","30.0","40.0","11","12/01/11 00:00:00","Tea","Darjeeling","Regular","28"
"603","New Hampshire","East","Small Market","36.0","65.0","29.0","44.0","11.0","169.0","0.0","20.0","40.0","60.0","7","01/01/10 00:00:00","Espresso","Regular Espresso","Regular","36"
"603","New Hampshire","East","Small Market","38.0","68.0","30.0","44.0","11.0","165.0","0.0","20.0","40.0","60.0","7","02/01/10 00:00:00","Espresso","Regular Espresso","Regular","38"
"603","New Hampshire","East","Small Market","42.0","75.0","33.0","46.0","12.0","162.0","0.0","30.0","40.0","70.0","7","03/01/10 00:00:00","Espresso","Regular Espresso","Regular","42"
"603","New Hampshire","East","Small Market","36.0","65.0","29.0","45.0","11.0","169.0","0.0","20.0","40.0","60.0","7","04/01/10 00:00:00","Espresso","Regular Espresso","Regular","36"
"603","New Hampshire","East","Small Market","42.0","76.0","34.0","45.0","12.0","182.0","0.0","30.0","40.0","70.0","7","05/01/10 00:00:00","Espresso","Regular Espresso","Regular","42"
"603","New Hampshire","East","Small Market","43.0","78.0","35.0","46.0","13.0","204.0","0.0","30.0","40.0","70.0","7","06/01/10 00:00:00","Espresso","Regular Espresso","Regular","43"
"603","New Hampshire","East","Small Market","49.0","89.0","40.0","49.0","15.0","219.0","10.0","30.0","50.0","80.0","7","07/01/10 00:00:00","Espresso","Regular Espresso","Regular","49"
"603","New Hampshire","East","Small Market","36.0","65.0","29.0","45.0","11.0","215.0","0.0","20.0","40.0","60.0","7","08/01/10 00:00:00","Espresso","Regular Espresso","Regular","36"
"603","New Hampshire","East","Small Market","30.0","54.0","24.0","42.0","9.0","212.0","0.0","20.0","30.0","50.0","7","09/01/10 00:00:00","Espresso","Regular Espresso","Regular","30"
"603","New Hampshire","East","Small Market","31.0","56.0","25.0","43.0","9.0","209.0","10.0","10.0","30.0","40.0","7","10/01/10 00:00:00","Espresso","Regular Espresso","Regular","31"
"603","New Hampshire","East","Small Market","42.0","76.0","34.0","45.0","12.0","211.0","0.0","30.0","40.0","70.0","7","11/01/10 00:00:00","Espresso","Regular Espresso","Regular","42"
"603","New Hampshire","East","Small Market","25.0","45.0","20.0","41.0","7.0","218.0","0.0","10.0","30.0","40.0","7","12/01/10 00:00:00","Espresso","Regular Espresso","Regular","25"
"603","New Hampshire","East","Small Market","36.0","73.0","29.0","46.0","11.0","169.0","0.0","20.0","40.0","60.0","7","01/01/11 00:00:00","Espresso","Regular Espresso","Regular","44"
"603","New Hampshire","East","Small Market","38.0","72.0","30.0","44.0","11.0","165.0","0.0","20.0","40.0","60.0","7","02/01/11 00:00:00","Espresso","Regular Espresso","Regular","42"
"603","New Hampshire","East","Small Market","42.0","80.0","33.0","46.0","12.0","162.0","0.0","30.0","40.0","70.0","7","03/01/11 00:00:00","Espresso","Regular Espresso","Regular","47"
"603","New Hampshire","East","Small Market","36.0","69.0","29.0","45.0","11.0","169.0","0.0","20.0","40.0","60.0","7","04/01/11 00:00:00","Espresso","Regular Espresso","Regular","40"
"603","New Hampshire","East","Small Market","42.0","75.0","34.0","42.0","12.0","182.0","0.0","30.0","40.0","70.0","7","05/01/11 00:00:00","Espresso","Regular Espresso","Regular","41"
"603","New Hampshire","East","Small Market","43.0","77.0","35.0","43.0","13.0","204.0","0.0","30.0","40.0","70.0","7","06/01/11 00:00:00","Espresso","Regular Espresso","Regular","42"
"603","New Hampshire","East","Small Market","49.0","88.0","40.0","46.0","15.0","219.0","10.0","30.0","50.0","80.0","7","07/01/11 00:00:00","Espresso","Regular Espresso","Regular","48"
"603","New Hampshire","East","Small Market","36.0","64.0","29.0","42.0","11.0","215.0","0.0","20.0","40.0","60.0","7","08/01/11 00:00:00","Espresso","Regular Espresso","Regular","35"
"603","New Hampshire","East","Small Market","30.0","58.0","24.0","42.0","9.0","212.0","0.0","20.0","30.0","50.0","7","09/01/11 00:00:00","Espresso","Regular Espresso","Regular","34"
"603","New Hampshire","East","Small Market","31.0","60.0","25.0","43.0","9.0","209.0","10.0","10.0","30.0","40.0","7","10/01/11 00:00:00","Espresso","Regular Espresso","Regular","35"
"603","New Hampshire","East","Small Market","42.0","81.0","34.0","45.0","12.0","211.0","0.0","30.0","40.0","70.0","7","11/01/11 00:00:00","Espresso","Regular Espresso","Regular","47"
"603","New Hampshire","East","Small Market","25.0","48.0","20.0","41.0","7.0","218.0","0.0","10.0","30.0","40.0","7","12/01/11 00:00:00","Espresso","Regular Espresso","Regular","28"
"607","New York","East","Major Market","374.0","664.0","249.0","138.0","87.0","2580.0","230.0","220.0","340.0","560.0","2","11/01/11 00:00:00","Coffee","Columbian","Regular","415"
"607","New York","East","Major Market","111.0","199.0","76.0","33.0","21.0","580.0","100.0","80.0","120.0","200.0","13","10/01/11 00:00:00","Tea","Green Tea","Regular","123"
"607","New York","East","Major Market","-62.0","63.0","125.0","146.0","113.0","1118.0","-190.0","120.0","-60.0","60.0","5","03/01/10 00:00:00","Espresso","Caffe Mocha","Regular","-62"
"607","New York","East","Major Market","238.0","483.0","245.0","127.0","93.0","1419.0","100.0","180.0","190.0","370.0","9","01/01/10 00:00:00","Herbal Tea","Lemon","Decaf","238"
"607","New York","East","Major Market","398.0","669.0","271.0","135.0","102.0","1727.0","220.0","200.0","320.0","520.0","9","06/01/10 00:00:00","Herbal Tea","Lemon","Decaf","398"
"607","New York","East","Major Market","453.0","747.0","294.0","144.0","111.0","1727.0","210.0","220.0","320.0","540.0","9","12/01/10 00:00:00","Herbal Tea","Lemon","Decaf","453"
"607","New York","East","Major Market","-33.0","180.0","213.0","87.0","66.0","1214.0","-80.0","160.0","-20.0","140.0","10","02/01/10 00:00:00","Herbal Tea","Mint","Decaf","-33"
"607","New York","East","Major Market","-37.0","196.0","235.0","87.0","72.0","2169.0","-90.0","170.0","-20.0","150.0","10","05/01/11 00:00:00","Herbal Tea","Mint","Decaf","-39"
"607","New York","East","Major Market","139.0","262.0","95.0","40.0","26.0","821.0","120.0","100.0","150.0","250.0","11","01/01/11 00:00:00","Tea","Darjeeling","Regular","167"
"608","Wisconsin","Central","Small Market","66.0","134.0","54.0","56.0","20.0","312.0","30.0","50.0","70.0","120.0","1","01/01/11 00:00:00","Coffee","Amaretto","Regular","80"
"608","Wisconsin","Central","Small Market","82.0","159.0","67.0","59.0","25.0","391.0","30.0","70.0","80.0","150.0","1","09/01/11 00:00:00","Coffee","Amaretto","Regular","92"
"608","Wisconsin","Central","Small Market","154.0","264.0","110.0","130.0","100.0","665.0","50.0","110.0","160.0","270.0","2","06/01/10 00:00:00","Coffee","Columbian","Regular","154"
"608","Wisconsin","Central","Small Market","184.0","317.0","133.0","149.0","120.0","705.0","60.0","140.0","190.0","330.0","2","08/01/10 00:00:00","Coffee","Columbian","Regular","184"
"608","Wisconsin","Central","Small Market","132.0","242.0","95.0","115.0","86.0","554.0","30.0","100.0","130.0","230.0","2","04/01/11 00:00:00","Coffee","Columbian","Regular","147"
"608","Wisconsin","Central","Small Market","173.0","294.0","124.0","131.0","112.0","717.0","60.0","130.0","180.0","310.0","2","07/01/11 00:00:00","Coffee","Columbian","Regular","170"
"608","Wisconsin","Central","Small Market","130.0","239.0","94.0","114.0","85.0","694.0","30.0","90.0","130.0","220.0","2","11/01/11 00:00:00","Coffee","Columbian","Regular","145"
"608","Wisconsin","Central","Small Market","92.0","170.0","78.0","45.0","24.0","995.0","70.0","90.0","110.0","200.0","5","05/01/10 00:00:00","Espresso","Caffe Mocha","Regular","92"
"608","Wisconsin","Central","Small Market","103.0","189.0","86.0","47.0","26.0","1081.0","90.0","90.0","130.0","220.0","5","07/01/10 00:00:00","Espresso","Caffe Mocha","Regular","103"
"608","Wisconsin","Central","Small Market","94.0","174.0","80.0","46.0","24.0","1055.0","120.0","110.0","140.0","250.0","5","10/01/10 00:00:00","Espresso","Caffe Mocha","Regular","94"
"608","Wisconsin","Central","Small Market","82.0","161.0","69.0","43.0","21.0","965.0","50.0","80.0","90.0","170.0","5","04/01/11 00:00:00","Espresso","Caffe Mocha","Regular","92"
"608","Wisconsin","Central","Small Market","92.0","168.0","78.0","42.0","24.0","995.0","70.0","90.0","110.0","200.0","5","05/01/11 00:00:00","Espresso","Caffe Mocha","Regular","90"
"608","Wisconsin","Central","Small Market","43.0","76.0","33.0","22.0","10.0","577.0","30.0","30.0","50.0","80.0","6","09/01/10 00:00:00","Espresso","Decaf Espresso","Decaf","43"
"608","Wisconsin","Central","Small Market","32.0","60.0","24.0","19.0","7.0","567.0","30.0","30.0","40.0","70.0","6","12/01/11 00:00:00","Espresso","Decaf Espresso","Decaf","36"
"608","Wisconsin","Central","Small Market","82.0","129.0","48.0","34.0","14.0","351.0","50.0","40.0","70.0","110.0","8","05/01/11 00:00:00","Herbal Tea","Chamomile","Decaf","81"
"608","Wisconsin","Central","Small Market","72.0","121.0","49.0","25.0","13.0","779.0","50.0","40.0","60.0","100.0","9","04/01/10 00:00:00","Herbal Tea","Lemon","Decaf","72"
"608","Wisconsin","Central","Small Market","75.0","126.0","51.0","25.0","14.0","857.0","60.0","40.0","70.0","110.0","9","09/01/10 00:00:00","Herbal Tea","Lemon","Decaf","75"
"608","Wisconsin","Central","Small Market","48.0","91.0","33.0","21.0","9.0","777.0","50.0","20.0","50.0","70.0","9","01/01/11 00:00:00","Herbal Tea","Lemon","Decaf","58"
"608","Wisconsin","Central","Small Market","89.0","150.0","61.0","42.0","19.0","390.0","50.0","50.0","80.0","130.0","11","01/01/10 00:00:00","Tea","Darjeeling","Regular","89"
"608","Wisconsin","Central","Small Market","89.0","168.0","61.0","44.0","19.0","390.0","50.0","50.0","80.0","130.0","11","01/01/11 00:00:00","Tea","Darjeeling","Regular","107"
"608","Wisconsin","Central","Small Market","77.0","137.0","52.0","39.0","16.0","376.0","40.0","40.0","70.0","110.0","11","03/01/11 00:00:00","Tea","Darjeeling","Regular","85"
"608","Wisconsin","Central","Small Market","67.0","120.0","46.0","36.0","14.0","454.0","30.0","30.0","60.0","90.0","11","09/01/11 00:00:00","Tea","Darjeeling","Regular","74"
"608","Wisconsin","Central","Small Market","66.0","113.0","47.0","72.0","42.0","622.0","0.0","40.0","50.0","90.0","12","07/01/10 00:00:00","Tea","Earl Grey","Regular","66"
"608","Wisconsin","Central","Small Market","87.0","160.0","63.0","86.0","57.0","521.0","10.0","50.0","80.0","130.0","12","04/01/11 00:00:00","Tea","Earl Grey","Regular","97"
"608","Wisconsin","Central","Small Market","90.0","153.0","64.0","82.0","58.0","551.0","10.0","50.0","80.0","130.0","12","05/01/11 00:00:00","Tea","Earl Grey","Regular","89"
"614","Ohio","Central","Major Market","63.0","110.0","47.0","43.0","15.0","420.0","40.0","40.0","70.0","110.0","1","07/01/10 00:00:00","Coffee","Amaretto","Regular","63"
"614","Ohio","Central","Major Market","72.0","125.0","53.0","44.0","17.0","410.0","50.0","50.0","80.0","130.0","1","09/01/10 00:00:00","Coffee","Amaretto","Regular","72"
"614","Ohio","Central","Major Market","77.0","143.0","57.0","45.0","18.0","323.0","50.0","60.0","80.0","140.0","1","03/01/11 00:00:00","Coffee","Amaretto","Regular","86"
"614","Ohio","Central","Major Market","71.0","131.0","52.0","45.0","17.0","405.0","60.0","40.0","70.0","110.0","1","10/01/11 00:00:00","Coffee","Amaretto","Regular","79"
"614","Ohio","Central","Major Market","83.0","140.0","57.0","41.0","18.0","364.0","50.0","60.0","80.0","140.0","2","01/01/10 00:00:00","Coffee","Columbian","Regular","83"
"614","Ohio","Central","Major Market","55.0","93.0","38.0","36.0","12.0","414.0","20.0","40.0","50.0","90.0","2","06/01/10 00:00:00","Coffee","Columbian","Regular","55"
"614","Ohio","Central","Major Market","68.0","114.0","46.0","36.0","14.0","424.0","40.0","40.0","70.0","110.0","2","11/01/10 00:00:00","Coffee","Columbian","Regular","68"
"614","Ohio","Central","Major Market","60.0","101.0","41.0","36.0","13.0","435.0","20.0","40.0","50.0","90.0","2","12/01/10 00:00:00","Coffee","Columbian","Regular","60"
"614","Ohio","Central","Major Market","83.0","157.0","57.0","43.0","18.0","364.0","50.0","60.0","80.0","140.0","2","01/01/11 00:00:00","Coffee","Columbian","Regular","100"
"614","Ohio","Central","Major Market","64.0","114.0","43.0","35.0","13.0","424.0","40.0","40.0","70.0","110.0","2","09/01/11 00:00:00","Coffee","Columbian","Regular","71"
"614","Ohio","Central","Major Market","87.0","150.0","63.0","87.0","57.0","435.0","20.0","60.0","90.0","150.0","3","01/01/10 00:00:00","Coffee","Decaf Irish Cream","Decaf","87"
"614","Ohio","Central","Major Market","75.0","129.0","54.0","78.0","49.0","427.0","20.0","50.0","80.0","130.0","3","02/01/10 00:00:00","Coffee","Decaf Irish Cream","Decaf","75"
"614","Ohio","Central","Major Market","52.0","89.0","37.0","63.0","33.0","513.0","10.0","30.0","60.0","90.0","3","08/01/10 00:00:00","Coffee","Decaf Irish Cream","Decaf","52"
"614","Ohio","Central","Major Market","74.0","134.0","52.0","77.0","47.0","509.0","20.0","50.0","80.0","130.0","3","09/01/11 00:00:00","Coffee","Decaf Irish Cream","Decaf","82"
"614","Ohio","Central","Major Market","73.0","133.0","52.0","76.0","47.0","509.0","10.0","50.0","70.0","120.0","3","11/01/11 00:00:00","Coffee","Decaf Irish Cream","Decaf","81"
"614","Ohio","Central","Major Market","171.0","341.0","170.0","72.0","47.0","1091.0","140.0","190.0","210.0","400.0","5","01/01/10 00:00:00","Espresso","Caffe Mocha","Regular","171"
"614","Ohio","Central","Major Market","163.0","346.0","162.0","69.0","45.0","1059.0","130.0","180.0","200.0","380.0","5","03/01/11 00:00:00","Espresso","Caffe Mocha","Regular","184"
"614","Ohio","Central","Major Market","72.0","130.0","58.0","56.0","22.0","338.0","40.0","60.0","90.0","150.0","6","01/01/10 00:00:00","Espresso","Decaf Espresso","Decaf","72"
"614","Ohio","Central","Major Market","73.0","132.0","59.0","55.0","22.0","331.0","40.0","60.0","90.0","150.0","6","02/01/10 00:00:00","Espresso","Decaf Espresso","Decaf","73"
"614","Ohio","Central","Major Market","66.0","120.0","54.0","54.0","20.0","404.0","70.0","70.0","100.0","170.0","6","10/01/10 00:00:00","Espresso","Decaf Espresso","Decaf","66"
"614","Ohio","Central","Major Market","64.0","114.0","51.0","49.0","19.0","419.0","30.0","50.0","80.0","130.0","6","07/01/11 00:00:00","Espresso","Decaf Espresso","Decaf","63"
"614","Ohio","Central","Major Market","26.0","44.0","18.0","17.0","5.0","478.0","20.0","10.0","20.0","30.0","8","06/01/10 00:00:00","Herbal Tea","Chamomile","Decaf","26"
"614","Ohio","Central","Major Market","29.0","49.0","20.0","16.0","5.0","464.0","30.0","10.0","30.0","40.0","8","05/01/11 00:00:00","Herbal Tea","Chamomile","Decaf","29"
"614","Ohio","Central","Major Market","44.0","78.0","29.0","19.0","8.0","490.0","30.0","20.0","40.0","60.0","8","12/01/11 00:00:00","Herbal Tea","Chamomile","Decaf","49"
"614","Ohio","Central","Major Market","45.0","75.0","30.0","19.0","8.0","820.0","40.0","20.0","40.0","60.0","9","04/01/10 00:00:00","Herbal Tea","Lemon","Decaf","45"
"614","Ohio","Central","Major Market","34.0","57.0","23.0","18.0","6.0","868.0","40.0","10.0","40.0","50.0","9","07/01/10 00:00:00","Herbal Tea","Lemon","Decaf","34"
"614","Ohio","Central","Major Market","52.0","88.0","36.0","22.0","10.0","862.0","40.0","30.0","50.0","80.0","9","11/01/10 00:00:00","Herbal Tea","Lemon","Decaf","52"
"614","Ohio","Central","Major Market","48.0","90.0","32.0","20.0","8.0","821.0","50.0","20.0","50.0","70.0","9","01/01/11 00:00:00","Herbal Tea","Lemon","Decaf","58"
"614","Ohio","Central","Major Market","43.0","77.0","29.0","20.0","8.0","862.0","40.0","20.0","40.0","60.0","9","09/01/11 00:00:00","Herbal Tea","Lemon","Decaf","48"
"614","Ohio","Central","Major Market","120.0","200.0","80.0","58.0","26.0","640.0","60.0","60.0","110.0","170.0","11","02/01/10 00:00:00","Tea","Darjeeling","Regular","120"
"614","Ohio","Central","Major Market","120.0","213.0","80.0","58.0","26.0","640.0","60.0","60.0","110.0","170.0","11","02/01/11 00:00:00","Tea","Darjeeling","Regular","133"
"614","Ohio","Central","Major Market","172.0","283.0","114.0","64.0","37.0","810.0","100.0","90.0","160.0","250.0","11","08/01/11 00:00:00","Tea","Darjeeling","Regular","169"
"614","Ohio","Central","Major Market","150.0","265.0","99.0","63.0","32.0","798.0","70.0","80.0","130.0","210.0","11","09/01/11 00:00:00","Tea","Darjeeling","Regular","166"
"614","Ohio","Central","Major Market","119.0","210.0","78.0","57.0","25.0","798.0","60.0","60.0","100.0","160.0","11","11/01/11 00:00:00","Tea","Darjeeling","Regular","132"
"614","Ohio","Central","Major Market","127.0","218.0","91.0","51.0","28.0","656.0","80.0","50.0","100.0","150.0","12","10/01/10 00:00:00","Tea","Earl Grey","Regular","127"
"617","Massachusetts","East","Major Market","595.0","649.0","54.0","48.0","17.0","-1006.0","530.0","50.0","560.0","610.0","2","06/01/10 00:00:00","Coffee","Columbian","Regular","595"
"617","Massachusetts","East","Major Market","612.0","658.0","52.0","46.0","17.0","-2033.0","560.0","40.0","590.0","630.0","2","08/01/11 00:00:00","Coffee","Columbian","Regular","606"
"617","Massachusetts","East","Major Market","30.0","50.0","20.0","17.0","5.0","482.0","20.0","20.0","30.0","50.0","13","09/01/10 00:00:00","Tea","Green Tea","Regular","30"
"617","Massachusetts","East","Major Market","30.0","53.0","20.0","17.0","5.0","482.0","20.0","20.0","30.0","50.0","13","09/01/11 00:00:00","Tea","Green Tea","Regular","33"
"617","Massachusetts","East","Major Market","65.0","117.0","52.0","77.0","47.0","458.0","10.0","40.0","70.0","110.0","5","04/01/10 00:00:00","Espresso","Caffe Mocha","Regular","65"
"617","Massachusetts","East","Major Market","63.0","141.0","63.0","90.0","57.0","435.0","-10.0","60.0","60.0","120.0","5","01/01/11 00:00:00","Espresso","Caffe Mocha","Regular","78"
"617","Massachusetts","East","Major Market","69.0","124.0","55.0","54.0","20.0","410.0","20.0","40.0","50.0","90.0","9","11/01/10 00:00:00","Herbal Tea","Lemon","Decaf","69"
"617","Massachusetts","East","Major Market","49.0","82.0","33.0","20.0","9.0","870.0","40.0","30.0","50.0","80.0","11","12/01/10 00:00:00","Tea","Darjeeling","Regular","49"
"617","Massachusetts","East","Major Market","43.0","77.0","29.0","20.0","8.0","862.0","30.0","30.0","40.0","70.0","11","09/01/11 00:00:00","Tea","Darjeeling","Regular","48"
"617","Massachusetts","East","Major Market","146.0","291.0","145.0","65.0","40.0","1304.0","100.0","130.0","150.0","280.0","7","07/01/10 00:00:00","Espresso","Regular Espresso","Regular","146"
"617","Massachusetts","East","Major Market","171.0","382.0","170.0","75.0","47.0","1091.0","110.0","160.0","170.0","330.0","7","01/01/11 00:00:00","Espresso","Regular Espresso","Regular","212"
"617","Massachusetts","East","Major Market","182.0","387.0","181.0","74.0","50.0","1283.0","120.0","170.0","180.0","350.0","7","11/01/11 00:00:00","Espresso","Regular Espresso","Regular","206"
"618","Illinois","Central","Major Market","270.0","461.0","195.0","101.0","64.0","956.0","180.0","200.0","280.0","480.0","2","05/01/11 00:00:00","Coffee","Columbian","Regular","266"
"618","Illinois","Central","Major Market","185.0","312.0","127.0","63.0","40.0","671.0","140.0","130.0","190.0","320.0","3","05/01/10 00:00:00","Coffee","Decaf Irish Cream","Decaf","185"
"618","Illinois","Central","Major Market","336.0","589.0","253.0","116.0","83.0","1686.0","280.0","290.0","400.0","690.0","5","09/01/10 00:00:00","Espresso","Caffe Mocha","Regular","336"
"618","Illinois","Central","Major Market","179.0","322.0","123.0","46.0","34.0","959.0","130.0","110.0","170.0","280.0","8","12/01/11 00:00:00","Herbal Tea","Chamomile","Decaf","199"
"618","Illinois","Central","Major Market","145.0","245.0","100.0","39.0","28.0","822.0","110.0","80.0","130.0","210.0","10","04/01/10 00:00:00","Herbal Tea","Mint","Decaf","145"
"618","Illinois","Central","Major Market","136.0","228.0","94.0","34.0","26.0","562.0","90.0","80.0","120.0","200.0","11","06/01/11 00:00:00","Tea","Darjeeling","Regular","134"
"618","Illinois","Central","Major Market","79.0","131.0","52.0","49.0","17.0","662.0","30.0","40.0","70.0","110.0","12","08/01/10 00:00:00","Tea","Earl Grey","Regular","79"
"619","California","West","Major Market","3.0","116.0","113.0","59.0","36.0","2758.0","-50.0","130.0","0.0","130.0","1","11/01/10 00:00:00","Coffee","Amaretto","Regular","3"
"619","California","West","Major Market","102.0","181.0","68.0","54.0","22.0","559.0","40.0","40.0","70.0","110.0","13","04/01/11 00:00:00","Tea","Green Tea","Regular","113"
"619","California","West","Major Market","152.0","254.0","104.0","38.0","29.0","871.0","120.0","80.0","140.0","220.0","8","05/01/11 00:00:00","Herbal Tea","Chamomile","Decaf","150"
"619","California","West","Major Market","185.0","309.0","127.0","43.0","35.0","1007.0","150.0","100.0","170.0","270.0","8","07/01/11 00:00:00","Herbal Tea","Chamomile","Decaf","182"
"619","California","West","Major Market","130.0","219.0","89.0","36.0","24.0","777.0","80.0","50.0","90.0","140.0","11","01/01/10 00:00:00","Tea","Darjeeling","Regular","130"
"619","California","West","Major Market","152.0","254.0","104.0","37.0","29.0","952.0","100.0","60.0","110.0","170.0","11","07/01/11 00:00:00","Tea","Darjeeling","Regular","150"
"619","California","West","Major Market","79.0","133.0","54.0","26.0","15.0","601.0","50.0","30.0","60.0","90.0","12","12/01/10 00:00:00","Tea","Earl Grey","Regular","79"
"619","California","West","Major Market","229.0","487.0","228.0","87.0","63.0","1436.0","150.0","210.0","220.0","430.0","4","02/01/11 00:00:00","Espresso","Caffe Latte","Regular","259"
"626","California","West","Major Market","28.0","141.0","104.0","55.0","33.0","685.0","-20.0","130.0","30.0","160.0","1","02/01/11 00:00:00","Coffee","Amaretto","Regular","37"
"626","California","West","Major Market","474.0","790.0","316.0","161.0","110.0","2580.0","450.0","390.0","590.0","980.0","2","09/01/10 00:00:00","Coffee","Columbian","Regular","474"
"626","California","West","Major Market","390.0","650.0","260.0","143.0","91.0","2548.0","470.0","380.0","580.0","960.0","2","10/01/10 00:00:00","Coffee","Columbian","Regular","390"
"626","California","West","Major Market","-30.0","166.0","196.0","107.0","64.0","3139.0","-140.0","240.0","-40.0","200.0","3","08/01/10 00:00:00","Coffee","Decaf Irish Cream","Decaf","-30"
"626","California","West","Major Market","-27.0","156.0","173.0","100.0","57.0","3909.0","-130.0","200.0","-30.0","170.0","3","11/01/11 00:00:00","Coffee","Decaf Irish Cream","Decaf","-17"
"626","California","West","Major Market","349.0","612.0","263.0","119.0","86.0","1433.0","220.0","250.0","330.0","580.0","6","05/01/10 00:00:00","Espresso","Decaf Espresso","Decaf","349"
"626","California","West","Major Market","145.0","245.0","100.0","40.0","28.0","981.0","110.0","80.0","130.0","210.0","8","09/01/10 00:00:00","Herbal Tea","Chamomile","Decaf","145"
"626","California","West","Major Market","124.0","210.0","86.0","35.0","24.0","1003.0","80.0","80.0","110.0","190.0","8","12/01/10 00:00:00","Herbal Tea","Chamomile","Decaf","124"
"626","California","West","Major Market","144.0","243.0","99.0","38.0","27.0","766.0","90.0","60.0","100.0","160.0","11","02/01/10 00:00:00","Tea","Darjeeling","Regular","144"
"626","California","West","Major Market","111.0","199.0","76.0","32.0","21.0","580.0","50.0","30.0","50.0","80.0","12","10/01/11 00:00:00","Tea","Earl Grey","Regular","123"
"630","Illinois","Central","Major Market","270.0","465.0","195.0","109.0","64.0","956.0","180.0","200.0","280.0","480.0","2","05/01/10 00:00:00","Coffee","Columbian","Regular","270"
"630","Illinois","Central","Major Market","265.0","486.0","191.0","109.0","63.0","865.0","170.0","200.0","270.0","470.0","2","04/01/11 00:00:00","Coffee","Columbian","Regular","295"
"630","Illinois","Central","Major Market","225.0","412.0","162.0","96.0","53.0","1148.0","140.0","170.0","230.0","400.0","2","09/01/11 00:00:00","Coffee","Columbian","Regular","250"
"630","Illinois","Central","Major Market","158.0","267.0","109.0","56.0","34.0","585.0","120.0","110.0","170.0","280.0","3","03/01/10 00:00:00","Coffee","Decaf Irish Cream","Decaf","158"
"630","Illinois","Central","Major Market","204.0","345.0","141.0","69.0","45.0","764.0","160.0","140.0","220.0","360.0","3","06/01/10 00:00:00","Coffee","Decaf Irish Cream","Decaf","204"
"630","Illinois","Central","Major Market","222.0","376.0","154.0","72.0","49.0","817.0","170.0","160.0","230.0","390.0","3","08/01/10 00:00:00","Coffee","Decaf Irish Cream","Decaf","222"
"630","Illinois","Central","Major Market","185.0","312.0","127.0","63.0","40.0","830.0","130.0","120.0","180.0","300.0","3","12/01/10 00:00:00","Coffee","Decaf Irish Cream","Decaf","185"
"630","Illinois","Central","Major Market","392.0","687.0","295.0","130.0","97.0","1714.0","340.0","340.0","470.0","810.0","5","08/01/10 00:00:00","Espresso","Caffe Mocha","Regular","392"
"630","Illinois","Central","Major Market","387.0","672.0","291.0","119.0","96.0","1742.0","340.0","330.0","470.0","800.0","5","07/01/11 00:00:00","Espresso","Caffe Mocha","Regular","381"
"630","Illinois","Central","Major Market","304.0","567.0","228.0","108.0","75.0","1691.0","290.0","290.0","390.0","680.0","5","11/01/11 00:00:00","Espresso","Caffe Mocha","Regular","339"
"630","Illinois","Central","Major Market","228.0","456.0","228.0","88.0","63.0","1459.0","180.0","260.0","270.0","530.0","6","01/01/10 00:00:00","Espresso","Decaf Espresso","Decaf","228"
"630","Illinois","Central","Major Market","261.0","521.0","260.0","96.0","72.0","1559.0","210.0","300.0","310.0","610.0","6","05/01/10 00:00:00","Espresso","Decaf Espresso","Decaf","261"
"630","Illinois","Central","Major Market","251.0","501.0","250.0","94.0","70.0","1820.0","240.0","320.0","320.0","640.0","6","12/01/10 00:00:00","Espresso","Decaf Espresso","Decaf","251"
"630","Illinois","Central","Major Market","229.0","487.0","228.0","87.0","63.0","1436.0","180.0","260.0","270.0","530.0","6","02/01/11 00:00:00","Espresso","Decaf Espresso","Decaf","259"
"630","Illinois","Central","Major Market","239.0","509.0","239.0","91.0","66.0","1417.0","200.0","270.0","290.0","560.0","6","03/01/11 00:00:00","Espresso","Decaf Espresso","Decaf","270"
"630","Illinois","Central","Major Market","163.0","276.0","113.0","42.0","31.0","897.0","130.0","90.0","150.0","240.0","8","06/01/10 00:00:00","Herbal Tea","Chamomile","Decaf","163"
"630","Illinois","Central","Major Market","178.0","301.0","123.0","46.0","34.0","941.0","140.0","100.0","160.0","260.0","8","08/01/10 00:00:00","Herbal Tea","Chamomile","Decaf","178"
"630","Illinois","Central","Major Market","144.0","259.0","99.0","39.0","27.0","766.0","110.0","80.0","130.0","210.0","8","02/01/11 00:00:00","Herbal Tea","Chamomile","Decaf","160"
"630","Illinois","Central","Major Market","163.0","274.0","113.0","39.0","31.0","897.0","130.0","90.0","150.0","240.0","8","06/01/11 00:00:00","Herbal Tea","Chamomile","Decaf","161"
"630","Illinois","Central","Major Market","107.0","190.0","83.0","39.0","27.0","623.0","60.0","70.0","90.0","160.0","9","01/01/10 00:00:00","Herbal Tea","Lemon","Decaf","107"
"630","Illinois","Central","Major Market","109.0","193.0","84.0","39.0","27.0","603.0","60.0","70.0","90.0","160.0","9","03/01/10 00:00:00","Herbal Tea","Lemon","Decaf","109"
"630","Illinois","Central","Major Market","107.0","190.0","83.0","40.0","27.0","574.0","60.0","70.0","90.0","160.0","9","06/01/10 00:00:00","Herbal Tea","Lemon","Decaf","107"
"630","Illinois","Central","Major Market","74.0","132.0","58.0","31.0","19.0","548.0","50.0","40.0","70.0","110.0","9","09/01/10 00:00:00","Herbal Tea","Lemon","Decaf","74"
"630","Illinois","Central","Major Market","51.0","90.0","39.0","24.0","12.0","541.0","40.0","20.0","40.0","60.0","9","10/01/10 00:00:00","Herbal Tea","Lemon","Decaf","51"
"630","Illinois","Central","Major Market","109.0","206.0","84.0","39.0","27.0","603.0","60.0","70.0","90.0","160.0","9","03/01/11 00:00:00","Herbal Tea","Lemon","Decaf","122"
"630","Illinois","Central","Major Market","117.0","198.0","81.0","33.0","22.0","984.0","80.0","70.0","110.0","180.0","10","11/01/10 00:00:00","Herbal Tea","Mint","Decaf","117"
"630","Illinois","Central","Major Market","124.0","210.0","86.0","36.0","24.0","1003.0","80.0","80.0","110.0","190.0","10","12/01/10 00:00:00","Herbal Tea","Mint","Decaf","124"
"630","Illinois","Central","Major Market","178.0","298.0","123.0","42.0","34.0","947.0","140.0","100.0","160.0","260.0","10","06/01/11 00:00:00","Herbal Tea","Mint","Decaf","175"
"630","Illinois","Central","Major Market","118.0","212.0","81.0","34.0","22.0","588.0","80.0","60.0","110.0","170.0","11","09/01/11 00:00:00","Tea","Darjeeling","Regular","131"
"630","Illinois","Central","Major Market","79.0","142.0","54.0","26.0","15.0","601.0","50.0","40.0","70.0","110.0","11","12/01/11 00:00:00","Tea","Darjeeling","Regular","88"
"630","Illinois","Central","Major Market","114.0","189.0","75.0","55.0","24.0","549.0","50.0","60.0","100.0","160.0","12","02/01/10 00:00:00","Tea","Earl Grey","Regular","114"
"630","Illinois","Central","Major Market","102.0","170.0","68.0","53.0","22.0","559.0","40.0","50.0","90.0","140.0","12","04/01/10 00:00:00","Tea","Earl Grey","Regular","102"
"630","Illinois","Central","Major Market","114.0","189.0","75.0","55.0","24.0","659.0","50.0","60.0","90.0","150.0","12","11/01/10 00:00:00","Tea","Earl Grey","Regular","114"
"630","Illinois","Central","Major Market","101.0","168.0","67.0","54.0","22.0","677.0","40.0","50.0","80.0","130.0","12","12/01/10 00:00:00","Tea","Earl Grey","Regular","101"
"630","Illinois","Central","Major Market","96.0","159.0","64.0","48.0","21.0","593.0","50.0","50.0","90.0","140.0","12","05/01/11 00:00:00","Tea","Earl Grey","Regular","95"
"630","Illinois","Central","Major Market","90.0","160.0","60.0","50.0","19.0","656.0","40.0","50.0","80.0","130.0","12","09/01/11 00:00:00","Tea","Earl Grey","Regular","100"
"631","New York","East","Major Market","428.0","712.0","284.0","152.0","99.0","2108.0","280.0","270.0","400.0","670.0","2","04/01/10 00:00:00","Coffee","Columbian","Regular","428"
"631","New York","East","Major Market","136.0","228.0","94.0","35.0","26.0","608.0","120.0","90.0","150.0","240.0","13","07/01/11 00:00:00","Tea","Green Tea","Regular","134"
"631","New York","East","Major Market","378.0","638.0","260.0","131.0","98.0","1558.0","200.0","190.0","300.0","490.0","9","04/01/10 00:00:00","Herbal Tea","Lemon","Decaf","378"
"631","New York","East","Major Market","331.0","576.0","245.0","127.0","93.0","1704.0","140.0","180.0","240.0","420.0","9","11/01/10 00:00:00","Herbal Tea","Lemon","Decaf","331"
"631","New York","East","Major Market","453.0","796.0","294.0","144.0","111.0","1727.0","210.0","220.0","320.0","540.0","9","12/01/11 00:00:00","Herbal Tea","Lemon","Decaf","502"
"631","New York","East","Major Market","-75.0","175.0","239.0","95.0","74.0","4360.0","-100.0","130.0","-50.0","80.0","10","10/01/11 00:00:00","Herbal Tea","Mint","Decaf","-64"
"631","New York","East","Major Market","137.0","232.0","95.0","37.0","26.0","809.0","120.0","100.0","150.0","250.0","11","02/01/10 00:00:00","Tea","Darjeeling","Regular","137"
"631","New York","East","Major Market","191.0","323.0","132.0","47.0","36.0","994.0","170.0","130.0","210.0","340.0","11","08/01/10 00:00:00","Tea","Darjeeling","Regular","191"
"631","New York","East","Major Market","132.0","223.0","91.0","37.0","25.0","777.0","120.0","90.0","150.0","240.0","12","04/01/10 00:00:00","Tea","Earl Grey","Regular","132"
"631","New York","East","Major Market","144.0","259.0","99.0","39.0","27.0","766.0","130.0","100.0","160.0","260.0","12","02/01/11 00:00:00","Tea","Earl Grey","Regular","160"
"631","New York","East","Major Market","262.0","490.0","228.0","87.0","63.0","1459.0","200.0","210.0","270.0","480.0","7","01/01/10 00:00:00","Espresso","Regular Espresso","Regular","262"
"631","New York","East","Major Market","415.0","675.0","260.0","97.0","72.0","1405.0","340.0","240.0","420.0","660.0","7","06/01/10 00:00:00","Espresso","Regular Espresso","Regular","415"
"631","New York","East","Major Market","280.0","541.0","266.0","91.0","74.0","1355.0","190.0","250.0","280.0","530.0","7","07/01/11 00:00:00","Espresso","Regular Espresso","Regular","275"
"636","Missouri","Central","Small Market","105.0","190.0","85.0","66.0","32.0","494.0","40.0","90.0","100.0","190.0","2","01/01/10 00:00:00","Coffee","Columbian","Regular","105"
"636","Missouri","Central","Small Market","93.0","169.0","76.0","62.0","28.0","613.0","40.0","80.0","90.0","170.0","2","07/01/10 00:00:00","Coffee","Columbian","Regular","93"
"636","Missouri","Central","Small Market","90.0","176.0","75.0","44.0","23.0","956.0","60.0","70.0","100.0","170.0","3","02/01/11 00:00:00","Coffee","Decaf Irish Cream","Decaf","101"
"636","Missouri","Central","Small Market","77.0","151.0","65.0","42.0","20.0","1053.0","70.0","50.0","80.0","130.0","3","10/01/11 00:00:00","Coffee","Decaf Irish Cream","Decaf","86"
"636","Missouri","Central","Small Market","76.0","148.0","63.0","40.0","19.0","1075.0","40.0","60.0","70.0","130.0","3","12/01/11 00:00:00","Coffee","Decaf Irish Cream","Decaf","85"
"636","Missouri","Central","Small Market","49.0","88.0","39.0","47.0","14.0","250.0","0.0","30.0","40.0","70.0","13","12/01/10 00:00:00","Tea","Green Tea","Regular","49"
"636","Missouri","Central","Small Market","42.0","80.0","33.0","46.0","12.0","190.0","0.0","20.0","40.0","60.0","13","03/01/11 00:00:00","Tea","Green Tea","Regular","47"
"636","Missouri","Central","Small Market","65.0","109.0","44.0","24.0","12.0","844.0","50.0","50.0","70.0","120.0","5","05/01/10 00:00:00","Espresso","Caffe Mocha","Regular","65"
"636","Missouri","Central","Small Market","65.0","108.0","44.0","22.0","12.0","844.0","50.0","50.0","70.0","120.0","5","05/01/11 00:00:00","Espresso","Caffe Mocha","Regular","64"
"636","Missouri","Central","Small Market","49.0","82.0","34.0","19.0","9.0","890.0","40.0","30.0","60.0","90.0","5","08/01/11 00:00:00","Espresso","Caffe Mocha","Regular","48"
"636","Missouri","Central","Small Market","61.0","110.0","42.0","23.0","11.0","771.0","60.0","40.0","80.0","120.0","6","02/01/11 00:00:00","Espresso","Decaf Espresso","Decaf","68"
"636","Missouri","Central","Small Market","53.0","88.0","36.0","20.0","10.0","828.0","40.0","40.0","60.0","100.0","6","06/01/11 00:00:00","Espresso","Decaf Espresso","Decaf","52"
"636","Missouri","Central","Small Market","48.0","86.0","33.0","21.0","9.0","836.0","50.0","40.0","60.0","100.0","6","11/01/11 00:00:00","Espresso","Decaf Espresso","Decaf","53"
"636","Missouri","Central","Small Market","61.0","104.0","43.0","69.0","39.0","256.0","10.0","30.0","60.0","90.0","8","02/01/10 00:00:00","Herbal Tea","Chamomile","Decaf","61"
"636","Missouri","Central","Small Market","62.0","106.0","44.0","69.0","40.0","325.0","10.0","30.0","60.0","90.0","8","09/01/10 00:00:00","Herbal Tea","Chamomile","Decaf","62"
"636","Missouri","Central","Small Market","82.0","140.0","59.0","77.0","53.0","338.0","10.0","50.0","70.0","120.0","8","07/01/11 00:00:00","Herbal Tea","Chamomile","Decaf","81"
"636","Missouri","Central","Small Market","88.0","150.0","63.0","80.0","57.0","332.0","20.0","50.0","80.0","130.0","8","08/01/11 00:00:00","Herbal Tea","Chamomile","Decaf","87"
"636","Missouri","Central","Small Market","18.0","106.0","88.0","50.0","27.0","715.0","-10.0","70.0","20.0","90.0","9","03/01/10 00:00:00","Herbal Tea","Lemon","Decaf","18"
"636","Missouri","Central","Small Market","25.0","141.0","116.0","58.0","35.0","1142.0","0.0","90.0","30.0","120.0","9","06/01/10 00:00:00","Herbal Tea","Lemon","Decaf","25"
"636","Missouri","Central","Small Market","40.0","142.0","93.0","52.0","28.0","840.0","10.0","70.0","40.0","110.0","9","04/01/11 00:00:00","Herbal Tea","Lemon","Decaf","49"
"636","Missouri","Central","Small Market","38.0","135.0","98.0","49.0","30.0","973.0","0.0","80.0","30.0","110.0","9","05/01/11 00:00:00","Herbal Tea","Lemon","Decaf","37"
"636","Missouri","Central","Small Market","51.0","88.0","37.0","40.0","12.0","195.0","10.0","30.0","40.0","70.0","11","04/01/10 00:00:00","Tea","Darjeeling","Regular","51"
"636","Missouri","Central","Small Market","55.0","96.0","41.0","41.0","13.0","239.0","20.0","30.0","50.0","80.0","11","06/01/10 00:00:00","Tea","Darjeeling","Regular","55"
"636","Missouri","Central","Small Market","59.0","103.0","44.0","42.0","14.0","258.0","30.0","30.0","60.0","90.0","11","07/01/10 00:00:00","Tea","Darjeeling","Regular","59"
"636","Missouri","Central","Small Market","53.0","92.0","39.0","40.0","12.0","244.0","30.0","20.0","40.0","60.0","11","10/01/10 00:00:00","Tea","Darjeeling","Regular","53"
"636","Missouri","Central","Small Market","47.0","87.0","35.0","38.0","11.0","248.0","10.0","20.0","40.0","60.0","11","11/01/11 00:00:00","Tea","Darjeeling","Regular","52"
"636","Missouri","Central","Small Market","42.0","76.0","34.0","45.0","12.0","211.0","0.0","20.0","40.0","60.0","12","11/01/10 00:00:00","Tea","Earl Grey","Regular","42"
"641","Iowa","Central","Small Market","35.0","58.0","23.0","17.0","6.0","843.0","30.0","20.0","40.0","60.0","1","06/01/10 00:00:00","Coffee","Amaretto","Regular","35"
"641","Iowa","Central","Small Market","38.0","63.0","25.0","19.0","7.0","851.0","30.0","20.0","40.0","60.0","1","08/01/10 00:00:00","Coffee","Amaretto","Regular","38"
"641","Iowa","Central","Small Market","25.0","41.0","16.0","15.0","4.0","851.0","20.0","10.0","30.0","40.0","1","12/01/10 00:00:00","Coffee","Amaretto","Regular","25"
"641","Iowa","Central","Small Market","34.0","62.0","28.0","29.0","8.0","965.0","20.0","20.0","40.0","60.0","2","01/01/10 00:00:00","Coffee","Columbian","Regular","34"
"641","Iowa","Central","Small Market","35.0","63.0","28.0","29.0","8.0","958.0","20.0","20.0","40.0","60.0","2","03/01/10 00:00:00","Coffee","Columbian","Regular","35"
"641","Iowa","Central","Small Market","34.0","69.0","28.0","30.0","8.0","965.0","20.0","20.0","40.0","60.0","2","01/01/11 00:00:00","Coffee","Columbian","Regular","41"
"641","Iowa","Central","Small Market","35.0","67.0","28.0","29.0","8.0","961.0","20.0","20.0","40.0","60.0","2","02/01/11 00:00:00","Coffee","Columbian","Regular","39"
"641","Iowa","Central","Small Market","38.0","69.0","32.0","28.0","9.0","996.0","20.0","30.0","40.0","70.0","2","06/01/11 00:00:00","Coffee","Columbian","Regular","37"
"641","Iowa","Central","Small Market","38.0","74.0","31.0","30.0","9.0","1009.0","10.0","30.0","30.0","60.0","2","12/01/11 00:00:00","Coffee","Columbian","Regular","43"
"641","Iowa","Central","Small Market","18.0","32.0","14.0","17.0","4.0","602.0","10.0","10.0","20.0","30.0","3","08/01/10 00:00:00","Coffee","Decaf Irish Cream","Decaf","18"
"641","Iowa","Central","Small Market","13.0","23.0","10.0","15.0","3.0","598.0","10.0","0.0","10.0","10.0","3","10/01/10 00:00:00","Coffee","Decaf Irish Cream","Decaf","13"
"641","Iowa","Central","Small Market","13.0","23.0","10.0","16.0","3.0","596.0","10.0","0.0","20.0","20.0","3","11/01/10 00:00:00","Coffee","Decaf Irish Cream","Decaf","13"
"641","Iowa","Central","Small Market","31.0","58.0","23.0","19.0","7.0","620.0","20.0","20.0","30.0","50.0","3","02/01/11 00:00:00","Coffee","Decaf Irish Cream","Decaf","35"
"641","Iowa","Central","Small Market","28.0","52.0","21.0","19.0","6.0","614.0","20.0","20.0","30.0","50.0","3","04/01/11 00:00:00","Coffee","Decaf Irish Cream","Decaf","31"
"641","Iowa","Central","Small Market","18.0","32.0","14.0","16.0","4.0","602.0","10.0","10.0","20.0","30.0","3","08/01/11 00:00:00","Coffee","Decaf Irish Cream","Decaf","18"
"641","Iowa","Central","Small Market","13.0","25.0","10.0","15.0","3.0","598.0","10.0","0.0","10.0","10.0","3","10/01/11 00:00:00","Coffee","Decaf Irish Cream","Decaf","15"
"641","Iowa","Central","Small Market","29.0","49.0","20.0","16.0","5.0","808.0","20.0","20.0","30.0","50.0","5","07/01/10 00:00:00","Espresso","Caffe Mocha","Regular","29"
"641","Iowa","Central","Small Market","35.0","62.0","23.0","17.0","6.0","800.0","50.0","20.0","50.0","70.0","5","10/01/11 00:00:00","Espresso","Caffe Mocha","Regular","39"
"641","Iowa","Central","Small Market","43.0","43.0","0.0","12.0","0.0","559.0","40.0","0.0","50.0","50.0","6","07/01/10 00:00:00","Espresso","Decaf Espresso","Decaf","43"
"641","Iowa","Central","Small Market","43.0","43.0","0.0","11.0","0.0","344.0","40.0","0.0","50.0","50.0","6","12/01/10 00:00:00","Espresso","Decaf Espresso","Decaf","43"
"641","Iowa","Central","Small Market","312.0","546.0","234.0","110.0","77.0","1310.0","200.0","200.0","280.0","480.0","8","01/01/10 00:00:00","Herbal Tea","Chamomile","Decaf","312"
"641","Iowa","Central","Small Market","324.0","567.0","243.0","112.0","80.0","1260.0","210.0","200.0","290.0","490.0","8","03/01/10 00:00:00","Herbal Tea","Chamomile","Decaf","324"
"641","Iowa","Central","Small Market","362.0","634.0","272.0","121.0","89.0","1616.0","230.0","230.0","320.0","550.0","8","06/01/10 00:00:00","Herbal Tea","Chamomile","Decaf","362"
"641","Iowa","Central","Small Market","329.0","576.0","247.0","113.0","81.0","1744.0","200.0","230.0","300.0","530.0","8","12/01/10 00:00:00","Herbal Tea","Chamomile","Decaf","329"
"641","Iowa","Central","Small Market","312.0","611.0","234.0","116.0","77.0","1310.0","200.0","200.0","280.0","480.0","8","01/01/11 00:00:00","Herbal Tea","Chamomile","Decaf","377"
"641","Iowa","Central","Small Market","387.0","672.0","291.0","120.0","96.0","1742.0","240.0","250.0","340.0","590.0","8","07/01/11 00:00:00","Herbal Tea","Chamomile","Decaf","381"
"641","Iowa","Central","Small Market","304.0","567.0","228.0","108.0","75.0","1691.0","180.0","210.0","280.0","490.0","8","11/01/11 00:00:00","Herbal Tea","Chamomile","Decaf","339"
"641","Iowa","Central","Small Market","176.0","298.0","122.0","62.0","39.0","789.0","130.0","90.0","150.0","240.0","9","10/01/10 00:00:00","Herbal Tea","Lemon","Decaf","176"
"641","Iowa","Central","Small Market","139.0","262.0","95.0","56.0","30.0","608.0","90.0","80.0","120.0","200.0","9","01/01/11 00:00:00","Herbal Tea","Lemon","Decaf","167"
"641","Iowa","Central","Small Market","158.0","285.0","109.0","56.0","34.0","585.0","110.0","90.0","140.0","230.0","9","03/01/11 00:00:00","Herbal Tea","Lemon","Decaf","176"
"641","Iowa","Central","Small Market","165.0","296.0","113.0","58.0","36.0","803.0","100.0","100.0","150.0","250.0","9","11/01/11 00:00:00","Herbal Tea","Lemon","Decaf","183"
"641","Iowa","Central","Small Market","261.0","521.0","260.0","97.0","72.0","1715.0","150.0","220.0","230.0","450.0","11","06/01/10 00:00:00","Tea","Darjeeling","Regular","261"
"641","Iowa","Central","Small Market","249.0","498.0","249.0","94.0","69.0","1775.0","140.0","210.0","220.0","430.0","11","09/01/10 00:00:00","Tea","Darjeeling","Regular","249"
"641","Iowa","Central","Small Market","251.0","501.0","250.0","95.0","70.0","1820.0","120.0","210.0","200.0","410.0","11","12/01/10 00:00:00","Tea","Darjeeling","Regular","251"
"641","Iowa","Central","Small Market","229.0","487.0","228.0","88.0","63.0","1436.0","140.0","190.0","210.0","400.0","11","02/01/11 00:00:00","Tea","Darjeeling","Regular","259"
"641","Iowa","Central","Small Market","251.0","534.0","250.0","95.0","70.0","1820.0","120.0","210.0","200.0","410.0","11","12/01/11 00:00:00","Tea","Darjeeling","Regular","284"
"641","Iowa","Central","Small Market","360.0","654.0","294.0","144.0","111.0","1838.0","170.0","240.0","300.0","540.0","12","12/01/10 00:00:00","Tea","Earl Grey","Regular","360"
"641","Iowa","Central","Small Market","301.0","611.0","245.0","132.0","93.0","1419.0","160.0","210.0","270.0","480.0","12","01/01/11 00:00:00","Tea","Earl Grey","Regular","366"
"641","Iowa","Central","Small Market","294.0","569.0","240.0","125.0","91.0","1391.0","150.0","200.0","260.0","460.0","12","02/01/11 00:00:00","Tea","Earl Grey","Regular","329"
"641","Iowa","Central","Small Market","370.0","716.0","302.0","147.0","114.0","1783.0","210.0","250.0","340.0","590.0","12","09/01/11 00:00:00","Tea","Earl Grey","Regular","414"
"641","Iowa","Central","Small Market","300.0","581.0","245.0","127.0","93.0","1784.0","130.0","200.0","250.0","450.0","12","11/01/11 00:00:00","Tea","Earl Grey","Regular","336"
"646","New York","East","Major Market","534.0","890.0","356.0","177.0","124.0","2476.0","350.0","340.0","500.0","840.0","2","06/01/10 00:00:00","Coffee","Columbian","Regular","534"
"646","New York","East","Major Market","454.0","749.0","302.0","148.0","105.0","2250.0","300.0","280.0","430.0","710.0","2","05/01/11 00:00:00","Coffee","Columbian","Regular","447"
"646","New York","East","Major Market","145.0","245.0","100.0","40.0","28.0","598.0","130.0","100.0","160.0","260.0","13","08/01/10 00:00:00","Tea","Green Tea","Regular","145"
"646","New York","East","Major Market","118.0","199.0","81.0","34.0","22.0","588.0","100.0","80.0","130.0","210.0","13","09/01/10 00:00:00","Tea","Green Tea","Regular","118"
"646","New York","East","Major Market","117.0","211.0","81.0","34.0","22.0","441.0","100.0","80.0","130.0","210.0","13","03/01/11 00:00:00","Tea","Green Tea","Regular","130"
"646","New York","East","Major Market","-52.0","69.0","121.0","143.0","109.0","1673.0","-180.0","110.0","-50.0","60.0","5","05/01/10 00:00:00","Espresso","Caffe Mocha","Regular","-52"
"646","New York","East","Major Market","-52.0","68.0","121.0","133.0","109.0","1673.0","-180.0","110.0","-50.0","60.0","5","05/01/11 00:00:00","Espresso","Caffe Mocha","Regular","-53"
"646","New York","East","Major Market","369.0","653.0","284.0","140.0","107.0","1565.0","180.0","210.0","290.0","500.0","9","08/01/10 00:00:00","Herbal Tea","Lemon","Decaf","369"
"646","New York","East","Major Market","191.0","320.0","132.0","44.0","36.0","994.0","170.0","130.0","210.0","340.0","11","08/01/11 00:00:00","Tea","Darjeeling","Regular","188"
"646","New York","East","Major Market","130.0","219.0","89.0","36.0","24.0","777.0","110.0","90.0","140.0","230.0","12","01/01/10 00:00:00","Tea","Earl Grey","Regular","130"
"646","New York","East","Major Market","152.0","254.0","104.0","38.0","29.0","821.0","120.0","110.0","160.0","270.0","12","05/01/11 00:00:00","Tea","Earl Grey","Regular","150"
"646","New York","East","Major Market","277.0","543.0","266.0","98.0","74.0","1319.0","190.0","250.0","280.0","530.0","7","08/01/10 00:00:00","Espresso","Regular Espresso","Regular","277"
"646","New York","East","Major Market","464.0","675.0","211.0","83.0","59.0","933.0","390.0","200.0","460.0","660.0","7","11/01/10 00:00:00","Espresso","Regular Espresso","Regular","464"
"650","California","West","Major Market","-45.0","95.0","141.0","63.0","45.0","1514.0","-110.0","170.0","-50.0","120.0","1","06/01/11 00:00:00","Coffee","Amaretto","Regular","-46"
"650","California","West","Major Market","454.0","756.0","302.0","159.0","105.0","2250.0","410.0","380.0","560.0","940.0","2","05/01/10 00:00:00","Coffee","Columbian","Regular","454"
"650","California","West","Major Market","546.0","910.0","364.0","178.0","127.0","2617.0","520.0","450.0","680.0","1130.0","2","08/01/10 00:00:00","Coffee","Columbian","Regular","546"
"650","California","West","Major Market","548.0","904.0","364.0","166.0","127.0","2654.0","530.0","450.0","690.0","1140.0","2","07/01/11 00:00:00","Coffee","Columbian","Regular","540"
"650","California","West","Major Market","-26.0","118.0","144.0","91.0","47.0","862.0","-120.0","180.0","-40.0","140.0","3","01/01/10 00:00:00","Coffee","Decaf Irish Cream","Decaf","-26"
"650","California","West","Major Market","-27.0","127.0","154.0","94.0","50.0","1288.0","-120.0","190.0","-40.0","150.0","3","03/01/10 00:00:00","Coffee","Decaf Irish Cream","Decaf","-27"
"650","California","West","Major Market","-24.0","139.0","154.0","93.0","50.0","3654.0","-100.0","220.0","-30.0","190.0","3","10/01/11 00:00:00","Coffee","Decaf Irish Cream","Decaf","-15"
"650","California","West","Major Market","114.0","189.0","75.0","55.0","24.0","659.0","40.0","50.0","80.0","130.0","13","11/01/10 00:00:00","Tea","Green Tea","Regular","114"
"650","California","West","Major Market","108.0","201.0","72.0","57.0","23.0","558.0","50.0","40.0","80.0","120.0","13","01/01/11 00:00:00","Tea","Green Tea","Regular","129"
"650","California","West","Major Market","79.0","130.0","52.0","46.0","17.0","662.0","20.0","30.0","50.0","80.0","13","08/01/11 00:00:00","Tea","Green Tea","Regular","78"
"650","California","West","Major Market","201.0","342.0","144.0","153.0","131.0","874.0","50.0","130.0","200.0","330.0","5","06/01/11 00:00:00","Espresso","Caffe Mocha","Regular","198"
"650","California","West","Major Market","387.0","678.0","291.0","128.0","96.0","1742.0","260.0","270.0","380.0","650.0","6","07/01/10 00:00:00","Espresso","Decaf Espresso","Decaf","387"
"650","California","West","Major Market","139.0","262.0","95.0","39.0","26.0","821.0","100.0","80.0","120.0","200.0","8","01/01/11 00:00:00","Herbal Tea","Chamomile","Decaf","167"
"650","California","West","Major Market","307.0","567.0","260.0","102.0","80.0","1319.0","200.0","220.0","270.0","490.0","9","07/01/10 00:00:00","Herbal Tea","Lemon","Decaf","307"
"650","California","West","Major Market","107.0","213.0","83.0","42.0","27.0","623.0","60.0","70.0","90.0","160.0","10","01/01/11 00:00:00","Herbal Tea","Mint","Decaf","130"
"650","California","West","Major Market","80.0","134.0","54.0","26.0","15.0","456.0","60.0","30.0","60.0","90.0","12","01/01/10 00:00:00","Tea","Earl Grey","Regular","80"
"650","California","West","Major Market","73.0","123.0","50.0","26.0","14.0","589.0","40.0","30.0","50.0","80.0","12","11/01/10 00:00:00","Tea","Earl Grey","Regular","73"
"650","California","West","Major Market","118.0","212.0","81.0","34.0","22.0","588.0","70.0","50.0","80.0","130.0","12","09/01/11 00:00:00","Tea","Earl Grey","Regular","131"
"650","California","West","Major Market","261.0","516.0","260.0","89.0","72.0","1559.0","180.0","240.0","260.0","500.0","4","05/01/11 00:00:00","Espresso","Caffe Latte","Regular","256"
"660","Missouri","Central","Small Market","88.0","159.0","72.0","57.0","27.0","606.0","40.0","70.0","90.0","160.0","2","08/01/11 00:00:00","Coffee","Columbian","Regular","87"
"660","Missouri","Central","Small Market","91.0","167.0","76.0","44.0","23.0","965.0","50.0","80.0","90.0","170.0","3","04/01/10 00:00:00","Coffee","Decaf Irish Cream","Decaf","91"
"660","Missouri","Central","Small Market","80.0","148.0","68.0","42.0","21.0","998.0","40.0","70.0","80.0","150.0","3","05/01/10 00:00:00","Coffee","Decaf Irish Cream","Decaf","80"
"660","Missouri","Central","Small Market","77.0","142.0","65.0","42.0","20.0","1053.0","70.0","50.0","80.0","130.0","3","10/01/10 00:00:00","Coffee","Decaf Irish Cream","Decaf","77"
"660","Missouri","Central","Small Market","80.0","147.0","68.0","39.0","21.0","998.0","40.0","70.0","80.0","150.0","3","05/01/11 00:00:00","Coffee","Decaf Irish Cream","Decaf","79"
"660","Missouri","Central","Small Market","77.0","141.0","65.0","39.0","20.0","1042.0","50.0","60.0","80.0","140.0","3","06/01/11 00:00:00","Coffee","Decaf Irish Cream","Decaf","76"
"660","Missouri","Central","Small Market","49.0","94.0","39.0","47.0","14.0","250.0","0.0","30.0","40.0","70.0","13","12/01/11 00:00:00","Tea","Green Tea","Regular","55"
"660","Missouri","Central","Small Market","68.0","115.0","47.0","25.0","13.0","821.0","60.0","50.0","80.0","130.0","5","04/01/10 00:00:00","Espresso","Caffe Mocha","Regular","68"
"660","Missouri","Central","Small Market","55.0","92.0","37.0","22.0","10.0","876.0","40.0","40.0","60.0","100.0","5","06/01/10 00:00:00","Espresso","Caffe Mocha","Regular","55"
"660","Missouri","Central","Small Market","52.0","86.0","35.0","19.0","9.0","894.0","40.0","40.0","60.0","100.0","5","07/01/11 00:00:00","Espresso","Caffe Mocha","Regular","51"
"660","Missouri","Central","Small Market","68.0","114.0","46.0","23.0","12.0","777.0","60.0","50.0","80.0","130.0","6","01/01/10 00:00:00","Espresso","Decaf Espresso","Decaf","68"
"660","Missouri","Central","Small Market","70.0","118.0","48.0","25.0","13.0","766.0","60.0","50.0","80.0","130.0","6","03/01/10 00:00:00","Espresso","Decaf Espresso","Decaf","70"
"660","Missouri","Central","Small Market","47.0","79.0","32.0","19.0","8.0","833.0","80.0","30.0","80.0","110.0","6","10/01/10 00:00:00","Espresso","Decaf Espresso","Decaf","47"
"660","Missouri","Central","Small Market","58.0","96.0","39.0","20.0","10.0","799.0","50.0","40.0","70.0","110.0","6","05/01/11 00:00:00","Espresso","Decaf Espresso","Decaf","57"
"660","Missouri","Central","Small Market","73.0","125.0","52.0","77.0","47.0","313.0","20.0","40.0","70.0","110.0","8","06/01/10 00:00:00","Herbal Tea","Chamomile","Decaf","73"
"660","Missouri","Central","Small Market","40.0","133.0","93.0","52.0","28.0","840.0","10.0","70.0","40.0","110.0","9","04/01/10 00:00:00","Herbal Tea","Lemon","Decaf","40"
"660","Missouri","Central","Small Market","38.0","136.0","98.0","53.0","30.0","973.0","0.0","80.0","30.0","110.0","9","05/01/10 00:00:00","Herbal Tea","Lemon","Decaf","38"
"660","Missouri","Central","Small Market","11.0","115.0","104.0","55.0","32.0","1574.0","-10.0","80.0","20.0","100.0","9","09/01/10 00:00:00","Herbal Tea","Lemon","Decaf","11"
"660","Missouri","Central","Small Market","49.0","167.0","120.0","57.0","37.0","1334.0","0.0","100.0","40.0","140.0","9","07/01/11 00:00:00","Herbal Tea","Lemon","Decaf","47"
"660","Missouri","Central","Small Market","36.0","65.0","29.0","45.0","11.0","215.0","-10.0","20.0","30.0","50.0","12","08/01/10 00:00:00","Tea","Earl Grey","Regular","36"
"660","Missouri","Central","Small Market","36.0","73.0","29.0","47.0","11.0","169.0","-10.0","20.0","30.0","50.0","12","01/01/11 00:00:00","Tea","Earl Grey","Regular","44"
"660","Missouri","Central","Small Market","42.0","80.0","33.0","45.0","12.0","162.0","0.0","20.0","40.0","60.0","12","03/01/11 00:00:00","Tea","Earl Grey","Regular","47"
"660","Missouri","Central","Small Market","43.0","77.0","35.0","43.0","13.0","204.0","-10.0","30.0","30.0","60.0","12","06/01/11 00:00:00","Tea","Earl Grey","Regular","42"
"660","Missouri","Central","Small Market","30.0","58.0","24.0","42.0","9.0","212.0","-10.0","20.0","20.0","40.0","12","09/01/11 00:00:00","Tea","Earl Grey","Regular","34"
"661","California","West","Major Market","-67.0","86.0","154.0","66.0","49.0","1832.0","-150.0","190.0","-90.0","100.0","1","07/01/11 00:00:00","Coffee","Amaretto","Regular","-68"
"661","California","West","Major Market","362.0","628.0","272.0","113.0","89.0","1616.0","230.0","260.0","340.0","600.0","6","06/01/11 00:00:00","Espresso","Decaf Espresso","Decaf","356"
"661","California","West","Major Market","178.0","301.0","123.0","45.0","34.0","947.0","140.0","100.0","160.0","260.0","8","06/01/10 00:00:00","Herbal Tea","Chamomile","Decaf","178"
"661","California","West","Major Market","157.0","265.0","108.0","42.0","30.0","971.0","120.0","80.0","130.0","210.0","8","10/01/10 00:00:00","Herbal Tea","Chamomile","Decaf","157"
"661","California","West","Major Market","288.0","532.0","244.0","96.0","75.0","1213.0","190.0","200.0","260.0","460.0","9","06/01/10 00:00:00","Herbal Tea","Lemon","Decaf","288"
"661","California","West","Major Market","284.0","559.0","241.0","96.0","74.0","1321.0","170.0","220.0","260.0","480.0","9","12/01/11 00:00:00","Herbal Tea","Lemon","Decaf","318"
"661","California","West","Major Market","228.0","456.0","228.0","88.0","63.0","1459.0","150.0","210.0","220.0","430.0","4","01/01/10 00:00:00","Espresso","Caffe Latte","Regular","228"
"682","Texas","South","Major Market","245.0","506.0","207.0","90.0","64.0","965.0","220.0","260.0","300.0","560.0","2","01/01/11 00:00:00","Coffee","Columbian","Regular","299"
"682","Texas","South","Major Market","68.0","120.0","52.0","29.0","17.0","554.0","70.0","60.0","90.0","150.0","3","08/01/10 00:00:00","Coffee","Decaf Irish Cream","Decaf","68"
"682","Texas","South","Major Market","56.0","99.0","43.0","26.0","14.0","531.0","40.0","50.0","60.0","110.0","3","12/01/10 00:00:00","Coffee","Decaf Irish Cream","Decaf","56"
"682","Texas","South","Major Market","178.0","301.0","123.0","45.0","34.0","941.0","120.0","100.0","150.0","250.0","5","08/01/10 00:00:00","Espresso","Caffe Mocha","Regular","178"
"682","Texas","South","Major Market","72.0","133.0","53.0","45.0","17.0","410.0","40.0","50.0","70.0","120.0","8","09/01/11 00:00:00","Herbal Tea","Chamomile","Decaf","80"
"682","Texas","South","Major Market","79.0","130.0","52.0","46.0","17.0","-456.0","40.0","40.0","70.0","110.0","4","07/01/11 00:00:00","Espresso","Caffe Latte","Regular","78"
"682","Texas","South","Major Market","110.0","194.0","72.0","55.0","23.0","-868.0","50.0","40.0","70.0","110.0","4","10/01/11 00:00:00","Espresso","Caffe Latte","Regular","122"
"702","Nevada","West","Small Market","42.0","76.0","34.0","45.0","12.0","197.0","10.0","40.0","50.0","90.0","2","01/01/10 00:00:00","Coffee","Columbian","Regular","42"
"702","Nevada","West","Small Market","42.0","75.0","33.0","46.0","12.0","190.0","10.0","40.0","50.0","90.0","2","03/01/10 00:00:00","Coffee","Columbian","Regular","42"
"702","Nevada","West","Small Market","45.0","81.0","36.0","46.0","13.0","212.0","20.0","40.0","60.0","100.0","2","05/01/10 00:00:00","Coffee","Columbian","Regular","45"
"702","Nevada","West","Small Market","46.0","82.0","36.0","46.0","13.0","236.0","20.0","40.0","60.0","100.0","2","06/01/10 00:00:00","Coffee","Columbian","Regular","46"
"702","Nevada","West","Small Market","48.0","86.0","38.0","47.0","14.0","248.0","20.0","40.0","60.0","100.0","2","08/01/10 00:00:00","Coffee","Columbian","Regular","48"
"702","Nevada","West","Small Market","51.0","91.0","40.0","49.0","15.0","244.0","20.0","50.0","60.0","110.0","2","09/01/10 00:00:00","Coffee","Columbian","Regular","51"
"702","Nevada","West","Small Market","41.0","79.0","33.0","46.0","12.0","193.0","10.0","40.0","50.0","90.0","2","02/01/11 00:00:00","Coffee","Columbian","Regular","46"
"702","Nevada","West","Small Market","42.0","80.0","33.0","46.0","12.0","190.0","10.0","40.0","50.0","90.0","2","03/01/11 00:00:00","Coffee","Columbian","Regular","47"
"702","Nevada","West","Small Market","44.0","84.0","35.0","46.0","13.0","197.0","10.0","40.0","50.0","90.0","2","04/01/11 00:00:00","Coffee","Columbian","Regular","49"
"702","Nevada","West","Small Market","45.0","80.0","36.0","43.0","13.0","212.0","20.0","40.0","60.0","100.0","2","05/01/11 00:00:00","Coffee","Columbian","Regular","44"
"702","Nevada","West","Small Market","46.0","81.0","36.0","43.0","13.0","236.0","20.0","40.0","60.0","100.0","2","06/01/11 00:00:00","Coffee","Columbian","Regular","45"
"702","Nevada","West","Small Market","43.0","82.0","34.0","45.0","12.0","240.0","30.0","40.0","60.0","100.0","2","10/01/11 00:00:00","Coffee","Columbian","Regular","48"
"702","Nevada","West","Small Market","49.0","94.0","39.0","48.0","14.0","250.0","20.0","40.0","60.0","100.0","2","12/01/11 00:00:00","Coffee","Columbian","Regular","55"
"702","Nevada","West","Small Market","35.0","63.0","28.0","29.0","8.0","961.0","20.0","30.0","40.0","70.0","3","02/01/10 00:00:00","Coffee","Decaf Irish Cream","Decaf","35"
"702","Nevada","West","Small Market","35.0","63.0","28.0","29.0","8.0","958.0","20.0","30.0","40.0","70.0","3","03/01/10 00:00:00","Coffee","Decaf Irish Cream","Decaf","35"
"702","Nevada","West","Small Market","49.0","90.0","41.0","33.0","12.0","1007.0","30.0","50.0","60.0","110.0","3","08/01/10 00:00:00","Coffee","Decaf Irish Cream","Decaf","49"
"702","Nevada","West","Small Market","39.0","72.0","33.0","32.0","10.0","1003.0","30.0","40.0","50.0","90.0","3","09/01/10 00:00:00","Coffee","Decaf Irish Cream","Decaf","39"
"702","Nevada","West","Small Market","38.0","69.0","31.0","30.0","9.0","1009.0","30.0","30.0","50.0","80.0","3","12/01/10 00:00:00","Coffee","Decaf Irish Cream","Decaf","38"
"702","Nevada","West","Small Market","34.0","69.0","28.0","32.0","8.0","965.0","20.0","30.0","40.0","70.0","3","01/01/11 00:00:00","Coffee","Decaf Irish Cream","Decaf","41"
"702","Nevada","West","Small Market","33.0","65.0","28.0","29.0","8.0","964.0","20.0","30.0","40.0","70.0","3","04/01/11 00:00:00","Coffee","Decaf Irish Cream","Decaf","37"
"702","Nevada","West","Small Market","38.0","69.0","32.0","28.0","9.0","996.0","20.0","40.0","40.0","80.0","3","06/01/11 00:00:00","Coffee","Decaf Irish Cream","Decaf","37"
"702","Nevada","West","Small Market","41.0","74.0","34.0","30.0","10.0","1010.0","30.0","40.0","50.0","90.0","3","07/01/11 00:00:00","Coffee","Decaf Irish Cream","Decaf","40"
"702","Nevada","West","Small Market","49.0","89.0","41.0","31.0","12.0","1007.0","30.0","50.0","60.0","110.0","3","08/01/11 00:00:00","Coffee","Decaf Irish Cream","Decaf","48"
"702","Nevada","West","Small Market","39.0","77.0","33.0","32.0","10.0","1003.0","30.0","40.0","50.0","90.0","3","09/01/11 00:00:00","Coffee","Decaf Irish Cream","Decaf","44"
"702","Nevada","West","Small Market","35.0","68.0","29.0","30.0","8.0","1003.0","20.0","30.0","40.0","70.0","3","11/01/11 00:00:00","Coffee","Decaf Irish Cream","Decaf","39"
"702","Nevada","West","Small Market","-245.0","17.0","245.0","126.0","93.0","1419.0","-240.0","160.0","-160.0","0.0","13","01/01/10 00:00:00","Tea","Green Tea","Regular","-228"
"702","Nevada","West","Small Market","-240.0","23.0","240.0","125.0","91.0","1937.0","-220.0","150.0","-150.0","0.0","13","02/01/10 00:00:00","Tea","Green Tea","Regular","-217"
"702","Nevada","West","Small Market","-260.0","26.0","260.0","131.0","98.0","3049.0","-250.0","170.0","-170.0","0.0","13","04/01/10 00:00:00","Tea","Green Tea","Regular","-234"
"702","Nevada","West","Small Market","-265.0","18.0","265.0","133.0","100.0","3742.0","-250.0","170.0","-170.0","0.0","13","05/01/10 00:00:00","Tea","Green Tea","Regular","-247"
"702","Nevada","West","Small Market","-271.0","37.0","271.0","135.0","102.0","4507.0","-250.0","170.0","-170.0","0.0","13","06/01/10 00:00:00","Tea","Green Tea","Regular","-234"
"702","Nevada","West","Small Market","-270.0","27.0","270.0","135.0","102.0","5230.0","-250.0","170.0","-170.0","0.0","13","07/01/10 00:00:00","Tea","Green Tea","Regular","-243"
"702","Nevada","West","Small Market","-255.0","21.0","255.0","129.0","96.0","7058.0","-170.0","110.0","-110.0","0.0","13","10/01/10 00:00:00","Tea","Green Tea","Regular","-234"
"702","Nevada","West","Small Market","-245.0","32.0","245.0","127.0","93.0","7653.0","-280.0","180.0","-180.0","0.0","13","11/01/10 00:00:00","Tea","Green Tea","Regular","-213"
"702","Nevada","West","Small Market","-260.0","28.0","260.0","131.0","98.0","3049.0","-250.0","170.0","-170.0","0.0","13","04/01/11 00:00:00","Tea","Green Tea","Regular","-232"
"702","Nevada","West","Small Market","-265.0","18.0","265.0","124.0","100.0","3742.0","-250.0","170.0","-170.0","0.0","13","05/01/11 00:00:00","Tea","Green Tea","Regular","-247"
"702","Nevada","West","Small Market","-255.0","22.0","255.0","129.0","96.0","7058.0","-170.0","110.0","-110.0","0.0","13","10/01/11 00:00:00","Tea","Green Tea","Regular","-233"
"702","Nevada","West","Small Market","27.0","45.0","18.0","17.0","5.0","821.0","20.0","10.0","30.0","40.0","5","01/01/10 00:00:00","Espresso","Caffe Mocha","Regular","27"
"702","Nevada","West","Small Market","28.0","47.0","19.0","17.0","5.0","820.0","20.0","10.0","30.0","40.0","5","04/01/10 00:00:00","Espresso","Caffe Mocha","Regular","28"
"702","Nevada","West","Small Market","31.0","52.0","21.0","17.0","5.0","846.0","20.0","10.0","20.0","30.0","5","10/01/10 00:00:00","Espresso","Caffe Mocha","Regular","31"
"702","Nevada","West","Small Market","27.0","48.0","18.0","17.0","5.0","816.0","20.0","10.0","30.0","40.0","5","03/01/11 00:00:00","Espresso","Caffe Mocha","Regular","30"
"702","Nevada","West","Small Market","28.0","50.0","19.0","17.0","5.0","820.0","20.0","10.0","30.0","40.0","5","04/01/11 00:00:00","Espresso","Caffe Mocha","Regular","31"
"702","Nevada","West","Small Market","35.0","57.0","23.0","16.0","6.0","843.0","20.0","20.0","30.0","50.0","5","06/01/11 00:00:00","Espresso","Caffe Mocha","Regular","34"
"702","Nevada","West","Small Market","36.0","60.0","25.0","18.0","7.0","854.0","20.0","20.0","30.0","50.0","5","07/01/11 00:00:00","Espresso","Caffe Mocha","Regular","35"
"702","Nevada","West","Small Market","38.0","62.0","25.0","18.0","7.0","851.0","30.0","20.0","40.0","60.0","5","08/01/11 00:00:00","Espresso","Caffe Mocha","Regular","37"
"702","Nevada","West","Small Market","29.0","51.0","19.0","17.0","5.0","848.0","20.0","10.0","30.0","40.0","5","09/01/11 00:00:00","Espresso","Caffe Mocha","Regular","32"
"702","Nevada","West","Small Market","32.0","53.0","21.0","17.0","5.0","798.0","20.0","20.0","30.0","50.0","6","06/01/10 00:00:00","Espresso","Decaf Espresso","Decaf","32"
"702","Nevada","West","Small Market","29.0","49.0","20.0","17.0","5.0","808.0","20.0","10.0","30.0","40.0","6","07/01/10 00:00:00","Espresso","Decaf Espresso","Decaf","29"
"702","Nevada","West","Small Market","35.0","58.0","23.0","18.0","6.0","806.0","20.0","20.0","30.0","50.0","6","08/01/10 00:00:00","Espresso","Decaf Espresso","Decaf","35"
"702","Nevada","West","Small Market","35.0","58.0","23.0","18.0","6.0","803.0","20.0","20.0","30.0","50.0","6","09/01/10 00:00:00","Espresso","Decaf Espresso","Decaf","35"
"702","Nevada","West","Small Market","35.0","58.0","23.0","18.0","6.0","800.0","30.0","10.0","30.0","40.0","6","10/01/10 00:00:00","Espresso","Decaf Espresso","Decaf","35"
"702","Nevada","West","Small Market","35.0","58.0","23.0","18.0","6.0","807.0","20.0","20.0","30.0","50.0","6","12/01/10 00:00:00","Espresso","Decaf Espresso","Decaf","35"
"702","Nevada","West","Small Market","26.0","48.0","17.0","16.0","4.0","777.0","20.0","10.0","30.0","40.0","6","01/01/11 00:00:00","Espresso","Decaf Espresso","Decaf","31"
"702","Nevada","West","Small Market","28.0","50.0","19.0","17.0","5.0","774.0","20.0","10.0","30.0","40.0","6","02/01/11 00:00:00","Espresso","Decaf Espresso","Decaf","31"
"702","Nevada","West","Small Market","29.0","49.0","20.0","15.0","5.0","784.0","20.0","10.0","30.0","40.0","6","05/01/11 00:00:00","Espresso","Decaf Espresso","Decaf","29"
"702","Nevada","West","Small Market","145.0","250.0","105.0","129.0","95.0","725.0","30.0","90.0","130.0","220.0","8","01/01/10 00:00:00","Herbal Tea","Chamomile","Decaf","145"
"702","Nevada","West","Small Market","169.0","290.0","121.0","143.0","110.0","910.0","40.0","100.0","150.0","250.0","8","09/01/10 00:00:00","Herbal Tea","Chamomile","Decaf","169"
"702","Nevada","West","Small Market","187.0","322.0","135.0","155.0","122.0","940.0","30.0","120.0","170.0","290.0","8","12/01/10 00:00:00","Herbal Tea","Chamomile","Decaf","187"
"702","Nevada","West","Small Market","169.0","309.0","121.0","143.0","110.0","712.0","40.0","100.0","150.0","250.0","8","02/01/11 00:00:00","Herbal Tea","Chamomile","Decaf","188"
"702","Nevada","West","Small Market","225.0","384.0","162.0","167.0","147.0","943.0","70.0","130.0","210.0","340.0","8","07/01/11 00:00:00","Herbal Tea","Chamomile","Decaf","222"
"702","Nevada","West","Small Market","239.0","408.0","173.0","177.0","156.0","927.0","70.0","140.0","220.0","360.0","8","08/01/11 00:00:00","Herbal Tea","Chamomile","Decaf","235"
"702","Nevada","West","Small Market","169.0","309.0","121.0","143.0","110.0","910.0","40.0","100.0","150.0","250.0","8","09/01/11 00:00:00","Herbal Tea","Chamomile","Decaf","188"
"702","Nevada","West","Small Market","173.0","318.0","125.0","147.0","113.0","898.0","60.0","90.0","150.0","240.0","8","10/01/11 00:00:00","Herbal Tea","Chamomile","Decaf","193"
"702","Nevada","West","Small Market","168.0","308.0","121.0","142.0","109.0","912.0","20.0","110.0","150.0","260.0","8","11/01/11 00:00:00","Herbal Tea","Chamomile","Decaf","187"
"702","Nevada","West","Small Market","187.0","343.0","135.0","155.0","122.0","940.0","30.0","120.0","170.0","290.0","8","12/01/11 00:00:00","Herbal Tea","Chamomile","Decaf","208"
"702","Nevada","West","Small Market","213.0","367.0","154.0","94.0","50.0","829.0","120.0","130.0","190.0","320.0","9","03/01/10 00:00:00","Herbal Tea","Lemon","Decaf","213"
"702","Nevada","West","Small Market","278.0","478.0","200.0","112.0","66.0","1095.0","170.0","170.0","250.0","420.0","9","06/01/10 00:00:00","Herbal Tea","Lemon","Decaf","278"
"702","Nevada","West","Small Market","225.0","387.0","162.0","96.0","53.0","1148.0","140.0","130.0","210.0","340.0","9","09/01/10 00:00:00","Herbal Tea","Lemon","Decaf","225"
"702","Nevada","West","Small Market","213.0","367.0","154.0","93.0","50.0","1132.0","120.0","120.0","170.0","290.0","9","10/01/10 00:00:00","Herbal Tea","Lemon","Decaf","213"
"702","Nevada","West","Small Market","239.0","412.0","173.0","101.0","57.0","1150.0","130.0","160.0","220.0","380.0","9","11/01/10 00:00:00","Herbal Tea","Lemon","Decaf","239"
"702","Nevada","West","Small Market","213.0","391.0","154.0","94.0","50.0","829.0","120.0","130.0","190.0","320.0","9","03/01/11 00:00:00","Herbal Tea","Lemon","Decaf","237"
"702","Nevada","West","Small Market","265.0","486.0","191.0","109.0","63.0","865.0","160.0","160.0","240.0","400.0","9","04/01/11 00:00:00","Herbal Tea","Lemon","Decaf","295"
"702","Nevada","West","Small Market","270.0","461.0","195.0","102.0","64.0","956.0","160.0","160.0","240.0","400.0","9","05/01/11 00:00:00","Herbal Tea","Lemon","Decaf","266"
"702","Nevada","West","Small Market","278.0","474.0","200.0","104.0","66.0","1095.0","170.0","170.0","250.0","420.0","9","06/01/11 00:00:00","Herbal Tea","Lemon","Decaf","274"
"702","Nevada","West","Small Market","329.0","562.0","238.0","113.0","78.0","1190.0","200.0","200.0","290.0","490.0","9","07/01/11 00:00:00","Herbal Tea","Lemon","Decaf","324"
"702","Nevada","West","Small Market","225.0","412.0","162.0","96.0","53.0","1148.0","140.0","130.0","210.0","340.0","9","09/01/11 00:00:00","Herbal Tea","Lemon","Decaf","250"
"702","Nevada","West","Small Market","239.0","439.0","173.0","101.0","57.0","1150.0","130.0","160.0","220.0","380.0","9","11/01/11 00:00:00","Herbal Tea","Lemon","Decaf","266"
"702","Nevada","West","Small Market","310.0","569.0","224.0","116.0","73.0","1191.0","170.0","210.0","280.0","490.0","9","12/01/11 00:00:00","Herbal Tea","Lemon","Decaf","345"
"702","Nevada","West","Small Market","139.0","234.0","95.0","53.0","30.0","608.0","90.0","80.0","120.0","200.0","10","01/01/10 00:00:00","Herbal Tea","Mint","Decaf","139"
"702","Nevada","West","Small Market","150.0","254.0","104.0","56.0","33.0","596.0","110.0","80.0","140.0","220.0","10","02/01/10 00:00:00","Herbal Tea","Mint","Decaf","150"
"702","Nevada","West","Small Market","158.0","267.0","109.0","56.0","34.0","585.0","110.0","90.0","140.0","230.0","10","03/01/10 00:00:00","Herbal Tea","Mint","Decaf","158"
"702","Nevada","West","Small Market","178.0","301.0","123.0","63.0","39.0","611.0","110.0","100.0","160.0","260.0","10","04/01/10 00:00:00","Herbal Tea","Mint","Decaf","178"
"702","Nevada","West","Small Market","222.0","376.0","154.0","72.0","49.0","817.0","150.0","130.0","200.0","330.0","10","08/01/10 00:00:00","Herbal Tea","Mint","Decaf","222"
"702","Nevada","West","Small Market","176.0","298.0","122.0","62.0","39.0","789.0","130.0","90.0","150.0","240.0","10","10/01/10 00:00:00","Herbal Tea","Mint","Decaf","176"
"702","Nevada","West","Small Market","165.0","278.0","113.0","58.0","36.0","803.0","100.0","100.0","150.0","250.0","10","11/01/10 00:00:00","Herbal Tea","Mint","Decaf","165"
"702","Nevada","West","Small Market","185.0","309.0","127.0","60.0","40.0","671.0","120.0","100.0","170.0","270.0","10","05/01/11 00:00:00","Herbal Tea","Mint","Decaf","182"
"702","Nevada","West","Small Market","222.0","373.0","154.0","67.0","49.0","833.0","150.0","130.0","200.0","330.0","10","07/01/11 00:00:00","Herbal Tea","Mint","Decaf","219"
"702","Nevada","West","Small Market","176.0","318.0","122.0","61.0","39.0","801.0","120.0","100.0","160.0","260.0","10","09/01/11 00:00:00","Herbal Tea","Mint","Decaf","196"
"702","Nevada","West","Small Market","324.0","567.0","243.0","112.0","80.0","1260.0","150.0","160.0","220.0","380.0","11","03/01/10 00:00:00","Tea","Darjeeling","Regular","324"
"702","Nevada","West","Small Market","335.0","587.0","252.0","116.0","83.0","1316.0","160.0","160.0","230.0","390.0","11","04/01/10 00:00:00","Tea","Darjeeling","Regular","335"
"702","Nevada","West","Small Market","349.0","612.0","263.0","118.0","86.0","1433.0","170.0","170.0","240.0","410.0","11","05/01/10 00:00:00","Tea","Darjeeling","Regular","349"
"702","Nevada","West","Small Market","387.0","678.0","291.0","129.0","96.0","1742.0","190.0","190.0","270.0","460.0","11","07/01/10 00:00:00","Tea","Darjeeling","Regular","387"
"702","Nevada","West","Small Market","392.0","687.0","295.0","130.0","97.0","1714.0","190.0","190.0","270.0","460.0","11","08/01/10 00:00:00","Tea","Darjeeling","Regular","392"
"702","Nevada","West","Small Market","336.0","589.0","253.0","115.0","83.0","1686.0","170.0","160.0","240.0","400.0","11","09/01/10 00:00:00","Tea","Darjeeling","Regular","336"
"702","Nevada","West","Small Market","341.0","598.0","257.0","117.0","84.0","1662.0","130.0","110.0","180.0","290.0","11","10/01/10 00:00:00","Tea","Darjeeling","Regular","341"
"702","Nevada","West","Small Market","304.0","532.0","228.0","108.0","75.0","1691.0","140.0","160.0","220.0","380.0","11","11/01/10 00:00:00","Tea","Darjeeling","Regular","304"
"702","Nevada","West","Small Market","329.0","576.0","247.0","114.0","81.0","1744.0","150.0","180.0","240.0","420.0","11","12/01/10 00:00:00","Tea","Darjeeling","Regular","329"
"702","Nevada","West","Small Market","312.0","611.0","234.0","114.0","77.0","1310.0","150.0","150.0","220.0","370.0","11","01/01/11 00:00:00","Tea","Darjeeling","Regular","377"
"702","Nevada","West","Small Market","311.0","581.0","234.0","109.0","77.0","1282.0","150.0","150.0","220.0","370.0","11","02/01/11 00:00:00","Tea","Darjeeling","Regular","347"
"702","Nevada","West","Small Market","324.0","604.0","243.0","112.0","80.0","1260.0","150.0","160.0","220.0","380.0","11","03/01/11 00:00:00","Tea","Darjeeling","Regular","361"
"702","Nevada","West","Small Market","335.0","626.0","252.0","116.0","83.0","1316.0","160.0","160.0","230.0","390.0","11","04/01/11 00:00:00","Tea","Darjeeling","Regular","374"
"702","Nevada","West","Small Market","362.0","628.0","272.0","113.0","89.0","1616.0","190.0","170.0","260.0","430.0","11","06/01/11 00:00:00","Tea","Darjeeling","Regular","356"
"702","Nevada","West","Small Market","387.0","672.0","291.0","120.0","96.0","1742.0","190.0","190.0","270.0","460.0","11","07/01/11 00:00:00","Tea","Darjeeling","Regular","381"
"702","Nevada","West","Small Market","392.0","681.0","295.0","121.0","97.0","1714.0","190.0","190.0","270.0","460.0","11","08/01/11 00:00:00","Tea","Darjeeling","Regular","386"
"702","Nevada","West","Small Market","229.0","457.0","228.0","87.0","63.0","1436.0","100.0","150.0","160.0","310.0","12","02/01/10 00:00:00","Tea","Earl Grey","Regular","229"
"702","Nevada","West","Small Market","239.0","478.0","239.0","91.0","66.0","1417.0","110.0","150.0","170.0","320.0","12","03/01/10 00:00:00","Tea","Earl Grey","Regular","239"
"702","Nevada","West","Small Market","261.0","521.0","260.0","96.0","72.0","1715.0","120.0","170.0","180.0","350.0","12","06/01/10 00:00:00","Tea","Earl Grey","Regular","261"
"702","Nevada","West","Small Market","249.0","498.0","249.0","93.0","69.0","1775.0","110.0","160.0","170.0","330.0","12","09/01/10 00:00:00","Tea","Earl Grey","Regular","249"
"702","Nevada","West","Small Market","212.0","423.0","211.0","84.0","59.0","1778.0","80.0","150.0","150.0","300.0","12","11/01/10 00:00:00","Tea","Earl Grey","Regular","212"
"702","Nevada","West","Small Market","251.0","501.0","250.0","94.0","70.0","1820.0","100.0","180.0","180.0","360.0","12","12/01/10 00:00:00","Tea","Earl Grey","Regular","251"
"702","Nevada","West","Small Market","266.0","527.0","266.0","91.0","74.0","1819.0","130.0","170.0","190.0","360.0","12","07/01/11 00:00:00","Tea","Earl Grey","Regular","261"
"702","Nevada","West","Small Market","266.0","527.0","266.0","92.0","74.0","1797.0","130.0","170.0","190.0","360.0","12","08/01/11 00:00:00","Tea","Earl Grey","Regular","261"
"702","Nevada","West","Small Market","212.0","451.0","211.0","84.0","59.0","1778.0","80.0","150.0","150.0","300.0","12","11/01/11 00:00:00","Tea","Earl Grey","Regular","240"
"702","Nevada","West","Small Market","43.0","43.0","0.0","12.0","0.0","774.0","30.0","0.0","40.0","40.0","4","02/01/10 00:00:00","Espresso","Caffe Latte","Regular","43"
"702","Nevada","West","Small Market","43.0","43.0","0.0","11.0","0.0","559.0","30.0","0.0","40.0","40.0","4","07/01/10 00:00:00","Espresso","Caffe Latte","Regular","43"
"702","Nevada","West","Small Market","43.0","43.0","0.0","11.0","0.0","516.0","30.0","0.0","40.0","40.0","4","08/01/10 00:00:00","Espresso","Caffe Latte","Regular","43"
"702","Nevada","West","Small Market","43.0","43.0","0.0","11.0","0.0","473.0","30.0","0.0","40.0","40.0","4","09/01/10 00:00:00","Espresso","Caffe Latte","Regular","43"
"702","Nevada","West","Small Market","43.0","43.0","0.0","11.0","0.0","430.0","30.0","0.0","30.0","30.0","4","10/01/10 00:00:00","Espresso","Caffe Latte","Regular","43"
"702","Nevada","West","Small Market","43.0","43.0","0.0","12.0","0.0","344.0","30.0","0.0","40.0","40.0","4","12/01/10 00:00:00","Espresso","Caffe Latte","Regular","43"
"702","Nevada","West","Small Market","26.0","48.0","17.0","16.0","4.0","777.0","20.0","10.0","30.0","40.0","4","01/01/11 00:00:00","Espresso","Caffe Latte","Regular","31"
"702","Nevada","West","Small Market","43.0","46.0","0.0","11.0","0.0","430.0","30.0","0.0","30.0","30.0","4","10/01/11 00:00:00","Espresso","Caffe Latte","Regular","46"
"707","California","West","Major Market","-45.0","96.0","141.0","68.0","45.0","1514.0","-110.0","170.0","-50.0","120.0","1","06/01/10 00:00:00","Coffee","Amaretto","Regular","-45"
"707","California","West","Major Market","405.0","675.0","270.0","146.0","94.0","2041.0","370.0","340.0","500.0","840.0","2","03/01/10 00:00:00","Coffee","Columbian","Regular","405"
"707","California","West","Major Market","548.0","912.0","364.0","178.0","127.0","2654.0","530.0","450.0","690.0","1140.0","2","07/01/10 00:00:00","Coffee","Columbian","Regular","548"
"707","California","West","Major Market","420.0","699.0","279.0","149.0","97.0","2642.0","350.0","330.0","500.0","830.0","2","12/01/10 00:00:00","Coffee","Columbian","Regular","420"
"707","California","West","Major Market","454.0","749.0","302.0","148.0","105.0","2250.0","410.0","380.0","560.0","940.0","2","05/01/11 00:00:00","Coffee","Columbian","Regular","447"
"707","California","West","Major Market","-36.0","202.0","238.0","121.0","78.0","2797.0","-150.0","290.0","-40.0","250.0","3","07/01/10 00:00:00","Coffee","Decaf Irish Cream","Decaf","-36"
"707","California","West","Major Market","168.0","286.0","121.0","133.0","109.0","788.0","30.0","110.0","160.0","270.0","5","05/01/11 00:00:00","Espresso","Caffe Mocha","Regular","165"
"707","California","West","Major Market","392.0","687.0","295.0","130.0","97.0","1714.0","250.0","280.0","370.0","650.0","6","08/01/10 00:00:00","Espresso","Decaf Espresso","Decaf","392"
"707","California","West","Major Market","304.0","532.0","228.0","107.0","75.0","1691.0","190.0","220.0","290.0","510.0","6","11/01/10 00:00:00","Espresso","Decaf Espresso","Decaf","304"
"707","California","West","Major Market","311.0","581.0","234.0","109.0","77.0","1282.0","200.0","220.0","300.0","520.0","6","02/01/11 00:00:00","Espresso","Decaf Espresso","Decaf","347"
"707","California","West","Major Market","247.0","456.0","209.0","85.0","64.0","969.0","170.0","170.0","230.0","400.0","9","04/01/10 00:00:00","Herbal Tea","Lemon","Decaf","247"
"707","California","West","Major Market","107.0","190.0","83.0","40.0","27.0","623.0","60.0","70.0","90.0","160.0","10","01/01/10 00:00:00","Herbal Tea","Mint","Decaf","107"
"707","California","West","Major Market","52.0","92.0","40.0","25.0","13.0","536.0","30.0","30.0","50.0","80.0","10","11/01/10 00:00:00","Herbal Tea","Mint","Decaf","52"
"707","California","West","Major Market","80.0","150.0","54.0","27.0","15.0","456.0","60.0","30.0","60.0","90.0","12","01/01/11 00:00:00","Tea","Earl Grey","Regular","96"
"707","California","West","Major Market","112.0","201.0","77.0","32.0","21.0","449.0","60.0","50.0","70.0","120.0","12","02/01/11 00:00:00","Tea","Earl Grey","Regular","124"
"707","California","West","Major Market","117.0","211.0","81.0","34.0","22.0","460.0","70.0","50.0","80.0","130.0","12","04/01/11 00:00:00","Tea","Earl Grey","Regular","130"
"707","California","West","Major Market","136.0","228.0","94.0","35.0","26.0","608.0","80.0","60.0","90.0","150.0","12","07/01/11 00:00:00","Tea","Earl Grey","Regular","134"
"707","California","West","Major Market","261.0","521.0","260.0","96.0","72.0","1715.0","180.0","240.0","260.0","500.0","4","06/01/10 00:00:00","Espresso","Caffe Latte","Regular","261"
"708","Illinois","Central","Major Market","176.0","298.0","122.0","61.0","39.0","801.0","140.0","120.0","190.0","310.0","3","09/01/10 00:00:00","Coffee","Decaf Irish Cream","Decaf","176"
"708","Illinois","Central","Major Market","311.0","545.0","234.0","110.0","77.0","1282.0","260.0","270.0","370.0","640.0","5","02/01/10 00:00:00","Espresso","Caffe Mocha","Regular","311"
"708","Illinois","Central","Major Market","329.0","614.0","247.0","113.0","81.0","1744.0","320.0","310.0","420.0","730.0","5","12/01/11 00:00:00","Espresso","Caffe Mocha","Regular","367"
"708","Illinois","Central","Major Market","179.0","302.0","123.0","46.0","34.0","928.0","140.0","100.0","160.0","260.0","8","09/01/10 00:00:00","Herbal Tea","Chamomile","Decaf","179"
"708","Illinois","Central","Major Market","179.0","302.0","123.0","46.0","34.0","915.0","140.0","90.0","150.0","240.0","8","10/01/10 00:00:00","Herbal Tea","Chamomile","Decaf","179"
"708","Illinois","Central","Major Market","152.0","254.0","104.0","38.0","29.0","952.0","120.0","80.0","140.0","220.0","8","07/01/11 00:00:00","Herbal Tea","Chamomile","Decaf","150"
"708","Illinois","Central","Major Market","179.0","322.0","123.0","46.0","34.0","915.0","140.0","90.0","150.0","240.0","8","10/01/11 00:00:00","Herbal Tea","Chamomile","Decaf","199"
"708","Illinois","Central","Major Market","172.0","309.0","118.0","45.0","33.0","930.0","110.0","110.0","150.0","260.0","8","11/01/11 00:00:00","Herbal Tea","Chamomile","Decaf","191"
"708","Illinois","Central","Major Market","100.0","190.0","78.0","38.0","25.0","593.0","60.0","60.0","90.0","150.0","9","04/01/11 00:00:00","Herbal Tea","Lemon","Decaf","112"
"708","Illinois","Central","Major Market","117.0","211.0","81.0","33.0","22.0","984.0","80.0","70.0","110.0","180.0","10","11/01/11 00:00:00","Herbal Tea","Mint","Decaf","130"
"708","Illinois","Central","Major Market","112.0","201.0","77.0","33.0","21.0","449.0","80.0","60.0","100.0","160.0","11","02/01/11 00:00:00","Tea","Darjeeling","Regular","124"
"708","Illinois","Central","Major Market","117.0","211.0","81.0","33.0","22.0","441.0","80.0","60.0","110.0","170.0","11","03/01/11 00:00:00","Tea","Darjeeling","Regular","130"
"708","Illinois","Central","Major Market","73.0","131.0","50.0","25.0","14.0","589.0","40.0","40.0","60.0","100.0","11","11/01/11 00:00:00","Tea","Darjeeling","Regular","81"
"708","Illinois","Central","Major Market","108.0","180.0","72.0","54.0","23.0","558.0","40.0","60.0","90.0","150.0","12","01/01/10 00:00:00","Tea","Earl Grey","Regular","108"
"708","Illinois","Central","Major Market","114.0","201.0","75.0","55.0","24.0","549.0","50.0","60.0","100.0","160.0","12","02/01/11 00:00:00","Tea","Earl Grey","Regular","126"
"708","Illinois","Central","Major Market","101.0","179.0","67.0","54.0","22.0","677.0","40.0","50.0","80.0","130.0","12","12/01/11 00:00:00","Tea","Earl Grey","Regular","112"
"712","Iowa","Central","Small Market","27.0","45.0","18.0","17.0","5.0","818.0","20.0","10.0","30.0","40.0","1","02/01/10 00:00:00","Coffee","Amaretto","Regular","27"
"712","Iowa","Central","Small Market","27.0","45.0","18.0","17.0","5.0","816.0","20.0","10.0","30.0","40.0","1","03/01/10 00:00:00","Coffee","Amaretto","Regular","27"
"712","Iowa","Central","Small Market","29.0","49.0","20.0","17.0","5.0","829.0","20.0","20.0","30.0","50.0","1","05/01/10 00:00:00","Coffee","Amaretto","Regular","29"
"712","Iowa","Central","Small Market","27.0","48.0","18.0","17.0","5.0","816.0","20.0","10.0","30.0","40.0","1","03/01/11 00:00:00","Coffee","Amaretto","Regular","30"
"712","Iowa","Central","Small Market","36.0","60.0","25.0","18.0","7.0","854.0","30.0","20.0","40.0","60.0","1","07/01/11 00:00:00","Coffee","Amaretto","Regular","35"
"712","Iowa","Central","Small Market","24.0","42.0","15.0","16.0","4.0","848.0","10.0","10.0","20.0","30.0","1","11/01/11 00:00:00","Coffee","Amaretto","Regular","27"
"712","Iowa","Central","Small Market","41.0","75.0","34.0","32.0","10.0","1010.0","20.0","30.0","40.0","70.0","2","07/01/10 00:00:00","Coffee","Columbian","Regular","41"
"712","Iowa","Central","Small Market","37.0","67.0","31.0","28.0","9.0","976.0","20.0","30.0","40.0","70.0","2","05/01/11 00:00:00","Coffee","Columbian","Regular","36"
"712","Iowa","Central","Small Market","31.0","54.0","23.0","19.0","7.0","623.0","20.0","20.0","30.0","50.0","3","01/01/10 00:00:00","Coffee","Decaf Irish Cream","Decaf","31"
"712","Iowa","Central","Small Market","31.0","54.0","23.0","19.0","7.0","620.0","20.0","20.0","30.0","50.0","3","02/01/10 00:00:00","Coffee","Decaf Irish Cream","Decaf","31"
"712","Iowa","Central","Small Market","30.0","52.0","22.0","19.0","7.0","608.0","20.0","20.0","30.0","50.0","3","06/01/10 00:00:00","Coffee","Decaf Irish Cream","Decaf","30"
"712","Iowa","Central","Small Market","31.0","54.0","23.0","19.0","7.0","605.0","20.0","20.0","30.0","50.0","3","07/01/10 00:00:00","Coffee","Decaf Irish Cream","Decaf","31"
"712","Iowa","Central","Small Market","31.0","54.0","23.0","18.0","7.0","605.0","20.0","20.0","30.0","50.0","3","07/01/11 00:00:00","Coffee","Decaf Irish Cream","Decaf","31"
"712","Iowa","Central","Small Market","14.0","26.0","10.0","15.0","3.0","594.0","10.0","0.0","20.0","20.0","3","12/01/11 00:00:00","Coffee","Decaf Irish Cream","Decaf","16"
"712","Iowa","Central","Small Market","25.0","41.0","16.0","16.0","4.0","772.0","20.0","10.0","30.0","40.0","5","03/01/10 00:00:00","Espresso","Caffe Mocha","Regular","25"
"712","Iowa","Central","Small Market","35.0","58.0","23.0","17.0","6.0","806.0","30.0","20.0","40.0","60.0","5","08/01/10 00:00:00","Espresso","Caffe Mocha","Regular","35"
"712","Iowa","Central","Small Market","28.0","50.0","19.0","17.0","5.0","774.0","20.0","20.0","30.0","50.0","5","02/01/11 00:00:00","Espresso","Caffe Mocha","Regular","31"
"712","Iowa","Central","Small Market","29.0","49.0","20.0","15.0","5.0","808.0","20.0","20.0","30.0","50.0","5","07/01/11 00:00:00","Espresso","Caffe Mocha","Regular","29"
"712","Iowa","Central","Small Market","43.0","43.0","0.0","11.0","0.0","774.0","40.0","0.0","50.0","50.0","6","02/01/10 00:00:00","Espresso","Decaf Espresso","Decaf","43"
"712","Iowa","Central","Small Market","43.0","43.0","0.0","11.0","0.0","688.0","40.0","0.0","50.0","50.0","6","04/01/10 00:00:00","Espresso","Decaf Espresso","Decaf","43"
"712","Iowa","Central","Small Market","43.0","43.0","0.0","12.0","0.0","430.0","60.0","0.0","60.0","60.0","6","10/01/10 00:00:00","Espresso","Decaf Espresso","Decaf","43"
"712","Iowa","Central","Small Market","43.0","43.0","0.0","12.0","0.0","387.0","40.0","0.0","50.0","50.0","6","11/01/10 00:00:00","Espresso","Decaf Espresso","Decaf","43"
"712","Iowa","Central","Small Market","43.0","46.0","0.0","11.0","0.0","731.0","40.0","0.0","50.0","50.0","6","03/01/11 00:00:00","Espresso","Decaf Espresso","Decaf","46"
"712","Iowa","Central","Small Market","43.0","46.0","0.0","11.0","0.0","688.0","40.0","0.0","50.0","50.0","6","04/01/11 00:00:00","Espresso","Decaf Espresso","Decaf","46"
"712","Iowa","Central","Small Market","43.0","46.0","0.0","11.0","0.0","473.0","40.0","0.0","50.0","50.0","6","09/01/11 00:00:00","Espresso","Decaf Espresso","Decaf","46"
"712","Iowa","Central","Small Market","392.0","687.0","295.0","130.0","97.0","1714.0","250.0","250.0","350.0","600.0","8","08/01/10 00:00:00","Herbal Tea","Chamomile","Decaf","392"
"712","Iowa","Central","Small Market","336.0","589.0","253.0","116.0","83.0","1686.0","210.0","210.0","300.0","510.0","8","09/01/10 00:00:00","Herbal Tea","Chamomile","Decaf","336"
"712","Iowa","Central","Small Market","341.0","598.0","257.0","117.0","84.0","1662.0","210.0","200.0","280.0","480.0","8","10/01/10 00:00:00","Herbal Tea","Chamomile","Decaf","341"
"712","Iowa","Central","Small Market","304.0","532.0","228.0","108.0","75.0","1691.0","180.0","210.0","280.0","490.0","8","11/01/10 00:00:00","Herbal Tea","Chamomile","Decaf","304"
"712","Iowa","Central","Small Market","222.0","376.0","154.0","71.0","49.0","817.0","150.0","130.0","200.0","330.0","9","08/01/10 00:00:00","Herbal Tea","Lemon","Decaf","222"
"712","Iowa","Central","Small Market","165.0","278.0","113.0","58.0","36.0","803.0","100.0","100.0","150.0","250.0","9","11/01/10 00:00:00","Herbal Tea","Lemon","Decaf","165"
"712","Iowa","Central","Small Market","150.0","271.0","104.0","55.0","33.0","596.0","110.0","80.0","140.0","220.0","9","02/01/11 00:00:00","Herbal Tea","Lemon","Decaf","167"
"712","Iowa","Central","Small Market","204.0","342.0","141.0","63.0","45.0","764.0","140.0","120.0","180.0","300.0","9","06/01/11 00:00:00","Herbal Tea","Lemon","Decaf","201"
"712","Iowa","Central","Small Market","228.0","456.0","228.0","87.0","63.0","1459.0","140.0","190.0","210.0","400.0","11","01/01/10 00:00:00","Tea","Darjeeling","Regular","228"
"712","Iowa","Central","Small Market","261.0","521.0","260.0","96.0","72.0","1559.0","150.0","220.0","230.0","450.0","11","05/01/10 00:00:00","Tea","Darjeeling","Regular","261"
"712","Iowa","Central","Small Market","212.0","423.0","211.0","83.0","59.0","1778.0","110.0","170.0","180.0","350.0","11","11/01/10 00:00:00","Tea","Darjeeling","Regular","212"
"712","Iowa","Central","Small Market","239.0","509.0","239.0","91.0","66.0","1417.0","140.0","200.0","220.0","420.0","11","03/01/11 00:00:00","Tea","Darjeeling","Regular","270"
"712","Iowa","Central","Small Market","239.0","509.0","239.0","91.0","66.0","1464.0","140.0","200.0","220.0","420.0","11","04/01/11 00:00:00","Tea","Darjeeling","Regular","270"
"712","Iowa","Central","Small Market","370.0","672.0","302.0","147.0","114.0","1783.0","210.0","250.0","340.0","590.0","12","09/01/10 00:00:00","Tea","Earl Grey","Regular","370"
"713","Texas","South","Major Market","179.0","302.0","123.0","45.0","34.0","928.0","120.0","100.0","150.0","250.0","5","09/01/10 00:00:00","Espresso","Caffe Mocha","Regular","179"
"713","Texas","South","Major Market","179.0","322.0","123.0","45.0","34.0","928.0","120.0","100.0","150.0","250.0","5","09/01/11 00:00:00","Espresso","Caffe Mocha","Regular","199"
"713","Texas","South","Major Market","71.0","123.0","52.0","45.0","17.0","405.0","70.0","30.0","80.0","110.0","8","10/01/10 00:00:00","Herbal Tea","Chamomile","Decaf","71"
"713","Texas","South","Major Market","79.0","138.0","59.0","47.0","19.0","411.0","40.0","50.0","70.0","120.0","8","11/01/10 00:00:00","Herbal Tea","Chamomile","Decaf","79"
"714","California","West","Major Market","-13.0","109.0","122.0","61.0","39.0","2378.0","-70.0","150.0","-20.0","130.0","1","09/01/10 00:00:00","Coffee","Amaretto","Regular","-13"
"714","California","West","Major Market","-13.0","116.0","122.0","61.0","39.0","2378.0","-70.0","150.0","-20.0","130.0","1","09/01/11 00:00:00","Coffee","Amaretto","Regular","-6"
"714","California","West","Major Market","-32.0","163.0","195.0","110.0","64.0","1952.0","-140.0","240.0","-40.0","200.0","3","05/01/10 00:00:00","Coffee","Decaf Irish Cream","Decaf","-32"
"714","California","West","Major Market","-32.0","192.0","224.0","117.0","73.0","4216.0","-150.0","260.0","-40.0","220.0","3","12/01/10 00:00:00","Coffee","Decaf Irish Cream","Decaf","-32"
"714","California","West","Major Market","96.0","160.0","64.0","53.0","21.0","593.0","30.0","40.0","60.0","100.0","13","05/01/10 00:00:00","Tea","Green Tea","Regular","96"
"714","California","West","Major Market","81.0","135.0","54.0","49.0","17.0","641.0","30.0","30.0","60.0","90.0","13","06/01/10 00:00:00","Tea","Green Tea","Regular","81"
"714","California","West","Major Market","201.0","345.0","144.0","165.0","131.0","874.0","50.0","130.0","200.0","330.0","5","06/01/10 00:00:00","Espresso","Caffe Mocha","Regular","201"
"714","California","West","Major Market","341.0","598.0","257.0","116.0","84.0","1662.0","240.0","230.0","320.0","550.0","6","10/01/10 00:00:00","Espresso","Decaf Espresso","Decaf","341"
"714","California","West","Major Market","252.0","465.0","213.0","88.0","66.0","942.0","160.0","180.0","220.0","400.0","9","02/01/10 00:00:00","Herbal Tea","Lemon","Decaf","252"
"714","California","West","Major Market","307.0","562.0","260.0","95.0","80.0","1319.0","200.0","220.0","270.0","490.0","9","07/01/11 00:00:00","Herbal Tea","Lemon","Decaf","302"
"714","California","West","Major Market","118.0","199.0","81.0","34.0","22.0","588.0","70.0","50.0","80.0","130.0","12","09/01/10 00:00:00","Tea","Earl Grey","Regular","118"
"714","California","West","Major Market","239.0","509.0","239.0","90.0","66.0","1755.0","160.0","210.0","220.0","430.0","4","10/01/11 00:00:00","Espresso","Caffe Latte","Regular","270"
"715","Wisconsin","Central","Small Market","74.0","133.0","59.0","55.0","22.0","377.0","20.0","60.0","70.0","130.0","1","06/01/10 00:00:00","Coffee","Amaretto","Regular","74"
"715","Wisconsin","Central","Small Market","77.0","140.0","63.0","56.0","23.0","397.0","30.0","60.0","80.0","140.0","1","08/01/10 00:00:00","Coffee","Amaretto","Regular","77"
"715","Wisconsin","Central","Small Market","70.0","126.0","56.0","55.0","21.0","385.0","50.0","40.0","80.0","120.0","1","10/01/10 00:00:00","Coffee","Amaretto","Regular","70"
"715","Wisconsin","Central","Small Market","80.0","145.0","65.0","58.0","24.0","403.0","30.0","60.0","80.0","140.0","1","12/01/10 00:00:00","Coffee","Amaretto","Regular","80"
"715","Wisconsin","Central","Small Market","65.0","126.0","53.0","53.0","20.0","306.0","30.0","50.0","70.0","120.0","1","02/01/11 00:00:00","Coffee","Amaretto","Regular","73"
"715","Wisconsin","Central","Small Market","70.0","135.0","57.0","54.0","21.0","313.0","20.0","60.0","70.0","130.0","1","04/01/11 00:00:00","Coffee","Amaretto","Regular","78"
"715","Wisconsin","Central","Small Market","74.0","132.0","59.0","51.0","22.0","377.0","20.0","60.0","70.0","130.0","1","06/01/11 00:00:00","Coffee","Amaretto","Regular","73"
"715","Wisconsin","Central","Small Market","132.0","227.0","95.0","115.0","86.0","554.0","30.0","100.0","130.0","230.0","2","04/01/10 00:00:00","Coffee","Columbian","Regular","132"
"715","Wisconsin","Central","Small Market","134.0","230.0","96.0","116.0","87.0","683.0","60.0","90.0","140.0","230.0","2","10/01/10 00:00:00","Coffee","Columbian","Regular","134"
"715","Wisconsin","Central","Small Market","145.0","250.0","105.0","125.0","95.0","716.0","30.0","100.0","140.0","240.0","2","12/01/10 00:00:00","Coffee","Columbian","Regular","145"
"715","Wisconsin","Central","Small Market","111.0","213.0","79.0","107.0","72.0","551.0","20.0","80.0","110.0","190.0","2","01/01/11 00:00:00","Coffee","Columbian","Regular","134"
"715","Wisconsin","Central","Small Market","128.0","234.0","92.0","113.0","83.0","541.0","40.0","90.0","140.0","230.0","2","02/01/11 00:00:00","Coffee","Columbian","Regular","142"
"715","Wisconsin","Central","Small Market","132.0","242.0","95.0","115.0","86.0","532.0","30.0","100.0","130.0","230.0","2","03/01/11 00:00:00","Coffee","Columbian","Regular","147"
"715","Wisconsin","Central","Small Market","130.0","238.0","93.0","114.0","84.0","692.0","40.0","90.0","140.0","230.0","2","09/01/11 00:00:00","Coffee","Columbian","Regular","145"
"715","Wisconsin","Central","Small Market","117.0","204.0","87.0","55.0","28.0","472.0","80.0","90.0","120.0","210.0","3","05/01/10 00:00:00","Coffee","Decaf Irish Cream","Decaf","117"
"715","Wisconsin","Central","Small Market","116.0","202.0","86.0","55.0","28.0","547.0","100.0","80.0","120.0","200.0","3","10/01/10 00:00:00","Coffee","Decaf Irish Cream","Decaf","116"
"715","Wisconsin","Central","Small Market","112.0","195.0","83.0","55.0","27.0","575.0","70.0","80.0","110.0","190.0","3","12/01/10 00:00:00","Coffee","Decaf Irish Cream","Decaf","112"
"715","Wisconsin","Central","Small Market","108.0","200.0","80.0","53.0","26.0","415.0","70.0","80.0","110.0","190.0","3","03/01/11 00:00:00","Coffee","Decaf Irish Cream","Decaf","120"
"715","Wisconsin","Central","Small Market","117.0","202.0","87.0","51.0","28.0","472.0","80.0","90.0","120.0","210.0","3","05/01/11 00:00:00","Coffee","Decaf Irish Cream","Decaf","115"
"715","Wisconsin","Central","Small Market","132.0","229.0","99.0","55.0","32.0","565.0","90.0","100.0","140.0","240.0","3","08/01/11 00:00:00","Coffee","Decaf Irish Cream","Decaf","130"
"715","Wisconsin","Central","Small Market","84.0","155.0","71.0","43.0","22.0","950.0","60.0","80.0","100.0","180.0","5","03/01/10 00:00:00","Espresso","Caffe Mocha","Regular","84"
"715","Wisconsin","Central","Small Market","82.0","151.0","69.0","43.0","21.0","965.0","50.0","80.0","90.0","170.0","5","04/01/10 00:00:00","Espresso","Caffe Mocha","Regular","82"
"715","Wisconsin","Central","Small Market","96.0","176.0","80.0","46.0","24.0","1079.0","80.0","100.0","120.0","220.0","5","12/01/10 00:00:00","Espresso","Caffe Mocha","Regular","96"
"715","Wisconsin","Central","Small Market","96.0","175.0","81.0","43.0","25.0","1046.0","70.0","90.0","110.0","200.0","5","06/01/11 00:00:00","Espresso","Caffe Mocha","Regular","94"
"715","Wisconsin","Central","Small Market","103.0","187.0","86.0","44.0","26.0","1081.0","90.0","90.0","130.0","220.0","5","07/01/11 00:00:00","Espresso","Caffe Mocha","Regular","101"
"715","Wisconsin","Central","Small Market","123.0","224.0","103.0","49.0","31.0","1073.0","100.0","110.0","150.0","260.0","5","08/01/11 00:00:00","Espresso","Caffe Mocha","Regular","121"
"715","Wisconsin","Central","Small Market","89.0","175.0","75.0","44.0","23.0","1063.0","70.0","90.0","110.0","200.0","5","11/01/11 00:00:00","Espresso","Caffe Mocha","Regular","100"
"715","Wisconsin","Central","Small Market","62.0","110.0","48.0","27.0","15.0","617.0","50.0","50.0","70.0","120.0","6","02/01/10 00:00:00","Espresso","Decaf Espresso","Decaf","62"
"715","Wisconsin","Central","Small Market","63.0","112.0","49.0","29.0","16.0","611.0","60.0","50.0","80.0","130.0","6","03/01/10 00:00:00","Espresso","Decaf Espresso","Decaf","63"
"715","Wisconsin","Central","Small Market","58.0","103.0","45.0","26.0","14.0","605.0","50.0","50.0","70.0","120.0","6","04/01/10 00:00:00","Espresso","Decaf Espresso","Decaf","58"
"715","Wisconsin","Central","Small Market","29.0","51.0","22.0","19.0","7.0","573.0","50.0","20.0","50.0","70.0","6","10/01/10 00:00:00","Espresso","Decaf Espresso","Decaf","29"
"715","Wisconsin","Central","Small Market","30.0","52.0","22.0","19.0","7.0","570.0","30.0","20.0","40.0","60.0","6","11/01/10 00:00:00","Espresso","Decaf Espresso","Decaf","30"
"715","Wisconsin","Central","Small Market","62.0","123.0","48.0","29.0","15.0","623.0","50.0","50.0","70.0","120.0","6","01/01/11 00:00:00","Espresso","Decaf Espresso","Decaf","75"
"715","Wisconsin","Central","Small Market","62.0","117.0","48.0","27.0","15.0","617.0","50.0","50.0","70.0","120.0","6","02/01/11 00:00:00","Espresso","Decaf Espresso","Decaf","69"
"715","Wisconsin","Central","Small Market","62.0","109.0","48.0","25.0","15.0","599.0","50.0","50.0","70.0","120.0","6","05/01/11 00:00:00","Espresso","Decaf Espresso","Decaf","61"
"715","Wisconsin","Central","Small Market","65.0","114.0","50.0","27.0","16.0","587.0","60.0","50.0","80.0","130.0","6","07/01/11 00:00:00","Espresso","Decaf Espresso","Decaf","64"
"715","Wisconsin","Central","Small Market","43.0","81.0","33.0","22.0","10.0","577.0","30.0","30.0","50.0","80.0","6","09/01/11 00:00:00","Espresso","Decaf Espresso","Decaf","48"
"715","Wisconsin","Central","Small Market","113.0","180.0","67.0","43.0","20.0","400.0","80.0","50.0","100.0","150.0","8","01/01/10 00:00:00","Herbal Tea","Chamomile","Decaf","113"
"715","Wisconsin","Central","Small Market","109.0","174.0","65.0","43.0","20.0","372.0","80.0","50.0","100.0","150.0","8","02/01/10 00:00:00","Herbal Tea","Chamomile","Decaf","109"
"715","Wisconsin","Central","Small Market","82.0","130.0","48.0","37.0","14.0","351.0","50.0","40.0","70.0","110.0","8","05/01/10 00:00:00","Herbal Tea","Chamomile","Decaf","82"
"715","Wisconsin","Central","Small Market","78.0","125.0","47.0","38.0","14.0","371.0","50.0","40.0","70.0","110.0","8","06/01/10 00:00:00","Herbal Tea","Chamomile","Decaf","78"
"715","Wisconsin","Central","Small Market","79.0","126.0","47.0","38.0","14.0","366.0","50.0","40.0","70.0","110.0","8","08/01/10 00:00:00","Herbal Tea","Chamomile","Decaf","79"
"715","Wisconsin","Central","Small Market","113.0","201.0","67.0","45.0","20.0","400.0","80.0","50.0","100.0","150.0","8","01/01/11 00:00:00","Herbal Tea","Chamomile","Decaf","134"
"715","Wisconsin","Central","Small Market","109.0","185.0","65.0","43.0","20.0","372.0","80.0","50.0","100.0","150.0","8","02/01/11 00:00:00","Herbal Tea","Chamomile","Decaf","120"
"715","Wisconsin","Central","Small Market","99.0","169.0","60.0","42.0","18.0","329.0","80.0","40.0","80.0","120.0","8","10/01/11 00:00:00","Herbal Tea","Chamomile","Decaf","109"
"715","Wisconsin","Central","Small Market","48.0","81.0","33.0","20.0","9.0","777.0","50.0","20.0","50.0","70.0","9","01/01/10 00:00:00","Herbal Tea","Lemon","Decaf","48"
"715","Wisconsin","Central","Small Market","72.0","121.0","49.0","25.0","13.0","767.0","50.0","40.0","60.0","100.0","9","03/01/10 00:00:00","Herbal Tea","Lemon","Decaf","72"
"715","Wisconsin","Central","Small Market","51.0","85.0","34.0","21.0","9.0","863.0","30.0","30.0","40.0","70.0","9","12/01/10 00:00:00","Herbal Tea","Lemon","Decaf","51"
"715","Wisconsin","Central","Small Market","72.0","129.0","49.0","25.0","13.0","767.0","50.0","40.0","60.0","100.0","9","03/01/11 00:00:00","Herbal Tea","Lemon","Decaf","80"
"715","Wisconsin","Central","Small Market","85.0","143.0","59.0","25.0","16.0","842.0","60.0","50.0","70.0","120.0","9","06/01/11 00:00:00","Herbal Tea","Lemon","Decaf","84"
"715","Wisconsin","Central","Small Market","47.0","83.0","31.0","20.0","8.0","856.0","40.0","20.0","50.0","70.0","9","11/01/11 00:00:00","Herbal Tea","Lemon","Decaf","52"
"715","Wisconsin","Central","Small Market","51.0","91.0","34.0","21.0","9.0","863.0","30.0","30.0","40.0","70.0","9","12/01/11 00:00:00","Herbal Tea","Lemon","Decaf","57"
"715","Wisconsin","Central","Small Market","81.0","146.0","56.0","40.0","17.0","382.0","50.0","40.0","80.0","120.0","11","02/01/11 00:00:00","Tea","Darjeeling","Regular","90"
"715","Wisconsin","Central","Small Market","65.0","109.0","45.0","35.0","14.0","410.0","30.0","30.0","60.0","90.0","11","05/01/11 00:00:00","Tea","Darjeeling","Regular","64"
"715","Wisconsin","Central","Small Market","54.0","89.0","36.0","32.0","11.0","458.0","10.0","30.0","40.0","70.0","11","08/01/11 00:00:00","Tea","Darjeeling","Regular","53"
"715","Wisconsin","Central","Small Market","71.0","128.0","49.0","38.0","15.0","454.0","20.0","40.0","50.0","90.0","11","11/01/11 00:00:00","Tea","Darjeeling","Regular","79"
"715","Wisconsin","Central","Small Market","75.0","128.0","53.0","77.0","48.0","597.0","10.0","40.0","70.0","110.0","12","06/01/10 00:00:00","Tea","Earl Grey","Regular","75"
"715","Wisconsin","Central","Small Market","61.0","105.0","44.0","68.0","39.0","617.0","10.0","30.0","60.0","90.0","12","08/01/10 00:00:00","Tea","Earl Grey","Regular","61"
"715","Wisconsin","Central","Small Market","87.0","149.0","62.0","85.0","56.0","612.0","10.0","50.0","80.0","130.0","12","09/01/10 00:00:00","Tea","Earl Grey","Regular","87"
"715","Wisconsin","Central","Small Market","84.0","144.0","60.0","84.0","54.0","606.0","0.0","40.0","50.0","90.0","12","10/01/10 00:00:00","Tea","Earl Grey","Regular","84"
"715","Wisconsin","Central","Small Market","86.0","147.0","61.0","84.0","55.0","613.0","0.0","50.0","70.0","120.0","12","11/01/10 00:00:00","Tea","Earl Grey","Regular","86"
"715","Wisconsin","Central","Small Market","66.0","112.0","47.0","67.0","42.0","622.0","0.0","40.0","50.0","90.0","12","07/01/11 00:00:00","Tea","Earl Grey","Regular","65"
"715","Wisconsin","Central","Small Market","61.0","104.0","44.0","63.0","39.0","617.0","10.0","30.0","60.0","90.0","12","08/01/11 00:00:00","Tea","Earl Grey","Regular","60"
"715","Wisconsin","Central","Small Market","87.0","159.0","62.0","85.0","56.0","612.0","10.0","50.0","80.0","130.0","12","09/01/11 00:00:00","Tea","Earl Grey","Regular","97"
"715","Wisconsin","Central","Small Market","86.0","157.0","61.0","84.0","55.0","613.0","0.0","50.0","70.0","120.0","12","11/01/11 00:00:00","Tea","Earl Grey","Regular","96"
"716","New York","East","Major Market","407.0","678.0","271.0","145.0","94.0","2101.0","260.0","260.0","380.0","640.0","2","01/01/10 00:00:00","Coffee","Columbian","Regular","407"
"716","New York","East","Major Market","548.0","904.0","364.0","166.0","127.0","2654.0","370.0","340.0","520.0","860.0","2","07/01/11 00:00:00","Coffee","Columbian","Regular","540"
"716","New York","East","Major Market","390.0","693.0","260.0","143.0","91.0","2548.0","230.0","210.0","330.0","540.0","2","10/01/11 00:00:00","Coffee","Columbian","Regular","433"
"716","New York","East","Major Market","378.0","680.0","260.0","131.0","98.0","1558.0","200.0","190.0","300.0","490.0","9","04/01/11 00:00:00","Herbal Tea","Lemon","Decaf","420"
"716","New York","East","Major Market","-46.0","198.0","244.0","97.0","75.0","2636.0","-100.0","180.0","-30.0","150.0","10","06/01/10 00:00:00","Herbal Tea","Mint","Decaf","-46"
"716","New York","East","Major Market","-62.0","198.0","260.0","102.0","80.0","3076.0","-110.0","190.0","-40.0","150.0","10","07/01/10 00:00:00","Herbal Tea","Mint","Decaf","-62"
"716","New York","East","Major Market","-93.0","148.0","241.0","96.0","74.0","5121.0","-150.0","180.0","-80.0","100.0","10","12/01/10 00:00:00","Herbal Tea","Mint","Decaf","-93"
"716","New York","East","Major Market","-93.0","158.0","241.0","96.0","74.0","5121.0","-150.0","180.0","-80.0","100.0","10","12/01/11 00:00:00","Herbal Tea","Mint","Decaf","-83"
"716","New York","East","Major Market","139.0","234.0","95.0","37.0","26.0","799.0","120.0","100.0","150.0","250.0","11","03/01/10 00:00:00","Tea","Darjeeling","Regular","139"
"716","New York","East","Major Market","124.0","210.0","86.0","35.0","24.0","1003.0","90.0","90.0","120.0","210.0","11","12/01/10 00:00:00","Tea","Darjeeling","Regular","124"
"716","New York","East","Major Market","152.0","256.0","104.0","41.0","29.0","821.0","120.0","110.0","160.0","270.0","12","05/01/10 00:00:00","Tea","Earl Grey","Regular","152"
"716","New York","East","Major Market","179.0","302.0","123.0","45.0","34.0","915.0","160.0","130.0","190.0","320.0","12","10/01/10 00:00:00","Tea","Earl Grey","Regular","179"
"716","New York","East","Major Market","130.0","245.0","89.0","38.0","24.0","777.0","110.0","90.0","140.0","230.0","12","01/01/11 00:00:00","Tea","Earl Grey","Regular","156"
"716","New York","East","Major Market","178.0","298.0","123.0","42.0","34.0","941.0","150.0","130.0","190.0","320.0","12","08/01/11 00:00:00","Tea","Earl Grey","Regular","175"
"716","New York","East","Major Market","318.0","567.0","249.0","94.0","69.0","1286.0","240.0","230.0","320.0","550.0","7","09/01/10 00:00:00","Espresso","Regular Espresso","Regular","318"
"718","New York","East","Major Market","405.0","675.0","270.0","146.0","94.0","2041.0","270.0","250.0","390.0","640.0","2","03/01/10 00:00:00","Coffee","Columbian","Regular","405"
"718","New York","East","Major Market","387.0","687.0","258.0","142.0","90.0","2067.0","250.0","240.0","370.0","610.0","2","02/01/11 00:00:00","Coffee","Columbian","Regular","429"
"718","New York","East","Major Market","405.0","719.0","270.0","146.0","94.0","2041.0","270.0","250.0","390.0","640.0","2","03/01/11 00:00:00","Coffee","Columbian","Regular","449"
"718","New York","East","Major Market","136.0","230.0","94.0","37.0","26.0","562.0","120.0","90.0","150.0","240.0","13","06/01/10 00:00:00","Tea","Green Tea","Regular","136"
"718","New York","East","Major Market","73.0","123.0","50.0","26.0","14.0","589.0","50.0","50.0","70.0","120.0","13","11/01/10 00:00:00","Tea","Green Tea","Regular","73"
"718","New York","East","Major Market","118.0","212.0","81.0","34.0","22.0","588.0","100.0","80.0","130.0","210.0","13","09/01/11 00:00:00","Tea","Green Tea","Regular","131"
"718","New York","East","Major Market","268.0","547.0","245.0","127.0","93.0","1471.0","130.0","180.0","220.0","400.0","9","03/01/11 00:00:00","Herbal Tea","Lemon","Decaf","302"
"718","New York","East","Major Market","-20.0","189.0","209.0","85.0","64.0","1811.0","-70.0","150.0","-10.0","140.0","10","04/01/10 00:00:00","Herbal Tea","Mint","Decaf","-20"
"718","New York","East","Major Market","-187.0","124.0","311.0","117.0","96.0","3422.0","-230.0","230.0","-140.0","90.0","10","08/01/10 00:00:00","Herbal Tea","Mint","Decaf","-187"
"718","New York","East","Major Market","-20.0","201.0","209.0","85.0","64.0","1811.0","-70.0","150.0","-10.0","140.0","10","04/01/11 00:00:00","Herbal Tea","Mint","Decaf","-8"
"718","New York","East","Major Market","-187.0","123.0","311.0","109.0","96.0","3422.0","-230.0","230.0","-140.0","90.0","10","08/01/11 00:00:00","Herbal Tea","Mint","Decaf","-188"
"718","New York","East","Major Market","124.0","224.0","86.0","35.0","24.0","1003.0","90.0","90.0","120.0","210.0","11","12/01/11 00:00:00","Tea","Darjeeling","Regular","138"
"718","New York","East","Major Market","179.0","302.0","123.0","46.0","34.0","959.0","150.0","120.0","190.0","310.0","12","12/01/10 00:00:00","Tea","Earl Grey","Regular","179"
"718","New York","East","Major Market","179.0","322.0","123.0","45.0","34.0","915.0","160.0","130.0","190.0","320.0","12","10/01/11 00:00:00","Tea","Earl Grey","Regular","199"
"718","New York","East","Major Market","284.0","523.0","239.0","90.0","66.0","1260.0","210.0","220.0","290.0","510.0","7","03/01/10 00:00:00","Espresso","Regular Espresso","Regular","284"
"718","New York","East","Major Market","526.0","765.0","239.0","91.0","66.0","1197.0","450.0","210.0","510.0","720.0","7","10/01/10 00:00:00","Espresso","Regular Espresso","Regular","526"
"718","New York","East","Major Market","407.0","657.0","250.0","95.0","70.0","723.0","320.0","240.0","400.0","640.0","7","12/01/10 00:00:00","Espresso","Regular Espresso","Regular","407"
"718","New York","East","Major Market","415.0","669.0","260.0","90.0","72.0","1405.0","340.0","240.0","420.0","660.0","7","06/01/11 00:00:00","Espresso","Regular Espresso","Regular","409"
"719","Colorado","Central","Major Market","130.0","219.0","89.0","36.0","24.0","777.0","100.0","90.0","130.0","220.0","1","01/01/10 00:00:00","Coffee","Amaretto","Regular","130"
"719","Colorado","Central","Major Market","163.0","276.0","113.0","42.0","31.0","897.0","130.0","110.0","170.0","280.0","1","06/01/10 00:00:00","Coffee","Amaretto","Regular","163"
"719","Colorado","Central","Major Market","179.0","302.0","123.0","45.0","34.0","959.0","130.0","120.0","170.0","290.0","1","12/01/10 00:00:00","Coffee","Amaretto","Regular","179"
"719","Colorado","Central","Major Market","130.0","245.0","89.0","38.0","24.0","777.0","100.0","90.0","130.0","220.0","1","01/01/11 00:00:00","Coffee","Amaretto","Regular","156"
"719","Colorado","Central","Major Market","163.0","274.0","113.0","39.0","31.0","897.0","130.0","110.0","170.0","280.0","1","06/01/11 00:00:00","Coffee","Amaretto","Regular","161"
"719","Colorado","Central","Major Market","179.0","322.0","123.0","46.0","34.0","915.0","160.0","120.0","180.0","300.0","1","10/01/11 00:00:00","Coffee","Amaretto","Regular","199"
"719","Colorado","Central","Major Market","172.0","309.0","118.0","44.0","33.0","930.0","130.0","110.0","170.0","280.0","1","11/01/11 00:00:00","Coffee","Amaretto","Regular","191"
"719","Colorado","Central","Major Market","68.0","120.0","52.0","29.0","17.0","554.0","50.0","50.0","70.0","120.0","2","08/01/10 00:00:00","Coffee","Columbian","Regular","68"
"719","Colorado","Central","Major Market","51.0","90.0","39.0","24.0","12.0","541.0","50.0","30.0","50.0","80.0","2","10/01/10 00:00:00","Coffee","Columbian","Regular","51"
"719","Colorado","Central","Major Market","52.0","98.0","40.0","25.0","13.0","536.0","40.0","30.0","60.0","90.0","2","11/01/11 00:00:00","Coffee","Columbian","Regular","58"
"719","Colorado","Central","Major Market","137.0","232.0","95.0","38.0","26.0","809.0","110.0","100.0","140.0","240.0","3","02/01/10 00:00:00","Coffee","Decaf Irish Cream","Decaf","137"
"719","Colorado","Central","Major Market","178.0","301.0","123.0","46.0","34.0","947.0","140.0","130.0","180.0","310.0","3","06/01/10 00:00:00","Coffee","Decaf Irish Cream","Decaf","178"
"719","Colorado","Central","Major Market","191.0","323.0","132.0","47.0","36.0","994.0","160.0","130.0","200.0","330.0","3","08/01/10 00:00:00","Coffee","Decaf Irish Cream","Decaf","191"
"719","Colorado","Central","Major Market","157.0","265.0","108.0","41.0","30.0","971.0","150.0","100.0","160.0","260.0","3","10/01/10 00:00:00","Coffee","Decaf Irish Cream","Decaf","157"
"719","Colorado","Central","Major Market","139.0","262.0","95.0","40.0","26.0","821.0","110.0","100.0","140.0","240.0","3","01/01/11 00:00:00","Coffee","Decaf Irish Cream","Decaf","167"
"719","Colorado","Central","Major Market","157.0","282.0","108.0","41.0","30.0","971.0","150.0","100.0","160.0","260.0","3","10/01/11 00:00:00","Coffee","Decaf Irish Cream","Decaf","174"
"719","Colorado","Central","Major Market","56.0","99.0","43.0","26.0","14.0","602.0","30.0","30.0","50.0","80.0","13","05/01/10 00:00:00","Tea","Green Tea","Regular","56"
"719","Colorado","Central","Major Market","87.0","155.0","68.0","34.0","22.0","587.0","50.0","50.0","80.0","130.0","13","08/01/10 00:00:00","Tea","Green Tea","Regular","87"
"719","Colorado","Central","Major Market","112.0","200.0","88.0","42.0","29.0","561.0","60.0","70.0","90.0","160.0","13","11/01/10 00:00:00","Tea","Green Tea","Regular","112"
"719","Colorado","Central","Major Market","104.0","185.0","81.0","38.0","26.0","551.0","60.0","60.0","90.0","150.0","13","12/01/10 00:00:00","Tea","Green Tea","Regular","104"
"719","Colorado","Central","Major Market","55.0","104.0","43.0","26.0","14.0","613.0","30.0","30.0","50.0","80.0","13","03/01/11 00:00:00","Tea","Green Tea","Regular","61"
"719","Colorado","Central","Major Market","79.0","149.0","61.0","32.0","20.0","579.0","50.0","50.0","70.0","120.0","13","09/01/11 00:00:00","Tea","Green Tea","Regular","88"
"719","Colorado","Central","Major Market","104.0","197.0","81.0","38.0","26.0","551.0","60.0","60.0","90.0","150.0","13","12/01/11 00:00:00","Tea","Green Tea","Regular","116"
"719","Colorado","Central","Major Market","117.0","198.0","81.0","33.0","22.0","441.0","110.0","90.0","140.0","230.0","5","03/01/10 00:00:00","Espresso","Caffe Mocha","Regular","117"
"719","Colorado","Central","Major Market","136.0","230.0","94.0","37.0","26.0","562.0","140.0","100.0","170.0","270.0","5","06/01/10 00:00:00","Espresso","Caffe Mocha","Regular","136"
"719","Colorado","Central","Major Market","117.0","211.0","81.0","33.0","22.0","460.0","110.0","90.0","140.0","230.0","5","04/01/11 00:00:00","Espresso","Caffe Mocha","Regular","130"
"719","Colorado","Central","Major Market","145.0","243.0","100.0","37.0","28.0","598.0","130.0","110.0","170.0","280.0","5","08/01/11 00:00:00","Espresso","Caffe Mocha","Regular","143"
"719","Colorado","Central","Major Market","118.0","212.0","81.0","34.0","22.0","588.0","110.0","90.0","140.0","230.0","5","09/01/11 00:00:00","Espresso","Caffe Mocha","Regular","131"
"719","Colorado","Central","Major Market","102.0","170.0","68.0","54.0","22.0","559.0","80.0","70.0","130.0","200.0","6","04/01/10 00:00:00","Espresso","Decaf Espresso","Decaf","102"
"719","Colorado","Central","Major Market","79.0","131.0","52.0","49.0","17.0","662.0","50.0","60.0","90.0","150.0","6","08/01/10 00:00:00","Espresso","Decaf Espresso","Decaf","79"
"719","Colorado","Central","Major Market","108.0","201.0","72.0","58.0","23.0","558.0","80.0","80.0","130.0","210.0","6","01/01/11 00:00:00","Espresso","Decaf Espresso","Decaf","129"
"719","Colorado","Central","Major Market","96.0","159.0","64.0","48.0","21.0","593.0","60.0","70.0","110.0","180.0","6","05/01/11 00:00:00","Espresso","Decaf Espresso","Decaf","95"
"719","Colorado","Central","Major Market","163.0","325.0","162.0","69.0","45.0","1059.0","100.0","130.0","150.0","280.0","8","03/01/10 00:00:00","Herbal Tea","Chamomile","Decaf","163"
"719","Colorado","Central","Major Market","161.0","322.0","161.0","69.0","45.0","1267.0","110.0","120.0","140.0","260.0","8","10/01/10 00:00:00","Herbal Tea","Chamomile","Decaf","161"
"719","Colorado","Central","Major Market","149.0","295.0","149.0","61.0","41.0","1156.0","90.0","120.0","140.0","260.0","8","05/01/11 00:00:00","Herbal Tea","Chamomile","Decaf","146"
"719","Colorado","Central","Major Market","146.0","288.0","145.0","60.0","40.0","1304.0","80.0","120.0","130.0","250.0","8","07/01/11 00:00:00","Herbal Tea","Chamomile","Decaf","143"
"719","Colorado","Central","Major Market","146.0","288.0","145.0","60.0","40.0","1292.0","80.0","120.0","130.0","250.0","8","08/01/11 00:00:00","Herbal Tea","Chamomile","Decaf","143"
"719","Colorado","Central","Major Market","87.0","150.0","63.0","87.0","57.0","435.0","20.0","50.0","80.0","130.0","9","01/01/10 00:00:00","Herbal Tea","Lemon","Decaf","87"
"719","Colorado","Central","Major Market","73.0","125.0","52.0","77.0","47.0","433.0","20.0","40.0","70.0","110.0","9","04/01/10 00:00:00","Herbal Tea","Lemon","Decaf","73"
"719","Colorado","Central","Major Market","52.0","88.0","37.0","58.0","33.0","513.0","0.0","30.0","40.0","70.0","9","08/01/11 00:00:00","Herbal Tea","Lemon","Decaf","51"
"719","Colorado","Central","Major Market","65.0","119.0","47.0","71.0","42.0","521.0","0.0","40.0","60.0","100.0","9","12/01/11 00:00:00","Herbal Tea","Lemon","Decaf","72"
"719","Colorado","Central","Major Market","74.0","129.0","55.0","45.0","18.0","336.0","40.0","40.0","70.0","110.0","10","04/01/10 00:00:00","Herbal Tea","Mint","Decaf","74"
"719","Colorado","Central","Major Market","71.0","123.0","52.0","45.0","17.0","361.0","30.0","40.0","60.0","100.0","10","05/01/10 00:00:00","Herbal Tea","Mint","Decaf","71"
"719","Colorado","Central","Major Market","68.0","118.0","50.0","44.0","16.0","397.0","30.0","40.0","60.0","100.0","10","06/01/10 00:00:00","Herbal Tea","Mint","Decaf","68"
"719","Colorado","Central","Major Market","80.0","149.0","60.0","47.0","19.0","329.0","40.0","50.0","70.0","120.0","10","02/01/11 00:00:00","Herbal Tea","Mint","Decaf","89"
"719","Colorado","Central","Major Market","71.0","122.0","52.0","42.0","17.0","361.0","30.0","40.0","60.0","100.0","10","05/01/11 00:00:00","Herbal Tea","Mint","Decaf","70"
"719","Colorado","Central","Major Market","72.0","130.0","58.0","55.0","22.0","338.0","20.0","40.0","70.0","110.0","11","01/01/10 00:00:00","Tea","Darjeeling","Regular","72"
"719","Colorado","Central","Major Market","73.0","132.0","59.0","55.0","22.0","331.0","10.0","50.0","60.0","110.0","11","02/01/10 00:00:00","Tea","Darjeeling","Regular","73"
"719","Colorado","Central","Major Market","64.0","115.0","51.0","53.0","19.0","396.0","20.0","40.0","60.0","100.0","11","06/01/10 00:00:00","Tea","Darjeeling","Regular","64"
"719","Colorado","Central","Major Market","69.0","124.0","55.0","54.0","20.0","410.0","20.0","40.0","60.0","100.0","11","11/01/10 00:00:00","Tea","Darjeeling","Regular","69"
"719","Colorado","Central","Major Market","72.0","145.0","58.0","58.0","22.0","338.0","20.0","40.0","70.0","110.0","11","01/01/11 00:00:00","Tea","Darjeeling","Regular","87"
"719","Colorado","Central","Major Market","64.0","114.0","51.0","48.0","19.0","419.0","20.0","40.0","60.0","100.0","11","07/01/11 00:00:00","Tea","Darjeeling","Regular","63"
"719","Colorado","Central","Major Market","57.0","109.0","45.0","50.0","17.0","409.0","10.0","30.0","50.0","80.0","11","09/01/11 00:00:00","Tea","Darjeeling","Regular","64"
"719","Colorado","Central","Major Market","69.0","132.0","55.0","54.0","20.0","410.0","20.0","40.0","60.0","100.0","11","11/01/11 00:00:00","Tea","Darjeeling","Regular","77"
"719","Colorado","Central","Major Market","75.0","138.0","63.0","41.0","19.0","965.0","40.0","50.0","70.0","120.0","12","04/01/10 00:00:00","Tea","Earl Grey","Regular","75"
"719","Colorado","Central","Major Market","68.0","125.0","57.0","39.0","17.0","1042.0","30.0","40.0","60.0","100.0","12","11/01/10 00:00:00","Tea","Earl Grey","Regular","68"
"719","Colorado","Central","Major Market","76.0","157.0","64.0","42.0","19.0","965.0","40.0","50.0","70.0","120.0","12","01/01/11 00:00:00","Tea","Earl Grey","Regular","93"
"719","Colorado","Central","Major Market","64.0","116.0","53.0","34.0","16.0","1028.0","30.0","40.0","60.0","100.0","12","06/01/11 00:00:00","Tea","Earl Grey","Regular","63"
"719","Colorado","Central","Major Market","62.0","120.0","51.0","37.0","15.0","1042.0","20.0","40.0","50.0","90.0","12","09/01/11 00:00:00","Tea","Earl Grey","Regular","69"
"719","Colorado","Central","Major Market","68.0","133.0","57.0","39.0","17.0","1042.0","30.0","40.0","60.0","100.0","12","11/01/11 00:00:00","Tea","Earl Grey","Regular","76"
"720","Colorado","Central","Major Market","126.0","213.0","87.0","36.0","24.0","756.0","100.0","90.0","130.0","220.0","1","03/01/10 00:00:00","Coffee","Amaretto","Regular","126"
"720","Colorado","Central","Major Market","132.0","223.0","91.0","36.0","25.0","777.0","110.0","90.0","140.0","230.0","1","04/01/10 00:00:00","Coffee","Amaretto","Regular","132"
"720","Colorado","Central","Major Market","152.0","256.0","104.0","41.0","29.0","821.0","120.0","110.0","150.0","260.0","1","05/01/10 00:00:00","Coffee","Amaretto","Regular","152"
"720","Colorado","Central","Major Market","152.0","256.0","104.0","41.0","29.0","952.0","120.0","110.0","150.0","260.0","1","07/01/10 00:00:00","Coffee","Amaretto","Regular","152"
"720","Colorado","Central","Major Market","178.0","301.0","123.0","45.0","34.0","941.0","140.0","130.0","180.0","310.0","1","08/01/10 00:00:00","Coffee","Amaretto","Regular","178"
"720","Colorado","Central","Major Market","144.0","259.0","99.0","39.0","27.0","766.0","120.0","100.0","150.0","250.0","1","02/01/11 00:00:00","Coffee","Amaretto","Regular","160"
"720","Colorado","Central","Major Market","152.0","254.0","104.0","38.0","29.0","821.0","120.0","110.0","150.0","260.0","1","05/01/11 00:00:00","Coffee","Amaretto","Regular","150"
"720","Colorado","Central","Major Market","152.0","254.0","104.0","38.0","29.0","952.0","120.0","110.0","150.0","260.0","1","07/01/11 00:00:00","Coffee","Amaretto","Regular","150"
"720","Colorado","Central","Major Market","178.0","298.0","123.0","42.0","34.0","941.0","140.0","130.0","180.0","310.0","1","08/01/11 00:00:00","Coffee","Amaretto","Regular","175"
"720","Colorado","Central","Major Market","107.0","190.0","83.0","39.0","27.0","613.0","80.0","80.0","110.0","190.0","2","02/01/10 00:00:00","Coffee","Columbian","Regular","107"
"720","Colorado","Central","Major Market","107.0","213.0","83.0","41.0","27.0","623.0","80.0","80.0","110.0","190.0","2","01/01/11 00:00:00","Coffee","Columbian","Regular","130"
"720","Colorado","Central","Major Market","107.0","188.0","83.0","36.0","27.0","584.0","80.0","80.0","110.0","190.0","2","05/01/11 00:00:00","Coffee","Columbian","Regular","105"
"720","Colorado","Central","Major Market","139.0","234.0","95.0","38.0","26.0","799.0","110.0","100.0","140.0","240.0","3","03/01/10 00:00:00","Coffee","Decaf Irish Cream","Decaf","139"
"720","Colorado","Central","Major Market","152.0","256.0","104.0","40.0","29.0","871.0","120.0","110.0","150.0","260.0","3","05/01/10 00:00:00","Coffee","Decaf Irish Cream","Decaf","152"
"720","Colorado","Central","Major Market","124.0","210.0","86.0","36.0","24.0","1003.0","90.0","80.0","120.0","200.0","3","12/01/10 00:00:00","Coffee","Decaf Irish Cream","Decaf","124"
"720","Colorado","Central","Major Market","178.0","298.0","123.0","43.0","34.0","947.0","140.0","130.0","180.0","310.0","3","06/01/11 00:00:00","Coffee","Decaf Irish Cream","Decaf","175"
"720","Colorado","Central","Major Market","191.0","320.0","132.0","44.0","36.0","994.0","160.0","130.0","200.0","330.0","3","08/01/11 00:00:00","Coffee","Decaf Irish Cream","Decaf","188"
"720","Colorado","Central","Major Market","145.0","261.0","100.0","39.0","28.0","981.0","120.0","100.0","150.0","250.0","3","09/01/11 00:00:00","Coffee","Decaf Irish Cream","Decaf","161"
"720","Colorado","Central","Major Market","117.0","211.0","81.0","33.0","22.0","984.0","80.0","80.0","110.0","190.0","3","11/01/11 00:00:00","Coffee","Decaf Irish Cream","Decaf","130"
"720","Colorado","Central","Major Market","124.0","224.0","86.0","36.0","24.0","1003.0","90.0","80.0","120.0","200.0","3","12/01/11 00:00:00","Coffee","Decaf Irish Cream","Decaf","138"
"720","Colorado","Central","Major Market","55.0","98.0","43.0","26.0","14.0","613.0","30.0","30.0","50.0","80.0","13","03/01/10 00:00:00","Tea","Green Tea","Regular","55"
"720","Colorado","Central","Major Market","56.0","99.0","43.0","27.0","14.0","597.0","30.0","30.0","50.0","80.0","13","06/01/10 00:00:00","Tea","Green Tea","Regular","56"
"720","Colorado","Central","Major Market","115.0","205.0","90.0","41.0","29.0","572.0","80.0","50.0","90.0","140.0","13","10/01/10 00:00:00","Tea","Green Tea","Regular","115"
"720","Colorado","Central","Major Market","87.0","154.0","68.0","32.0","22.0","587.0","50.0","50.0","80.0","130.0","13","08/01/11 00:00:00","Tea","Green Tea","Regular","86"
"720","Colorado","Central","Major Market","117.0","198.0","81.0","33.0","22.0","460.0","110.0","90.0","140.0","230.0","5","04/01/10 00:00:00","Espresso","Caffe Mocha","Regular","117"
"720","Colorado","Central","Major Market","145.0","245.0","100.0","40.0","28.0","598.0","130.0","110.0","170.0","280.0","5","08/01/10 00:00:00","Espresso","Caffe Mocha","Regular","145"
"720","Colorado","Central","Major Market","80.0","150.0","54.0","27.0","15.0","456.0","70.0","60.0","90.0","150.0","5","01/01/11 00:00:00","Espresso","Caffe Mocha","Regular","96"
"720","Colorado","Central","Major Market","117.0","211.0","81.0","33.0","22.0","441.0","110.0","90.0","140.0","230.0","5","03/01/11 00:00:00","Espresso","Caffe Mocha","Regular","130"
"720","Colorado","Central","Major Market","136.0","228.0","94.0","35.0","26.0","608.0","140.0","100.0","170.0","270.0","5","07/01/11 00:00:00","Espresso","Caffe Mocha","Regular","134"
"720","Colorado","Central","Major Market","108.0","180.0","72.0","55.0","23.0","558.0","80.0","80.0","130.0","210.0","6","01/01/10 00:00:00","Espresso","Decaf Espresso","Decaf","108"
"720","Colorado","Central","Major Market","79.0","130.0","52.0","46.0","17.0","662.0","50.0","60.0","90.0","150.0","6","08/01/11 00:00:00","Espresso","Decaf Espresso","Decaf","78"
"720","Colorado","Central","Major Market","101.0","179.0","67.0","54.0","22.0","677.0","80.0","80.0","130.0","210.0","6","12/01/11 00:00:00","Espresso","Decaf Espresso","Decaf","112"
"720","Colorado","Central","Major Market","149.0","298.0","149.0","66.0","41.0","1245.0","90.0","120.0","140.0","260.0","8","06/01/10 00:00:00","Herbal Tea","Chamomile","Decaf","149"
"720","Colorado","Central","Major Market","171.0","382.0","170.0","76.0","47.0","1091.0","110.0","140.0","160.0","300.0","8","01/01/11 00:00:00","Herbal Tea","Chamomile","Decaf","212"
"720","Colorado","Central","Major Market","163.0","346.0","162.0","69.0","45.0","1091.0","100.0","130.0","150.0","280.0","8","04/01/11 00:00:00","Herbal Tea","Chamomile","Decaf","184"
"720","Colorado","Central","Major Market","149.0","295.0","149.0","61.0","41.0","1245.0","90.0","120.0","140.0","260.0","8","06/01/11 00:00:00","Herbal Tea","Chamomile","Decaf","146"
"720","Colorado","Central","Major Market","161.0","343.0","161.0","69.0","45.0","1267.0","110.0","120.0","140.0","260.0","8","10/01/11 00:00:00","Herbal Tea","Chamomile","Decaf","182"
"720","Colorado","Central","Major Market","75.0","128.0","53.0","78.0","48.0","458.0","10.0","40.0","70.0","110.0","9","05/01/10 00:00:00","Herbal Tea","Lemon","Decaf","75"
"720","Colorado","Central","Major Market","63.0","107.0","44.0","70.0","40.0","496.0","10.0","30.0","60.0","90.0","9","06/01/10 00:00:00","Herbal Tea","Lemon","Decaf","63"
"720","Colorado","Central","Major Market","87.0","168.0","63.0","91.0","57.0","435.0","20.0","50.0","80.0","130.0","9","01/01/11 00:00:00","Herbal Tea","Lemon","Decaf","105"
"720","Colorado","Central","Major Market","73.0","133.0","52.0","77.0","47.0","433.0","20.0","40.0","70.0","110.0","9","04/01/11 00:00:00","Herbal Tea","Lemon","Decaf","81"
"720","Colorado","Central","Major Market","71.0","130.0","51.0","76.0","46.0","503.0","30.0","30.0","60.0","90.0","9","10/01/11 00:00:00","Herbal Tea","Lemon","Decaf","79"
"720","Colorado","Central","Major Market","77.0","134.0","57.0","46.0","18.0","323.0","40.0","40.0","70.0","110.0","10","03/01/10 00:00:00","Herbal Tea","Mint","Decaf","77"
"720","Colorado","Central","Major Market","63.0","110.0","47.0","42.0","15.0","420.0","20.0","40.0","50.0","90.0","10","07/01/10 00:00:00","Herbal Tea","Mint","Decaf","63"
"720","Colorado","Central","Major Market","72.0","125.0","53.0","45.0","17.0","410.0","40.0","40.0","70.0","110.0","10","09/01/10 00:00:00","Herbal Tea","Mint","Decaf","72"
"720","Colorado","Central","Major Market","79.0","138.0","59.0","47.0","19.0","411.0","40.0","50.0","70.0","120.0","10","11/01/10 00:00:00","Herbal Tea","Mint","Decaf","79"
"720","Colorado","Central","Major Market","74.0","137.0","55.0","45.0","18.0","336.0","40.0","40.0","70.0","110.0","10","04/01/11 00:00:00","Herbal Tea","Mint","Decaf","82"
"720","Colorado","Central","Major Market","68.0","117.0","50.0","41.0","16.0","397.0","30.0","40.0","60.0","100.0","10","06/01/11 00:00:00","Herbal Tea","Mint","Decaf","67"
"720","Colorado","Central","Major Market","63.0","109.0","47.0","39.0","15.0","420.0","20.0","40.0","50.0","90.0","10","07/01/11 00:00:00","Herbal Tea","Mint","Decaf","62"
"720","Colorado","Central","Major Market","72.0","133.0","53.0","45.0","17.0","410.0","40.0","40.0","70.0","110.0","10","09/01/11 00:00:00","Herbal Tea","Mint","Decaf","80"
"720","Colorado","Central","Major Market","65.0","118.0","53.0","53.0","20.0","361.0","20.0","40.0","60.0","100.0","11","05/01/10 00:00:00","Tea","Darjeeling","Regular","65"
"720","Colorado","Central","Major Market","60.0","109.0","49.0","51.0","18.0","414.0","10.0","40.0","50.0","90.0","11","08/01/10 00:00:00","Tea","Darjeeling","Regular","60"
"720","Colorado","Central","Major Market","67.0","129.0","54.0","54.0","20.0","337.0","20.0","40.0","60.0","100.0","11","04/01/11 00:00:00","Tea","Darjeeling","Regular","75"
"720","Colorado","Central","Major Market","65.0","117.0","53.0","49.0","20.0","361.0","20.0","40.0","60.0","100.0","11","05/01/11 00:00:00","Tea","Darjeeling","Regular","64"
"720","Colorado","Central","Major Market","60.0","108.0","49.0","47.0","18.0","414.0","10.0","40.0","50.0","90.0","11","08/01/11 00:00:00","Tea","Darjeeling","Regular","59"
"720","Colorado","Central","Major Market","66.0","128.0","54.0","53.0","20.0","404.0","30.0","30.0","50.0","80.0","11","10/01/11 00:00:00","Tea","Darjeeling","Regular","74"
"720","Colorado","Central","Major Market","74.0","136.0","62.0","40.0","19.0","958.0","30.0","50.0","60.0","110.0","12","02/01/10 00:00:00","Tea","Earl Grey","Regular","74"
"720","Colorado","Central","Major Market","59.0","109.0","50.0","36.0","15.0","1051.0","20.0","40.0","50.0","90.0","12","07/01/10 00:00:00","Tea","Earl Grey","Regular","59"
"720","Colorado","Central","Major Market","62.0","113.0","51.0","37.0","15.0","1042.0","20.0","40.0","50.0","90.0","12","09/01/10 00:00:00","Tea","Earl Grey","Regular","62"
"720","Colorado","Central","Major Market","59.0","108.0","50.0","33.0","15.0","1051.0","20.0","40.0","50.0","90.0","12","07/01/11 00:00:00","Tea","Earl Grey","Regular","58"
"720","Colorado","Central","Major Market","50.0","90.0","41.0","32.0","12.0","1046.0","20.0","30.0","50.0","80.0","12","08/01/11 00:00:00","Tea","Earl Grey","Regular","49"
"727","Florida","East","Major Market","195.0","336.0","141.0","66.0","43.0","692.0","130.0","130.0","180.0","310.0","3","07/01/10 00:00:00","Coffee","Decaf Irish Cream","Decaf","195"
"727","Florida","East","Major Market","186.0","341.0","134.0","64.0","41.0","690.0","110.0","120.0","160.0","280.0","3","12/01/11 00:00:00","Coffee","Decaf Irish Cream","Decaf","207"
"727","Florida","East","Major Market","68.0","115.0","47.0","24.0","13.0","772.0","60.0","40.0","80.0","120.0","13","02/01/10 00:00:00","Tea","Green Tea","Regular","68"
"727","Florida","East","Major Market","134.0","245.0","96.0","116.0","87.0","683.0","50.0","80.0","130.0","210.0","5","10/01/11 00:00:00","Espresso","Caffe Mocha","Regular","149"
"727","Florida","East","Major Market","43.0","81.0","33.0","22.0","10.0","577.0","20.0","20.0","30.0","50.0","8","09/01/11 00:00:00","Herbal Tea","Chamomile","Decaf","48"
"727","Florida","East","Major Market","30.0","55.0","22.0","19.0","7.0","570.0","10.0","10.0","20.0","30.0","8","11/01/11 00:00:00","Herbal Tea","Chamomile","Decaf","33"
"727","Florida","East","Major Market","65.0","118.0","53.0","53.0","20.0","306.0","20.0","40.0","50.0","90.0","9","02/01/10 00:00:00","Herbal Tea","Lemon","Decaf","65"
"727","Florida","East","Major Market","66.0","128.0","54.0","54.0","20.0","301.0","20.0","40.0","50.0","90.0","9","03/01/11 00:00:00","Herbal Tea","Lemon","Decaf","74"
"727","Florida","East","Major Market","77.0","139.0","63.0","53.0","23.0","397.0","30.0","40.0","60.0","100.0","9","08/01/11 00:00:00","Herbal Tea","Lemon","Decaf","76"
"740","Ohio","Central","Major Market","80.0","140.0","60.0","46.0","19.0","336.0","50.0","60.0","80.0","140.0","1","01/01/10 00:00:00","Coffee","Amaretto","Regular","80"
"740","Ohio","Central","Major Market","74.0","129.0","55.0","46.0","18.0","336.0","50.0","50.0","80.0","130.0","1","04/01/10 00:00:00","Coffee","Amaretto","Regular","74"
"740","Ohio","Central","Major Market","72.0","121.0","49.0","37.0","15.0","351.0","40.0","50.0","70.0","120.0","2","03/01/10 00:00:00","Coffee","Columbian","Regular","72"
"740","Ohio","Central","Major Market","149.0","298.0","149.0","65.0","41.0","1156.0","120.0","170.0","180.0","350.0","5","05/01/10 00:00:00","Espresso","Caffe Mocha","Regular","149"
"740","Ohio","Central","Major Market","153.0","306.0","153.0","66.0","42.0","1319.0","140.0","190.0","200.0","390.0","5","12/01/10 00:00:00","Espresso","Caffe Mocha","Regular","153"
"740","Ohio","Central","Major Market","65.0","118.0","53.0","54.0","20.0","361.0","20.0","60.0","70.0","130.0","6","05/01/10 00:00:00","Espresso","Decaf Espresso","Decaf","65"
"740","Ohio","Central","Major Market","57.0","103.0","46.0","51.0","17.0","422.0","40.0","50.0","80.0","130.0","6","12/01/10 00:00:00","Espresso","Decaf Espresso","Decaf","57"
"740","Ohio","Central","Major Market","64.0","114.0","51.0","48.0","19.0","396.0","30.0","50.0","80.0","130.0","6","06/01/11 00:00:00","Espresso","Decaf Espresso","Decaf","63"
"740","Ohio","Central","Major Market","26.0","44.0","18.0","17.0","5.0","486.0","20.0","10.0","20.0","30.0","8","07/01/10 00:00:00","Herbal Tea","Chamomile","Decaf","26"
"740","Ohio","Central","Major Market","48.0","80.0","32.0","19.0","8.0","821.0","50.0","20.0","50.0","70.0","9","01/01/10 00:00:00","Herbal Tea","Lemon","Decaf","48"
"740","Ohio","Central","Major Market","48.0","80.0","32.0","20.0","8.0","817.0","50.0","20.0","50.0","70.0","9","02/01/10 00:00:00","Herbal Tea","Lemon","Decaf","48"
"740","Ohio","Central","Major Market","47.0","79.0","32.0","19.0","8.0","813.0","40.0","20.0","40.0","60.0","9","03/01/10 00:00:00","Herbal Tea","Lemon","Decaf","47"
"740","Ohio","Central","Major Market","134.0","222.0","88.0","61.0","29.0","653.0","70.0","70.0","120.0","190.0","11","04/01/10 00:00:00","Tea","Darjeeling","Regular","134"
"740","Ohio","Central","Major Market","172.0","286.0","114.0","68.0","37.0","822.0","100.0","90.0","160.0","250.0","11","07/01/10 00:00:00","Tea","Darjeeling","Regular","172"
"740","Ohio","Central","Major Market","172.0","283.0","114.0","63.0","37.0","822.0","100.0","90.0","160.0","250.0","11","07/01/11 00:00:00","Tea","Darjeeling","Regular","169"
"740","Ohio","Central","Major Market","186.0","320.0","134.0","65.0","41.0","690.0","90.0","110.0","150.0","260.0","12","12/01/10 00:00:00","Tea","Earl Grey","Regular","186"
"740","Ohio","Central","Major Market","120.0","220.0","86.0","49.0","26.0","490.0","70.0","70.0","110.0","180.0","12","02/01/11 00:00:00","Tea","Earl Grey","Regular","134"
"740","Ohio","Central","Major Market","143.0","261.0","102.0","54.0","31.0","666.0","70.0","80.0","120.0","200.0","12","11/01/11 00:00:00","Tea","Earl Grey","Regular","159"
"754","Florida","East","Major Market","120.0","200.0","80.0","57.0","26.0","640.0","80.0","70.0","120.0","190.0","2","02/01/10 00:00:00","Coffee","Columbian","Regular","120"
"754","Florida","East","Major Market","119.0","197.0","78.0","56.0","25.0","798.0","60.0","70.0","100.0","170.0","2","11/01/10 00:00:00","Coffee","Columbian","Regular","119"
"754","Florida","East","Major Market","133.0","221.0","88.0","60.0","29.0","817.0","80.0","70.0","120.0","190.0","2","12/01/10 00:00:00","Coffee","Columbian","Regular","133"
"754","Florida","East","Major Market","141.0","233.0","94.0","59.0","31.0","697.0","90.0","90.0","130.0","220.0","2","05/01/11 00:00:00","Coffee","Columbian","Regular","139"
"754","Florida","East","Major Market","116.0","200.0","84.0","49.0","26.0","500.0","70.0","80.0","110.0","190.0","3","01/01/10 00:00:00","Coffee","Decaf Irish Cream","Decaf","116"
"754","Florida","East","Major Market","155.0","285.0","112.0","57.0","34.0","502.0","100.0","100.0","150.0","250.0","3","04/01/11 00:00:00","Coffee","Decaf Irish Cream","Decaf","173"
"754","Florida","East","Major Market","195.0","333.0","141.0","61.0","43.0","692.0","130.0","130.0","180.0","310.0","3","07/01/11 00:00:00","Coffee","Decaf Irish Cream","Decaf","192"
"754","Florida","East","Major Market","48.0","81.0","33.0","20.0","9.0","777.0","40.0","30.0","50.0","80.0","13","01/01/10 00:00:00","Tea","Green Tea","Regular","48"
"754","Florida","East","Major Market","72.0","121.0","49.0","25.0","13.0","779.0","60.0","50.0","80.0","130.0","13","04/01/10 00:00:00","Tea","Green Tea","Regular","72"
"754","Florida","East","Major Market","75.0","134.0","51.0","26.0","14.0","857.0","60.0","50.0","80.0","130.0","13","09/01/11 00:00:00","Tea","Green Tea","Regular","83"
"754","Florida","East","Major Market","130.0","224.0","94.0","115.0","85.0","694.0","20.0","90.0","120.0","210.0","5","11/01/10 00:00:00","Espresso","Caffe Mocha","Regular","130"
"754","Florida","East","Major Market","130.0","238.0","93.0","113.0","84.0","692.0","40.0","80.0","130.0","210.0","5","09/01/11 00:00:00","Espresso","Caffe Mocha","Regular","145"
"754","Florida","East","Major Market","103.0","180.0","77.0","53.0","25.0","432.0","60.0","70.0","100.0","170.0","6","01/01/10 00:00:00","Espresso","Decaf Espresso","Decaf","103"
"754","Florida","East","Major Market","112.0","208.0","83.0","54.0","27.0","433.0","80.0","70.0","120.0","190.0","6","04/01/11 00:00:00","Espresso","Decaf Espresso","Decaf","125"
"754","Florida","East","Major Market","130.0","225.0","97.0","55.0","32.0","575.0","80.0","90.0","130.0","220.0","6","07/01/11 00:00:00","Espresso","Decaf Espresso","Decaf","128"
"754","Florida","East","Major Market","62.0","110.0","48.0","28.0","15.0","617.0","30.0","30.0","50.0","80.0","8","02/01/10 00:00:00","Herbal Tea","Chamomile","Decaf","62"
"754","Florida","East","Major Market","62.0","117.0","48.0","28.0","15.0","617.0","30.0","30.0","50.0","80.0","8","02/01/11 00:00:00","Herbal Tea","Chamomile","Decaf","69"
"754","Florida","East","Major Market","74.0","133.0","59.0","55.0","22.0","377.0","30.0","40.0","60.0","100.0","9","06/01/10 00:00:00","Herbal Tea","Lemon","Decaf","74"
"754","Florida","East","Major Market","74.0","132.0","59.0","51.0","22.0","377.0","30.0","40.0","60.0","100.0","9","06/01/11 00:00:00","Herbal Tea","Lemon","Decaf","73"
"754","Florida","East","Major Market","82.0","151.0","69.0","43.0","21.0","965.0","40.0","50.0","60.0","110.0","10","04/01/10 00:00:00","Herbal Tea","Mint","Decaf","82"
"754","Florida","East","Major Market","99.0","194.0","83.0","46.0","25.0","1063.0","50.0","60.0","80.0","140.0","10","09/01/11 00:00:00","Herbal Tea","Mint","Decaf","111"
"754","Florida","East","Major Market","52.0","87.0","35.0","20.0","9.0","875.0","50.0","30.0","60.0","90.0","11","09/01/10 00:00:00","Tea","Darjeeling","Regular","52"
"760","California","West","Major Market","108.0","180.0","72.0","54.0","23.0","558.0","50.0","40.0","80.0","120.0","13","01/01/10 00:00:00","Tea","Green Tea","Regular","108"
"760","California","West","Major Market","90.0","150.0","60.0","51.0","19.0","656.0","40.0","30.0","70.0","100.0","13","09/01/10 00:00:00","Tea","Green Tea","Regular","90"
"760","California","West","Major Market","152.0","256.0","104.0","41.0","29.0","871.0","120.0","80.0","140.0","220.0","8","05/01/10 00:00:00","Herbal Tea","Chamomile","Decaf","152"
"760","California","West","Major Market","117.0","211.0","81.0","33.0","22.0","984.0","80.0","70.0","110.0","180.0","8","11/01/11 00:00:00","Herbal Tea","Chamomile","Decaf","130"
"760","California","West","Major Market","109.0","206.0","84.0","40.0","27.0","603.0","60.0","70.0","90.0","160.0","10","03/01/11 00:00:00","Herbal Tea","Mint","Decaf","122"
"760","California","West","Major Market","178.0","301.0","123.0","45.0","34.0","941.0","100.0","80.0","120.0","200.0","11","08/01/10 00:00:00","Tea","Darjeeling","Regular","178"
"760","California","West","Major Market","145.0","243.0","100.0","37.0","28.0","598.0","90.0","60.0","100.0","160.0","12","08/01/11 00:00:00","Tea","Earl Grey","Regular","143"
"760","California","West","Major Market","73.0","131.0","50.0","26.0","14.0","589.0","40.0","30.0","50.0","80.0","12","11/01/11 00:00:00","Tea","Earl Grey","Regular","81"
"760","California","West","Major Market","239.0","478.0","239.0","90.0","66.0","1417.0","150.0","220.0","230.0","450.0","4","03/01/10 00:00:00","Espresso","Caffe Latte","Regular","239"
"772","Florida","East","Major Market","143.0","245.0","102.0","54.0","31.0","666.0","90.0","90.0","130.0","220.0","3","11/01/10 00:00:00","Coffee","Decaf Irish Cream","Decaf","143"
"772","Florida","East","Major Market","127.0","232.0","91.0","51.0","28.0","656.0","90.0","70.0","110.0","180.0","3","10/01/11 00:00:00","Coffee","Decaf Irish Cream","Decaf","141"
"772","Florida","East","Major Market","70.0","126.0","48.0","24.0","13.0","851.0","60.0","50.0","70.0","120.0","13","10/01/11 00:00:00","Tea","Green Tea","Regular","78"
"772","Florida","East","Major Market","154.0","262.0","110.0","120.0","100.0","665.0","40.0","100.0","150.0","250.0","5","06/01/11 00:00:00","Espresso","Caffe Mocha","Regular","152"
"772","Florida","East","Major Market","121.0","210.0","91.0","54.0","30.0","533.0","80.0","80.0","120.0","200.0","6","06/01/11 00:00:00","Espresso","Decaf Espresso","Decaf","119"
"772","Florida","East","Major Market","103.0","192.0","77.0","52.0","25.0","557.0","60.0","70.0","100.0","170.0","6","11/01/11 00:00:00","Espresso","Decaf Espresso","Decaf","115"
"772","Florida","East","Major Market","32.0","56.0","24.0","20.0","7.0","567.0","20.0","10.0","30.0","40.0","8","12/01/10 00:00:00","Herbal Tea","Chamomile","Decaf","32"
"772","Florida","East","Major Market","66.0","120.0","54.0","54.0","20.0","301.0","20.0","40.0","50.0","90.0","9","03/01/10 00:00:00","Herbal Tea","Lemon","Decaf","66"
"772","Florida","East","Major Market","70.0","135.0","57.0","55.0","21.0","313.0","20.0","40.0","50.0","90.0","9","04/01/11 00:00:00","Herbal Tea","Lemon","Decaf","78"
"772","Florida","East","Major Market","81.0","150.0","69.0","42.0","21.0","965.0","40.0","50.0","60.0","110.0","10","01/01/10 00:00:00","Herbal Tea","Mint","Decaf","81"
"772","Florida","East","Major Market","65.0","109.0","45.0","22.0","12.0","885.0","50.0","40.0","70.0","110.0","11","07/01/11 00:00:00","Tea","Darjeeling","Regular","64"
"773","Illinois","Central","Major Market","213.0","391.0","154.0","94.0","50.0","829.0","140.0","160.0","220.0","380.0","2","03/01/11 00:00:00","Coffee","Columbian","Regular","237"
"773","Illinois","Central","Major Market","150.0","271.0","104.0","55.0","33.0","596.0","100.0","110.0","150.0","260.0","3","02/01/11 00:00:00","Coffee","Decaf Irish Cream","Decaf","167"
"773","Illinois","Central","Major Market","349.0","612.0","263.0","119.0","86.0","1433.0","300.0","300.0","420.0","720.0","5","05/01/10 00:00:00","Espresso","Caffe Mocha","Regular","349"
"773","Illinois","Central","Major Market","349.0","607.0","263.0","111.0","86.0","1433.0","300.0","300.0","420.0","720.0","5","05/01/11 00:00:00","Espresso","Caffe Mocha","Regular","344"
"773","Illinois","Central","Major Market","362.0","628.0","272.0","113.0","89.0","1616.0","300.0","310.0","430.0","740.0","5","06/01/11 00:00:00","Espresso","Caffe Mocha","Regular","356"
"773","Illinois","Central","Major Market","392.0","681.0","295.0","121.0","97.0","1714.0","340.0","340.0","470.0","810.0","5","08/01/11 00:00:00","Espresso","Caffe Mocha","Regular","386"
"773","Illinois","Central","Major Market","239.0","478.0","239.0","91.0","66.0","1417.0","200.0","270.0","290.0","560.0","6","03/01/10 00:00:00","Espresso","Decaf Espresso","Decaf","239"
"773","Illinois","Central","Major Market","228.0","510.0","228.0","92.0","63.0","1459.0","180.0","260.0","270.0","530.0","6","01/01/11 00:00:00","Espresso","Decaf Espresso","Decaf","282"
"773","Illinois","Central","Major Market","261.0","516.0","260.0","89.0","72.0","1559.0","210.0","300.0","310.0","610.0","6","05/01/11 00:00:00","Espresso","Decaf Espresso","Decaf","256"
"773","Illinois","Central","Major Market","249.0","531.0","249.0","94.0","69.0","1775.0","210.0","280.0","300.0","580.0","6","09/01/11 00:00:00","Espresso","Decaf Espresso","Decaf","282"
"773","Illinois","Central","Major Market","239.0","509.0","239.0","90.0","66.0","1755.0","300.0","340.0","370.0","710.0","6","10/01/11 00:00:00","Espresso","Decaf Espresso","Decaf","270"
"773","Illinois","Central","Major Market","251.0","534.0","250.0","94.0","70.0","1820.0","240.0","320.0","320.0","640.0","6","12/01/11 00:00:00","Espresso","Decaf Espresso","Decaf","284"
"773","Illinois","Central","Major Market","152.0","256.0","104.0","40.0","29.0","821.0","120.0","80.0","140.0","220.0","8","05/01/10 00:00:00","Herbal Tea","Chamomile","Decaf","152"
"773","Illinois","Central","Major Market","130.0","245.0","89.0","37.0","24.0","777.0","100.0","70.0","120.0","190.0","8","01/01/11 00:00:00","Herbal Tea","Chamomile","Decaf","156"
"773","Illinois","Central","Major Market","152.0","254.0","104.0","37.0","29.0","821.0","120.0","80.0","140.0","220.0","8","05/01/11 00:00:00","Herbal Tea","Chamomile","Decaf","150"
"773","Illinois","Central","Major Market","107.0","190.0","83.0","39.0","27.0","613.0","60.0","70.0","90.0","160.0","9","02/01/10 00:00:00","Herbal Tea","Lemon","Decaf","107"
"773","Illinois","Central","Major Market","52.0","92.0","40.0","25.0","13.0","536.0","30.0","30.0","50.0","80.0","9","11/01/10 00:00:00","Herbal Tea","Lemon","Decaf","52"
"773","Illinois","Central","Major Market","56.0","99.0","43.0","27.0","14.0","531.0","30.0","40.0","50.0","90.0","9","12/01/10 00:00:00","Herbal Tea","Lemon","Decaf","56"
"773","Illinois","Central","Major Market","107.0","213.0","83.0","41.0","27.0","623.0","60.0","70.0","90.0","160.0","9","01/01/11 00:00:00","Herbal Tea","Lemon","Decaf","130"
"773","Illinois","Central","Major Market","107.0","202.0","83.0","39.0","27.0","613.0","60.0","70.0","90.0","160.0","9","02/01/11 00:00:00","Herbal Tea","Lemon","Decaf","119"
"773","Illinois","Central","Major Market","107.0","188.0","83.0","36.0","27.0","584.0","60.0","70.0","90.0","160.0","9","05/01/11 00:00:00","Herbal Tea","Lemon","Decaf","105"
"773","Illinois","Central","Major Market","107.0","188.0","83.0","37.0","27.0","574.0","60.0","70.0","90.0","160.0","9","06/01/11 00:00:00","Herbal Tea","Lemon","Decaf","105"
"773","Illinois","Central","Major Market","112.0","197.0","87.0","37.0","28.0","564.0","70.0","70.0","100.0","170.0","9","07/01/11 00:00:00","Herbal Tea","Lemon","Decaf","110"
"773","Illinois","Central","Major Market","139.0","234.0","95.0","38.0","26.0","821.0","100.0","80.0","120.0","200.0","10","01/01/10 00:00:00","Herbal Tea","Mint","Decaf","139"
"773","Illinois","Central","Major Market","139.0","234.0","95.0","37.0","26.0","799.0","100.0","80.0","120.0","200.0","10","03/01/10 00:00:00","Herbal Tea","Mint","Decaf","139"
"773","Illinois","Central","Major Market","152.0","256.0","104.0","40.0","29.0","871.0","120.0","80.0","140.0","220.0","10","05/01/10 00:00:00","Herbal Tea","Mint","Decaf","152"
"773","Illinois","Central","Major Market","145.0","245.0","100.0","39.0","28.0","981.0","110.0","80.0","130.0","210.0","10","09/01/10 00:00:00","Herbal Tea","Mint","Decaf","145"
"773","Illinois","Central","Major Market","145.0","261.0","100.0","39.0","28.0","981.0","110.0","80.0","130.0","210.0","10","09/01/11 00:00:00","Herbal Tea","Mint","Decaf","161"
"773","Illinois","Central","Major Market","108.0","180.0","72.0","55.0","23.0","541.0","40.0","60.0","90.0","150.0","12","03/01/10 00:00:00","Tea","Earl Grey","Regular","108"
"773","Illinois","Central","Major Market","90.0","150.0","60.0","50.0","19.0","656.0","40.0","50.0","80.0","130.0","12","09/01/10 00:00:00","Tea","Earl Grey","Regular","90"
"773","Illinois","Central","Major Market","102.0","181.0","68.0","53.0","22.0","559.0","40.0","50.0","90.0","140.0","12","04/01/11 00:00:00","Tea","Earl Grey","Regular","113"
"774","Massachusetts","East","Major Market","395.0","470.0","75.0","55.0","24.0","235.0","330.0","70.0","370.0","440.0","2","02/01/10 00:00:00","Coffee","Columbian","Regular","395"
"774","Massachusetts","East","Major Market","451.0","519.0","68.0","54.0","22.0","-348.0","400.0","60.0","430.0","490.0","2","04/01/10 00:00:00","Coffee","Columbian","Regular","451"
"774","Massachusetts","East","Major Market","420.0","524.0","72.0","54.0","23.0","-54.0","360.0","60.0","400.0","460.0","2","03/01/11 00:00:00","Coffee","Columbian","Regular","452"
"774","Massachusetts","East","Major Market","595.0","643.0","54.0","45.0","17.0","-1006.0","530.0","50.0","560.0","610.0","2","06/01/11 00:00:00","Coffee","Columbian","Regular","589"
"774","Massachusetts","East","Major Market","516.0","614.0","60.0","51.0","19.0","-2572.0","460.0","50.0","490.0","540.0","2","09/01/11 00:00:00","Coffee","Columbian","Regular","554"
"774","Massachusetts","East","Major Market","32.0","56.0","21.0","16.0","5.0","454.0","20.0","20.0","30.0","50.0","13","04/01/11 00:00:00","Tea","Green Tea","Regular","35"
"774","Massachusetts","East","Major Market","26.0","44.0","18.0","16.0","5.0","486.0","20.0","10.0","30.0","40.0","13","07/01/11 00:00:00","Tea","Green Tea","Regular","26"
"774","Massachusetts","East","Major Market","44.0","78.0","29.0","19.0","8.0","490.0","30.0","30.0","40.0","70.0","13","12/01/11 00:00:00","Tea","Green Tea","Regular","49"
"774","Massachusetts","East","Major Market","65.0","116.0","51.0","76.0","46.0","542.0","30.0","30.0","70.0","100.0","5","10/01/10 00:00:00","Espresso","Caffe Mocha","Regular","65"
"774","Massachusetts","East","Major Market","68.0","120.0","52.0","76.0","47.0","554.0","0.0","50.0","60.0","110.0","5","11/01/10 00:00:00","Espresso","Caffe Mocha","Regular","68"
"774","Massachusetts","East","Major Market","74.0","136.0","54.0","78.0","49.0","451.0","10.0","50.0","70.0","120.0","5","02/01/11 00:00:00","Espresso","Caffe Mocha","Regular","82"
"774","Massachusetts","East","Major Market","73.0","133.0","52.0","77.0","47.0","446.0","20.0","40.0","80.0","120.0","5","03/01/11 00:00:00","Espresso","Caffe Mocha","Regular","81"
"774","Massachusetts","East","Major Market","65.0","124.0","51.0","76.0","46.0","542.0","30.0","30.0","70.0","100.0","5","10/01/11 00:00:00","Espresso","Caffe Mocha","Regular","73"
"774","Massachusetts","East","Major Market","67.0","129.0","54.0","54.0","20.0","337.0","20.0","40.0","50.0","90.0","9","04/01/11 00:00:00","Herbal Tea","Lemon","Decaf","75"
"774","Massachusetts","East","Major Market","64.0","114.0","51.0","49.0","19.0","419.0","20.0","30.0","50.0","80.0","9","07/01/11 00:00:00","Herbal Tea","Lemon","Decaf","63"
"774","Massachusetts","East","Major Market","57.0","109.0","45.0","51.0","17.0","409.0","10.0","30.0","40.0","70.0","9","09/01/11 00:00:00","Herbal Tea","Lemon","Decaf","64"
"774","Massachusetts","East","Major Market","57.0","110.0","46.0","50.0","17.0","422.0","10.0","30.0","40.0","70.0","9","12/01/11 00:00:00","Herbal Tea","Lemon","Decaf","64"
"774","Massachusetts","East","Major Market","42.0","70.0","29.0","19.0","8.0","835.0","30.0","30.0","40.0","70.0","11","05/01/11 00:00:00","Tea","Darjeeling","Regular","41"
"774","Massachusetts","East","Major Market","170.0","362.0","170.0","71.0","47.0","1073.0","110.0","160.0","170.0","330.0","7","02/01/11 00:00:00","Espresso","Regular Espresso","Regular","192"
"774","Massachusetts","East","Major Market","163.0","346.0","162.0","69.0","45.0","1059.0","100.0","150.0","160.0","310.0","7","03/01/11 00:00:00","Espresso","Regular Espresso","Regular","184"
"774","Massachusetts","East","Major Market","155.0","330.0","155.0","68.0","43.0","1280.0","100.0","140.0","160.0","300.0","7","09/01/11 00:00:00","Espresso","Regular Espresso","Regular","175"
"775","Nevada","West","Small Market","41.0","74.0","33.0","46.0","12.0","193.0","10.0","40.0","50.0","90.0","2","02/01/10 00:00:00","Coffee","Columbian","Regular","41"
"775","Nevada","West","Small Market","44.0","79.0","35.0","46.0","13.0","197.0","10.0","40.0","50.0","90.0","2","04/01/10 00:00:00","Coffee","Columbian","Regular","44"
"775","Nevada","West","Small Market","46.0","82.0","36.0","47.0","13.0","252.0","20.0","40.0","60.0","100.0","2","07/01/10 00:00:00","Coffee","Columbian","Regular","46"
"775","Nevada","West","Small Market","43.0","77.0","34.0","45.0","12.0","240.0","30.0","40.0","60.0","100.0","2","10/01/10 00:00:00","Coffee","Columbian","Regular","43"
"775","Nevada","West","Small Market","41.0","74.0","33.0","45.0","12.0","243.0","10.0","30.0","50.0","80.0","2","11/01/10 00:00:00","Coffee","Columbian","Regular","41"
"775","Nevada","West","Small Market","49.0","88.0","39.0","48.0","14.0","250.0","20.0","40.0","60.0","100.0","2","12/01/10 00:00:00","Coffee","Columbian","Regular","49"
"775","Nevada","West","Small Market","42.0","85.0","34.0","47.0","12.0","197.0","10.0","40.0","50.0","90.0","2","01/01/11 00:00:00","Coffee","Columbian","Regular","51"
"775","Nevada","West","Small Market","46.0","81.0","36.0","44.0","13.0","252.0","20.0","40.0","60.0","100.0","2","07/01/11 00:00:00","Coffee","Columbian","Regular","45"
"775","Nevada","West","Small Market","48.0","85.0","38.0","44.0","14.0","248.0","20.0","40.0","60.0","100.0","2","08/01/11 00:00:00","Coffee","Columbian","Regular","47"
"775","Nevada","West","Small Market","51.0","97.0","40.0","49.0","15.0","244.0","20.0","50.0","60.0","110.0","2","09/01/11 00:00:00","Coffee","Columbian","Regular","57"
"775","Nevada","West","Small Market","41.0","79.0","33.0","45.0","12.0","243.0","10.0","30.0","50.0","80.0","2","11/01/11 00:00:00","Coffee","Columbian","Regular","46"
"775","Nevada","West","Small Market","34.0","62.0","28.0","30.0","8.0","965.0","20.0","30.0","40.0","70.0","3","01/01/10 00:00:00","Coffee","Decaf Irish Cream","Decaf","34"
"775","Nevada","West","Small Market","33.0","61.0","28.0","29.0","8.0","964.0","20.0","30.0","40.0","70.0","3","04/01/10 00:00:00","Coffee","Decaf Irish Cream","Decaf","33"
"775","Nevada","West","Small Market","37.0","68.0","31.0","31.0","9.0","976.0","30.0","30.0","50.0","80.0","3","05/01/10 00:00:00","Coffee","Decaf Irish Cream","Decaf","37"
"775","Nevada","West","Small Market","38.0","70.0","32.0","30.0","9.0","996.0","20.0","40.0","40.0","80.0","3","06/01/10 00:00:00","Coffee","Decaf Irish Cream","Decaf","38"
"775","Nevada","West","Small Market","41.0","75.0","34.0","32.0","10.0","1010.0","30.0","40.0","50.0","90.0","3","07/01/10 00:00:00","Coffee","Decaf Irish Cream","Decaf","41"
"775","Nevada","West","Small Market","37.0","68.0","31.0","30.0","9.0","1000.0","50.0","30.0","60.0","90.0","3","10/01/10 00:00:00","Coffee","Decaf Irish Cream","Decaf","37"
"775","Nevada","West","Small Market","35.0","64.0","29.0","30.0","8.0","1003.0","20.0","30.0","40.0","70.0","3","11/01/10 00:00:00","Coffee","Decaf Irish Cream","Decaf","35"
"775","Nevada","West","Small Market","35.0","67.0","28.0","29.0","8.0","961.0","20.0","30.0","40.0","70.0","3","02/01/11 00:00:00","Coffee","Decaf Irish Cream","Decaf","39"
"775","Nevada","West","Small Market","35.0","67.0","28.0","29.0","8.0","958.0","20.0","30.0","40.0","70.0","3","03/01/11 00:00:00","Coffee","Decaf Irish Cream","Decaf","39"
"775","Nevada","West","Small Market","37.0","67.0","31.0","29.0","9.0","976.0","30.0","30.0","50.0","80.0","3","05/01/11 00:00:00","Coffee","Decaf Irish Cream","Decaf","36"
"775","Nevada","West","Small Market","37.0","72.0","31.0","30.0","9.0","1000.0","50.0","30.0","60.0","90.0","3","10/01/11 00:00:00","Coffee","Decaf Irish Cream","Decaf","41"
"775","Nevada","West","Small Market","38.0","74.0","31.0","30.0","9.0","1009.0","30.0","30.0","50.0","80.0","3","12/01/11 00:00:00","Coffee","Decaf Irish Cream","Decaf","43"
"775","Nevada","West","Small Market","-245.0","32.0","245.0","127.0","93.0","2449.0","-240.0","160.0","-160.0","0.0","13","03/01/10 00:00:00","Tea","Green Tea","Regular","-213"
"775","Nevada","West","Small Market","-284.0","21.0","284.0","141.0","107.0","5807.0","-260.0","180.0","-180.0","0.0","13","08/01/10 00:00:00","Tea","Green Tea","Regular","-263"
"775","Nevada","West","Small Market","-302.0","19.0","302.0","147.0","114.0","6413.0","-280.0","190.0","-190.0","0.0","13","09/01/10 00:00:00","Tea","Green Tea","Regular","-283"
"775","Nevada","West","Small Market","-294.0","31.0","294.0","145.0","111.0","8252.0","-320.0","210.0","-210.0","0.0","13","12/01/10 00:00:00","Tea","Green Tea","Regular","-263"
"775","Nevada","West","Small Market","-245.0","19.0","245.0","132.0","93.0","1419.0","-240.0","160.0","-160.0","0.0","13","01/01/11 00:00:00","Tea","Green Tea","Regular","-226"
"775","Nevada","West","Small Market","-240.0","25.0","240.0","125.0","91.0","1937.0","-220.0","150.0","-150.0","0.0","13","02/01/11 00:00:00","Tea","Green Tea","Regular","-215"
"775","Nevada","West","Small Market","-245.0","34.0","245.0","127.0","93.0","2449.0","-240.0","160.0","-160.0","0.0","13","03/01/11 00:00:00","Tea","Green Tea","Regular","-211"
"775","Nevada","West","Small Market","-271.0","37.0","271.0","126.0","102.0","4507.0","-250.0","170.0","-170.0","0.0","13","06/01/11 00:00:00","Tea","Green Tea","Regular","-234"
"775","Nevada","West","Small Market","-270.0","27.0","270.0","126.0","102.0","5230.0","-250.0","170.0","-170.0","0.0","13","07/01/11 00:00:00","Tea","Green Tea","Regular","-243"
"775","Nevada","West","Small Market","-284.0","21.0","284.0","131.0","107.0","5807.0","-260.0","180.0","-180.0","0.0","13","08/01/11 00:00:00","Tea","Green Tea","Regular","-263"
"775","Nevada","West","Small Market","-302.0","20.0","302.0","147.0","114.0","6413.0","-280.0","190.0","-190.0","0.0","13","09/01/11 00:00:00","Tea","Green Tea","Regular","-282"
"775","Nevada","West","Small Market","-245.0","34.0","245.0","127.0","93.0","7653.0","-280.0","180.0","-180.0","0.0","13","11/01/11 00:00:00","Tea","Green Tea","Regular","-211"
"775","Nevada","West","Small Market","-294.0","33.0","294.0","145.0","111.0","8252.0","-320.0","210.0","-210.0","0.0","13","12/01/11 00:00:00","Tea","Green Tea","Regular","-261"
"775","Nevada","West","Small Market","27.0","45.0","18.0","17.0","5.0","818.0","20.0","10.0","30.0","40.0","5","02/01/10 00:00:00","Espresso","Caffe Mocha","Regular","27"
"775","Nevada","West","Small Market","27.0","45.0","18.0","17.0","5.0","816.0","20.0","10.0","30.0","40.0","5","03/01/10 00:00:00","Espresso","Caffe Mocha","Regular","27"
"775","Nevada","West","Small Market","29.0","49.0","20.0","16.0","5.0","829.0","20.0","10.0","30.0","40.0","5","05/01/10 00:00:00","Espresso","Caffe Mocha","Regular","29"
"775","Nevada","West","Small Market","35.0","58.0","23.0","17.0","6.0","843.0","20.0","20.0","30.0","50.0","5","06/01/10 00:00:00","Espresso","Caffe Mocha","Regular","35"
"775","Nevada","West","Small Market","36.0","61.0","25.0","19.0","7.0","854.0","20.0","20.0","30.0","50.0","5","07/01/10 00:00:00","Espresso","Caffe Mocha","Regular","36"
"775","Nevada","West","Small Market","38.0","63.0","25.0","19.0","7.0","851.0","30.0","20.0","40.0","60.0","5","08/01/10 00:00:00","Espresso","Caffe Mocha","Regular","38"
"775","Nevada","West","Small Market","29.0","48.0","19.0","17.0","5.0","848.0","20.0","10.0","30.0","40.0","5","09/01/10 00:00:00","Espresso","Caffe Mocha","Regular","29"
"775","Nevada","West","Small Market","24.0","39.0","15.0","15.0","4.0","848.0","10.0","10.0","20.0","30.0","5","11/01/10 00:00:00","Espresso","Caffe Mocha","Regular","24"
"775","Nevada","West","Small Market","25.0","41.0","16.0","15.0","4.0","851.0","10.0","10.0","20.0","30.0","5","12/01/10 00:00:00","Espresso","Caffe Mocha","Regular","25"
"775","Nevada","West","Small Market","27.0","50.0","18.0","18.0","5.0","821.0","20.0","10.0","30.0","40.0","5","01/01/11 00:00:00","Espresso","Caffe Mocha","Regular","32"
"775","Nevada","West","Small Market","27.0","48.0","18.0","17.0","5.0","818.0","20.0","10.0","30.0","40.0","5","02/01/11 00:00:00","Espresso","Caffe Mocha","Regular","30"
"775","Nevada","West","Small Market","29.0","49.0","20.0","15.0","5.0","829.0","20.0","10.0","30.0","40.0","5","05/01/11 00:00:00","Espresso","Caffe Mocha","Regular","29"
"775","Nevada","West","Small Market","31.0","55.0","21.0","17.0","5.0","846.0","20.0","10.0","20.0","30.0","5","10/01/11 00:00:00","Espresso","Caffe Mocha","Regular","34"
"775","Nevada","West","Small Market","24.0","42.0","15.0","15.0","4.0","848.0","10.0","10.0","20.0","30.0","5","11/01/11 00:00:00","Espresso","Caffe Mocha","Regular","27"
"775","Nevada","West","Small Market","25.0","44.0","16.0","15.0","4.0","851.0","10.0","10.0","20.0","30.0","5","12/01/11 00:00:00","Espresso","Caffe Mocha","Regular","28"
"775","Nevada","West","Small Market","26.0","43.0","17.0","15.0","4.0","777.0","20.0","10.0","30.0","40.0","6","01/01/10 00:00:00","Espresso","Decaf Espresso","Decaf","26"
"775","Nevada","West","Small Market","28.0","47.0","19.0","17.0","5.0","774.0","20.0","10.0","30.0","40.0","6","02/01/10 00:00:00","Espresso","Decaf Espresso","Decaf","28"
"775","Nevada","West","Small Market","25.0","41.0","16.0","15.0","4.0","772.0","10.0","10.0","20.0","30.0","6","03/01/10 00:00:00","Espresso","Decaf Espresso","Decaf","25"
"775","Nevada","West","Small Market","26.0","43.0","17.0","16.0","4.0","776.0","20.0","10.0","30.0","40.0","6","04/01/10 00:00:00","Espresso","Decaf Espresso","Decaf","26"
"775","Nevada","West","Small Market","29.0","49.0","20.0","16.0","5.0","784.0","20.0","10.0","30.0","40.0","6","05/01/10 00:00:00","Espresso","Decaf Espresso","Decaf","29"
"775","Nevada","West","Small Market","34.0","56.0","22.0","17.0","6.0","802.0","20.0","20.0","30.0","50.0","6","11/01/10 00:00:00","Espresso","Decaf Espresso","Decaf","34"
"775","Nevada","West","Small Market","25.0","44.0","16.0","15.0","4.0","772.0","10.0","10.0","20.0","30.0","6","03/01/11 00:00:00","Espresso","Decaf Espresso","Decaf","28"
"775","Nevada","West","Small Market","26.0","46.0","17.0","16.0","4.0","776.0","20.0","10.0","30.0","40.0","6","04/01/11 00:00:00","Espresso","Decaf Espresso","Decaf","29"
"775","Nevada","West","Small Market","32.0","53.0","21.0","16.0","5.0","798.0","20.0","20.0","30.0","50.0","6","06/01/11 00:00:00","Espresso","Decaf Espresso","Decaf","32"
"775","Nevada","West","Small Market","29.0","49.0","20.0","16.0","5.0","808.0","20.0","10.0","30.0","40.0","6","07/01/11 00:00:00","Espresso","Decaf Espresso","Decaf","29"
"775","Nevada","West","Small Market","35.0","57.0","23.0","17.0","6.0","806.0","20.0","20.0","30.0","50.0","6","08/01/11 00:00:00","Espresso","Decaf Espresso","Decaf","34"
"775","Nevada","West","Small Market","35.0","62.0","23.0","18.0","6.0","803.0","20.0","20.0","30.0","50.0","6","09/01/11 00:00:00","Espresso","Decaf Espresso","Decaf","39"
"775","Nevada","West","Small Market","35.0","62.0","23.0","18.0","6.0","800.0","30.0","10.0","30.0","40.0","6","10/01/11 00:00:00","Espresso","Decaf Espresso","Decaf","39"
"775","Nevada","West","Small Market","34.0","60.0","22.0","17.0","6.0","802.0","20.0","20.0","30.0","50.0","6","11/01/11 00:00:00","Espresso","Decaf Espresso","Decaf","38"
"775","Nevada","West","Small Market","35.0","62.0","23.0","18.0","6.0","807.0","20.0","20.0","30.0","50.0","6","12/01/11 00:00:00","Espresso","Decaf Espresso","Decaf","39"
"775","Nevada","West","Small Market","169.0","290.0","121.0","143.0","110.0","712.0","40.0","100.0","150.0","250.0","8","02/01/10 00:00:00","Herbal Tea","Chamomile","Decaf","169"
"775","Nevada","West","Small Market","173.0","298.0","125.0","146.0","113.0","700.0","50.0","100.0","160.0","260.0","8","03/01/10 00:00:00","Herbal Tea","Chamomile","Decaf","173"
"775","Nevada","West","Small Market","173.0","298.0","125.0","146.0","113.0","729.0","50.0","100.0","160.0","260.0","8","04/01/10 00:00:00","Herbal Tea","Chamomile","Decaf","173"
"775","Nevada","West","Small Market","168.0","289.0","121.0","143.0","109.0","788.0","40.0","100.0","150.0","250.0","8","05/01/10 00:00:00","Herbal Tea","Chamomile","Decaf","168"
"775","Nevada","West","Small Market","201.0","345.0","144.0","164.0","131.0","874.0","50.0","120.0","180.0","300.0","8","06/01/10 00:00:00","Herbal Tea","Chamomile","Decaf","201"
"775","Nevada","West","Small Market","225.0","387.0","162.0","180.0","147.0","943.0","70.0","130.0","210.0","340.0","8","07/01/10 00:00:00","Herbal Tea","Chamomile","Decaf","225"
"775","Nevada","West","Small Market","239.0","412.0","173.0","190.0","156.0","927.0","70.0","140.0","220.0","360.0","8","08/01/10 00:00:00","Herbal Tea","Chamomile","Decaf","239"
"775","Nevada","West","Small Market","173.0","298.0","125.0","147.0","113.0","898.0","60.0","90.0","150.0","240.0","8","10/01/10 00:00:00","Herbal Tea","Chamomile","Decaf","173"
"775","Nevada","West","Small Market","168.0","289.0","121.0","142.0","109.0","912.0","20.0","110.0","150.0","260.0","8","11/01/10 00:00:00","Herbal Tea","Chamomile","Decaf","168"
"775","Nevada","West","Small Market","145.0","280.0","105.0","135.0","95.0","725.0","30.0","90.0","130.0","220.0","8","01/01/11 00:00:00","Herbal Tea","Chamomile","Decaf","175"
"775","Nevada","West","Small Market","173.0","318.0","125.0","146.0","113.0","700.0","50.0","100.0","160.0","260.0","8","03/01/11 00:00:00","Herbal Tea","Chamomile","Decaf","193"
"775","Nevada","West","Small Market","173.0","318.0","125.0","146.0","113.0","729.0","50.0","100.0","160.0","260.0","8","04/01/11 00:00:00","Herbal Tea","Chamomile","Decaf","193"
"775","Nevada","West","Small Market","168.0","286.0","121.0","133.0","109.0","788.0","40.0","100.0","150.0","250.0","8","05/01/11 00:00:00","Herbal Tea","Chamomile","Decaf","165"
"775","Nevada","West","Small Market","201.0","342.0","144.0","153.0","131.0","874.0","50.0","120.0","180.0","300.0","8","06/01/11 00:00:00","Herbal Tea","Chamomile","Decaf","198"
"775","Nevada","West","Small Market","201.0","345.0","144.0","90.0","47.0","862.0","120.0","120.0","180.0","300.0","9","01/01/10 00:00:00","Herbal Tea","Lemon","Decaf","201"
"775","Nevada","West","Small Market","206.0","354.0","148.0","91.0","48.0","844.0","120.0","120.0","190.0","310.0","9","02/01/10 00:00:00","Herbal Tea","Lemon","Decaf","206"
"775","Nevada","West","Small Market","265.0","456.0","191.0","109.0","63.0","865.0","160.0","160.0","240.0","400.0","9","04/01/10 00:00:00","Herbal Tea","Lemon","Decaf","265"
"775","Nevada","West","Small Market","270.0","465.0","195.0","110.0","64.0","956.0","160.0","160.0","240.0","400.0","9","05/01/10 00:00:00","Herbal Tea","Lemon","Decaf","270"
"775","Nevada","West","Small Market","329.0","567.0","238.0","121.0","78.0","1190.0","200.0","200.0","290.0","490.0","9","07/01/10 00:00:00","Herbal Tea","Lemon","Decaf","329"
"775","Nevada","West","Small Market","271.0","467.0","196.0","108.0","64.0","1167.0","170.0","160.0","250.0","410.0","9","08/01/10 00:00:00","Herbal Tea","Lemon","Decaf","271"
"775","Nevada","West","Small Market","310.0","534.0","224.0","116.0","73.0","1191.0","170.0","210.0","280.0","490.0","9","12/01/10 00:00:00","Herbal Tea","Lemon","Decaf","310"
"775","Nevada","West","Small Market","201.0","386.0","144.0","94.0","47.0","862.0","120.0","120.0","180.0","300.0","9","01/01/11 00:00:00","Herbal Tea","Lemon","Decaf","242"
"775","Nevada","West","Small Market","206.0","377.0","148.0","91.0","48.0","844.0","120.0","120.0","190.0","310.0","9","02/01/11 00:00:00","Herbal Tea","Lemon","Decaf","229"
"775","Nevada","West","Small Market","271.0","463.0","196.0","100.0","64.0","1167.0","170.0","160.0","250.0","410.0","9","08/01/11 00:00:00","Herbal Tea","Lemon","Decaf","267"
"775","Nevada","West","Small Market","213.0","391.0","154.0","93.0","50.0","1132.0","120.0","120.0","170.0","290.0","9","10/01/11 00:00:00","Herbal Tea","Lemon","Decaf","237"
"775","Nevada","West","Small Market","185.0","312.0","127.0","64.0","40.0","671.0","120.0","100.0","170.0","270.0","10","05/01/10 00:00:00","Herbal Tea","Mint","Decaf","185"
"775","Nevada","West","Small Market","204.0","345.0","141.0","68.0","45.0","764.0","130.0","120.0","180.0","300.0","10","06/01/10 00:00:00","Herbal Tea","Mint","Decaf","204"
"775","Nevada","West","Small Market","222.0","376.0","154.0","72.0","49.0","833.0","150.0","130.0","200.0","330.0","10","07/01/10 00:00:00","Herbal Tea","Mint","Decaf","222"
"775","Nevada","West","Small Market","176.0","298.0","122.0","61.0","39.0","801.0","120.0","100.0","160.0","260.0","10","09/01/10 00:00:00","Herbal Tea","Mint","Decaf","176"
"775","Nevada","West","Small Market","185.0","312.0","127.0","63.0","40.0","830.0","120.0","120.0","170.0","290.0","10","12/01/10 00:00:00","Herbal Tea","Mint","Decaf","185"
"775","Nevada","West","Small Market","139.0","262.0","95.0","56.0","30.0","608.0","90.0","80.0","120.0","200.0","10","01/01/11 00:00:00","Herbal Tea","Mint","Decaf","167"
"775","Nevada","West","Small Market","150.0","271.0","104.0","56.0","33.0","596.0","110.0","80.0","140.0","220.0","10","02/01/11 00:00:00","Herbal Tea","Mint","Decaf","167"
"775","Nevada","West","Small Market","158.0","285.0","109.0","56.0","34.0","585.0","110.0","90.0","140.0","230.0","10","03/01/11 00:00:00","Herbal Tea","Mint","Decaf","176"
"775","Nevada","West","Small Market","178.0","321.0","123.0","63.0","39.0","611.0","110.0","100.0","160.0","260.0","10","04/01/11 00:00:00","Herbal Tea","Mint","Decaf","198"
"775","Nevada","West","Small Market","204.0","342.0","141.0","63.0","45.0","764.0","130.0","120.0","180.0","300.0","10","06/01/11 00:00:00","Herbal Tea","Mint","Decaf","201"
"775","Nevada","West","Small Market","222.0","373.0","154.0","67.0","49.0","817.0","150.0","130.0","200.0","330.0","10","08/01/11 00:00:00","Herbal Tea","Mint","Decaf","219"
"775","Nevada","West","Small Market","176.0","318.0","122.0","62.0","39.0","789.0","130.0","90.0","150.0","240.0","10","10/01/11 00:00:00","Herbal Tea","Mint","Decaf","196"
"775","Nevada","West","Small Market","165.0","296.0","113.0","58.0","36.0","803.0","100.0","100.0","150.0","250.0","10","11/01/11 00:00:00","Herbal Tea","Mint","Decaf","183"
"775","Nevada","West","Small Market","185.0","332.0","127.0","63.0","40.0","830.0","120.0","120.0","170.0","290.0","10","12/01/11 00:00:00","Herbal Tea","Mint","Decaf","205"
"775","Nevada","West","Small Market","312.0","546.0","234.0","109.0","77.0","1310.0","150.0","150.0","220.0","370.0","11","01/01/10 00:00:00","Tea","Darjeeling","Regular","312"
"775","Nevada","West","Small Market","311.0","545.0","234.0","109.0","77.0","1282.0","150.0","150.0","220.0","370.0","11","02/01/10 00:00:00","Tea","Darjeeling","Regular","311"
"775","Nevada","West","Small Market","362.0","634.0","272.0","121.0","89.0","1616.0","190.0","170.0","260.0","430.0","11","06/01/10 00:00:00","Tea","Darjeeling","Regular","362"
"775","Nevada","West","Small Market","349.0","607.0","263.0","110.0","86.0","1433.0","170.0","170.0","240.0","410.0","11","05/01/11 00:00:00","Tea","Darjeeling","Regular","344"
"775","Nevada","West","Small Market","336.0","628.0","253.0","115.0","83.0","1686.0","170.0","160.0","240.0","400.0","11","09/01/11 00:00:00","Tea","Darjeeling","Regular","375"
"775","Nevada","West","Small Market","341.0","637.0","257.0","117.0","84.0","1662.0","130.0","110.0","180.0","290.0","11","10/01/11 00:00:00","Tea","Darjeeling","Regular","380"
"775","Nevada","West","Small Market","304.0","567.0","228.0","108.0","75.0","1691.0","140.0","160.0","220.0","380.0","11","11/01/11 00:00:00","Tea","Darjeeling","Regular","339"
"775","Nevada","West","Small Market","329.0","614.0","247.0","114.0","81.0","1744.0","150.0","180.0","240.0","420.0","11","12/01/11 00:00:00","Tea","Darjeeling","Regular","367"
"775","Nevada","West","Small Market","228.0","456.0","228.0","87.0","63.0","1459.0","100.0","150.0","160.0","310.0","12","01/01/10 00:00:00","Tea","Earl Grey","Regular","228"
"775","Nevada","West","Small Market","239.0","478.0","239.0","90.0","66.0","1464.0","110.0","150.0","170.0","320.0","12","04/01/10 00:00:00","Tea","Earl Grey","Regular","239"
"775","Nevada","West","Small Market","261.0","521.0","260.0","97.0","72.0","1559.0","120.0","170.0","180.0","350.0","12","05/01/10 00:00:00","Tea","Earl Grey","Regular","261"
"775","Nevada","West","Small Market","266.0","532.0","266.0","98.0","74.0","1819.0","130.0","170.0","190.0","360.0","12","07/01/10 00:00:00","Tea","Earl Grey","Regular","266"
"775","Nevada","West","Small Market","266.0","532.0","266.0","99.0","74.0","1797.0","130.0","170.0","190.0","360.0","12","08/01/10 00:00:00","Tea","Earl Grey","Regular","266"
"775","Nevada","West","Small Market","239.0","478.0","239.0","90.0","66.0","1755.0","80.0","110.0","120.0","230.0","12","10/01/10 00:00:00","Tea","Earl Grey","Regular","239"
"775","Nevada","West","Small Market","228.0","510.0","228.0","91.0","63.0","1459.0","100.0","150.0","160.0","310.0","12","01/01/11 00:00:00","Tea","Earl Grey","Regular","282"
"775","Nevada","West","Small Market","229.0","487.0","228.0","87.0","63.0","1436.0","100.0","150.0","160.0","310.0","12","02/01/11 00:00:00","Tea","Earl Grey","Regular","259"
"775","Nevada","West","Small Market","239.0","509.0","239.0","91.0","66.0","1417.0","110.0","150.0","170.0","320.0","12","03/01/11 00:00:00","Tea","Earl Grey","Regular","270"
"775","Nevada","West","Small Market","239.0","509.0","239.0","90.0","66.0","1464.0","110.0","150.0","170.0","320.0","12","04/01/11 00:00:00","Tea","Earl Grey","Regular","270"
"775","Nevada","West","Small Market","261.0","516.0","260.0","90.0","72.0","1559.0","120.0","170.0","180.0","350.0","12","05/01/11 00:00:00","Tea","Earl Grey","Regular","256"
"775","Nevada","West","Small Market","261.0","516.0","260.0","89.0","72.0","1715.0","120.0","170.0","180.0","350.0","12","06/01/11 00:00:00","Tea","Earl Grey","Regular","256"
"775","Nevada","West","Small Market","249.0","531.0","249.0","93.0","69.0","1775.0","110.0","160.0","170.0","330.0","12","09/01/11 00:00:00","Tea","Earl Grey","Regular","282"
"775","Nevada","West","Small Market","239.0","509.0","239.0","90.0","66.0","1755.0","80.0","110.0","120.0","230.0","12","10/01/11 00:00:00","Tea","Earl Grey","Regular","270"
"775","Nevada","West","Small Market","251.0","534.0","250.0","94.0","70.0","1820.0","100.0","180.0","180.0","360.0","12","12/01/11 00:00:00","Tea","Earl Grey","Regular","284"
"775","Nevada","West","Small Market","26.0","43.0","17.0","15.0","4.0","777.0","20.0","10.0","30.0","40.0","4","01/01/10 00:00:00","Espresso","Caffe Latte","Regular","26"
"775","Nevada","West","Small Market","43.0","43.0","0.0","12.0","0.0","731.0","30.0","0.0","40.0","40.0","4","03/01/10 00:00:00","Espresso","Caffe Latte","Regular","43"
"775","Nevada","West","Small Market","43.0","43.0","0.0","11.0","0.0","688.0","30.0","0.0","40.0","40.0","4","04/01/10 00:00:00","Espresso","Caffe Latte","Regular","43"
"775","Nevada","West","Small Market","43.0","43.0","0.0","12.0","0.0","645.0","30.0","0.0","40.0","40.0","4","05/01/10 00:00:00","Espresso","Caffe Latte","Regular","43"
"775","Nevada","West","Small Market","43.0","43.0","0.0","12.0","0.0","602.0","30.0","0.0","40.0","40.0","4","06/01/10 00:00:00","Espresso","Caffe Latte","Regular","43"
"775","Nevada","West","Small Market","43.0","43.0","0.0","12.0","0.0","387.0","30.0","0.0","40.0","40.0","4","11/01/10 00:00:00","Espresso","Caffe Latte","Regular","43"
"775","Nevada","West","Small Market","43.0","46.0","0.0","12.0","0.0","774.0","30.0","0.0","40.0","40.0","4","02/01/11 00:00:00","Espresso","Caffe Latte","Regular","46"
"775","Nevada","West","Small Market","43.0","46.0","0.0","12.0","0.0","731.0","30.0","0.0","40.0","40.0","4","03/01/11 00:00:00","Espresso","Caffe Latte","Regular","46"
"775","Nevada","West","Small Market","43.0","46.0","0.0","11.0","0.0","688.0","30.0","0.0","40.0","40.0","4","04/01/11 00:00:00","Espresso","Caffe Latte","Regular","46"
"775","Nevada","West","Small Market","43.0","43.0","0.0","11.0","0.0","645.0","30.0","0.0","40.0","40.0","4","05/01/11 00:00:00","Espresso","Caffe Latte","Regular","43"
"775","Nevada","West","Small Market","43.0","43.0","0.0","11.0","0.0","602.0","30.0","0.0","40.0","40.0","4","06/01/11 00:00:00","Espresso","Caffe Latte","Regular","43"
"775","Nevada","West","Small Market","43.0","43.0","0.0","10.0","0.0","559.0","30.0","0.0","40.0","40.0","4","07/01/11 00:00:00","Espresso","Caffe Latte","Regular","43"
"775","Nevada","West","Small Market","43.0","43.0","0.0","10.0","0.0","516.0","30.0","0.0","40.0","40.0","4","08/01/11 00:00:00","Espresso","Caffe Latte","Regular","43"
"775","Nevada","West","Small Market","43.0","46.0","0.0","11.0","0.0","473.0","30.0","0.0","40.0","40.0","4","09/01/11 00:00:00","Espresso","Caffe Latte","Regular","46"
"775","Nevada","West","Small Market","43.0","46.0","0.0","12.0","0.0","387.0","30.0","0.0","40.0","40.0","4","11/01/11 00:00:00","Espresso","Caffe Latte","Regular","46"
"775","Nevada","West","Small Market","43.0","46.0","0.0","12.0","0.0","344.0","30.0","0.0","40.0","40.0","4","12/01/11 00:00:00","Espresso","Caffe Latte","Regular","46"
"781","Massachusetts","East","Major Market","48.0","80.0","32.0","19.0","8.0","456.0","40.0","30.0","50.0","80.0","13","01/01/10 00:00:00","Tea","Green Tea","Regular","48"
"781","Massachusetts","East","Major Market","32.0","53.0","21.0","16.0","5.0","454.0","20.0","20.0","30.0","50.0","13","04/01/10 00:00:00","Tea","Green Tea","Regular","32"
"781","Massachusetts","East","Major Market","32.0","56.0","21.0","17.0","5.0","449.0","20.0","20.0","30.0","50.0","13","03/01/11 00:00:00","Tea","Green Tea","Regular","35"
"781","Massachusetts","East","Major Market","29.0","49.0","20.0","16.0","5.0","464.0","20.0","20.0","30.0","50.0","13","05/01/11 00:00:00","Tea","Green Tea","Regular","29"
"781","Massachusetts","East","Major Market","25.0","41.0","16.0","15.0","4.0","484.0","20.0","10.0","30.0","40.0","13","08/01/11 00:00:00","Tea","Green Tea","Regular","25"
"781","Massachusetts","East","Major Market","32.0","56.0","21.0","17.0","5.0","480.0","30.0","20.0","30.0","50.0","13","10/01/11 00:00:00","Tea","Green Tea","Regular","35"
"781","Massachusetts","East","Major Market","63.0","126.0","63.0","86.0","57.0","435.0","-10.0","60.0","60.0","120.0","5","01/01/10 00:00:00","Espresso","Caffe Mocha","Regular","63"
"781","Massachusetts","East","Major Market","67.0","110.0","44.0","65.0","40.0","543.0","10.0","40.0","60.0","100.0","5","06/01/11 00:00:00","Espresso","Caffe Mocha","Regular","66"
"781","Massachusetts","East","Major Market","73.0","132.0","59.0","55.0","22.0","331.0","30.0","40.0","60.0","100.0","9","02/01/10 00:00:00","Herbal Tea","Lemon","Decaf","73"
"781","Massachusetts","East","Major Market","64.0","115.0","51.0","52.0","19.0","396.0","20.0","30.0","50.0","80.0","9","06/01/10 00:00:00","Herbal Tea","Lemon","Decaf","64"
"781","Massachusetts","East","Major Market","66.0","120.0","54.0","53.0","20.0","404.0","20.0","30.0","30.0","60.0","9","10/01/10 00:00:00","Herbal Tea","Lemon","Decaf","66"
"781","Massachusetts","East","Major Market","72.0","145.0","58.0","58.0","22.0","338.0","30.0","40.0","60.0","100.0","9","01/01/11 00:00:00","Herbal Tea","Lemon","Decaf","87"
"781","Massachusetts","East","Major Market","71.0","137.0","58.0","55.0","22.0","325.0","30.0","40.0","60.0","100.0","9","03/01/11 00:00:00","Herbal Tea","Lemon","Decaf","79"
"781","Massachusetts","East","Major Market","64.0","114.0","51.0","48.0","19.0","396.0","20.0","30.0","50.0","80.0","9","06/01/11 00:00:00","Herbal Tea","Lemon","Decaf","63"
"781","Massachusetts","East","Major Market","45.0","75.0","30.0","19.0","8.0","820.0","40.0","30.0","50.0","80.0","11","04/01/10 00:00:00","Tea","Darjeeling","Regular","45"
"781","Massachusetts","East","Major Market","36.0","60.0","24.0","17.0","6.0","856.0","30.0","20.0","40.0","60.0","11","06/01/10 00:00:00","Tea","Darjeeling","Regular","36"
"781","Massachusetts","East","Major Market","48.0","90.0","32.0","20.0","8.0","821.0","40.0","30.0","50.0","80.0","11","01/01/11 00:00:00","Tea","Darjeeling","Regular","58"
"781","Massachusetts","East","Major Market","155.0","310.0","155.0","68.0","43.0","1280.0","100.0","140.0","160.0","300.0","7","09/01/10 00:00:00","Espresso","Regular Espresso","Regular","155"
"781","Massachusetts","East","Major Market","161.0","322.0","161.0","69.0","45.0","1267.0","120.0","140.0","160.0","300.0","7","10/01/10 00:00:00","Espresso","Regular Espresso","Regular","161"
"781","Massachusetts","East","Major Market","149.0","295.0","149.0","60.0","41.0","1156.0","100.0","140.0","150.0","290.0","7","05/01/11 00:00:00","Espresso","Regular Espresso","Regular","146"
"786","Florida","East","Major Market","119.0","210.0","78.0","56.0","25.0","798.0","60.0","70.0","100.0","170.0","2","11/01/11 00:00:00","Coffee","Columbian","Regular","132"
"786","Florida","East","Major Market","132.0","227.0","95.0","115.0","86.0","554.0","30.0","90.0","130.0","220.0","5","04/01/10 00:00:00","Espresso","Caffe Mocha","Regular","132"
"786","Florida","East","Major Market","129.0","221.0","92.0","112.0","83.0","599.0","40.0","80.0","130.0","210.0","5","05/01/10 00:00:00","Espresso","Caffe Mocha","Regular","129"
"786","Florida","East","Major Market","154.0","264.0","110.0","129.0","100.0","665.0","40.0","100.0","150.0","250.0","5","06/01/10 00:00:00","Espresso","Caffe Mocha","Regular","154"
"786","Florida","East","Major Market","117.0","202.0","87.0","51.0","28.0","472.0","70.0","80.0","110.0","190.0","6","05/01/11 00:00:00","Espresso","Decaf Espresso","Decaf","115"
"786","Florida","East","Major Market","62.0","109.0","48.0","25.0","15.0","599.0","30.0","30.0","50.0","80.0","8","05/01/11 00:00:00","Herbal Tea","Chamomile","Decaf","61"
"786","Florida","East","Major Market","39.0","68.0","30.0","20.0","9.0","581.0","20.0","20.0","30.0","50.0","8","08/01/11 00:00:00","Herbal Tea","Chamomile","Decaf","38"
"786","Florida","East","Major Market","70.0","134.0","56.0","54.0","21.0","385.0","20.0","30.0","30.0","60.0","9","10/01/11 00:00:00","Herbal Tea","Lemon","Decaf","78"
"786","Florida","East","Major Market","96.0","175.0","81.0","44.0","25.0","1046.0","40.0","60.0","70.0","130.0","10","06/01/11 00:00:00","Herbal Tea","Mint","Decaf","94"
"786","Florida","East","Major Market","48.0","80.0","32.0","20.0","8.0","817.0","40.0","30.0","50.0","80.0","11","02/01/10 00:00:00","Tea","Darjeeling","Regular","48"
"801","Utah","West","Small Market","92.0","170.0","78.0","45.0","24.0","965.0","80.0","90.0","120.0","210.0","1","01/01/10 00:00:00","Coffee","Amaretto","Regular","92"
"801","Utah","West","Small Market","60.0","110.0","50.0","36.0","15.0","1064.0","40.0","60.0","70.0","130.0","1","08/01/10 00:00:00","Coffee","Amaretto","Regular","60"
"801","Utah","West","Small Market","74.0","136.0","62.0","41.0","19.0","1059.0","70.0","70.0","100.0","170.0","1","09/01/10 00:00:00","Coffee","Amaretto","Regular","74"
"801","Utah","West","Small Market","81.0","150.0","69.0","42.0","21.0","1060.0","50.0","80.0","90.0","170.0","1","11/01/10 00:00:00","Coffee","Amaretto","Regular","81"
"801","Utah","West","Small Market","92.0","190.0","78.0","47.0","24.0","965.0","80.0","90.0","120.0","210.0","1","01/01/11 00:00:00","Coffee","Amaretto","Regular","112"
"801","Utah","West","Small Market","90.0","176.0","75.0","44.0","23.0","956.0","70.0","90.0","110.0","200.0","1","02/01/11 00:00:00","Coffee","Amaretto","Regular","101"
"801","Utah","West","Small Market","91.0","178.0","76.0","44.0","23.0","965.0","70.0","90.0","110.0","200.0","1","04/01/11 00:00:00","Coffee","Amaretto","Regular","102"
"801","Utah","West","Small Market","72.0","131.0","60.0","37.0","18.0","1070.0","60.0","70.0","90.0","160.0","1","07/01/11 00:00:00","Coffee","Amaretto","Regular","71"
"801","Utah","West","Small Market","71.0","124.0","53.0","45.0","17.0","299.0","60.0","60.0","90.0","150.0","2","03/01/10 00:00:00","Coffee","Columbian","Regular","71"
"801","Utah","West","Small Market","62.0","108.0","46.0","43.0","15.0","367.0","50.0","50.0","80.0","130.0","2","06/01/10 00:00:00","Coffee","Columbian","Regular","62"
"801","Utah","West","Small Market","57.0","100.0","43.0","41.0","14.0","388.0","40.0","50.0","70.0","120.0","2","07/01/10 00:00:00","Coffee","Columbian","Regular","57"
"801","Utah","West","Small Market","65.0","114.0","49.0","44.0","16.0","392.0","50.0","50.0","80.0","130.0","2","12/01/10 00:00:00","Coffee","Columbian","Regular","65"
"801","Utah","West","Small Market","71.0","132.0","53.0","45.0","17.0","299.0","60.0","60.0","90.0","150.0","2","03/01/11 00:00:00","Coffee","Columbian","Regular","79"
"801","Utah","West","Small Market","65.0","120.0","48.0","43.0","15.0","380.0","50.0","60.0","80.0","140.0","2","09/01/11 00:00:00","Coffee","Columbian","Regular","72"
"801","Utah","West","Small Market","105.0","190.0","85.0","66.0","32.0","494.0","70.0","100.0","130.0","230.0","3","01/01/10 00:00:00","Coffee","Decaf Irish Cream","Decaf","105"
"801","Utah","West","Small Market","83.0","150.0","67.0","59.0","25.0","599.0","50.0","80.0","100.0","180.0","3","09/01/10 00:00:00","Coffee","Decaf Irish Cream","Decaf","83"
"801","Utah","West","Small Market","102.0","184.0","82.0","64.0","31.0","601.0","60.0","90.0","120.0","210.0","3","11/01/10 00:00:00","Coffee","Decaf Irish Cream","Decaf","102"
"801","Utah","West","Small Market","105.0","213.0","85.0","69.0","32.0","494.0","70.0","100.0","130.0","230.0","3","01/01/11 00:00:00","Coffee","Decaf Irish Cream","Decaf","128"
"801","Utah","West","Small Market","98.0","190.0","80.0","64.0","30.0","494.0","70.0","100.0","120.0","220.0","3","04/01/11 00:00:00","Coffee","Decaf Irish Cream","Decaf","110"
"801","Utah","West","Small Market","88.0","159.0","72.0","57.0","27.0","606.0","60.0","90.0","110.0","200.0","3","08/01/11 00:00:00","Coffee","Decaf Irish Cream","Decaf","87"
"801","Utah","West","Small Market","85.0","163.0","68.0","59.0","25.0","619.0","50.0","80.0","100.0","180.0","3","12/01/11 00:00:00","Coffee","Decaf Irish Cream","Decaf","95"
"801","Utah","West","Small Market","42.0","76.0","34.0","45.0","12.0","182.0","10.0","20.0","30.0","50.0","13","05/01/10 00:00:00","Tea","Green Tea","Regular","42"
"801","Utah","West","Small Market","42.0","76.0","34.0","45.0","12.0","211.0","0.0","20.0","30.0","50.0","13","11/01/10 00:00:00","Tea","Green Tea","Regular","42"
"801","Utah","West","Small Market","36.0","69.0","29.0","44.0","11.0","169.0","10.0","10.0","30.0","40.0","13","04/01/11 00:00:00","Tea","Green Tea","Regular","40"
"801","Utah","West","Small Market","42.0","75.0","34.0","42.0","12.0","182.0","10.0","20.0","30.0","50.0","13","05/01/11 00:00:00","Tea","Green Tea","Regular","41"
"801","Utah","West","Small Market","63.0","112.0","49.0","28.0","16.0","617.0","40.0","40.0","60.0","100.0","5","02/01/10 00:00:00","Espresso","Caffe Mocha","Regular","63"
"801","Utah","West","Small Market","62.0","110.0","48.0","28.0","15.0","611.0","40.0","40.0","60.0","100.0","5","03/01/10 00:00:00","Espresso","Caffe Mocha","Regular","62"
"801","Utah","West","Small Market","67.0","119.0","52.0","30.0","17.0","605.0","50.0","40.0","70.0","110.0","5","04/01/10 00:00:00","Espresso","Caffe Mocha","Regular","67"
"801","Utah","West","Small Market","60.0","106.0","46.0","28.0","15.0","587.0","40.0","40.0","60.0","100.0","5","07/01/10 00:00:00","Espresso","Caffe Mocha","Regular","60"
"801","Utah","West","Small Market","99.0","176.0","77.0","37.0","25.0","581.0","60.0","70.0","90.0","160.0","5","08/01/10 00:00:00","Espresso","Caffe Mocha","Regular","99"
"801","Utah","West","Small Market","133.0","236.0","103.0","46.0","33.0","564.0","110.0","80.0","130.0","210.0","5","10/01/10 00:00:00","Espresso","Caffe Mocha","Regular","133"
"801","Utah","West","Small Market","62.0","117.0","48.0","28.0","15.0","611.0","40.0","40.0","60.0","100.0","5","03/01/11 00:00:00","Espresso","Caffe Mocha","Regular","69"
"801","Utah","West","Small Market","63.0","110.0","48.0","26.0","15.0","593.0","40.0","40.0","60.0","100.0","5","06/01/11 00:00:00","Espresso","Caffe Mocha","Regular","62"
"801","Utah","West","Small Market","90.0","169.0","69.0","34.0","22.0","572.0","60.0","60.0","90.0","150.0","5","09/01/11 00:00:00","Espresso","Caffe Mocha","Regular","100"
"801","Utah","West","Small Market","130.0","246.0","101.0","45.0","33.0","552.0","90.0","90.0","130.0","220.0","5","11/01/11 00:00:00","Espresso","Caffe Mocha","Regular","145"
"801","Utah","West","Small Market","52.0","87.0","35.0","21.0","9.0","894.0","40.0","30.0","50.0","80.0","6","07/01/10 00:00:00","Espresso","Decaf Espresso","Decaf","52"
"801","Utah","West","Small Market","55.0","93.0","38.0","34.0","12.0","241.0","30.0","30.0","50.0","80.0","8","01/01/10 00:00:00","Herbal Tea","Chamomile","Decaf","55"
"801","Utah","West","Small Market","90.0","151.0","61.0","41.0","19.0","322.0","60.0","50.0","80.0","130.0","8","08/01/10 00:00:00","Herbal Tea","Chamomile","Decaf","90"
"801","Utah","West","Small Market","71.0","120.0","49.0","38.0","15.0","310.0","60.0","30.0","60.0","90.0","8","10/01/10 00:00:00","Herbal Tea","Chamomile","Decaf","71"
"801","Utah","West","Small Market","67.0","113.0","46.0","37.0","14.0","316.0","30.0","40.0","60.0","100.0","8","11/01/10 00:00:00","Herbal Tea","Chamomile","Decaf","67"
"801","Utah","West","Small Market","72.0","129.0","49.0","38.0","15.0","241.0","30.0","40.0","60.0","100.0","8","04/01/11 00:00:00","Herbal Tea","Chamomile","Decaf","80"
"801","Utah","West","Small Market","71.0","128.0","49.0","37.0","15.0","315.0","40.0","40.0","60.0","100.0","8","09/01/11 00:00:00","Herbal Tea","Chamomile","Decaf","79"
"801","Utah","West","Small Market","71.0","128.0","49.0","38.0","15.0","310.0","60.0","30.0","60.0","90.0","8","10/01/11 00:00:00","Herbal Tea","Chamomile","Decaf","79"
"801","Utah","West","Small Market","74.0","122.0","48.0","46.0","15.0","462.0","40.0","40.0","70.0","110.0","9","12/01/10 00:00:00","Herbal Tea","Lemon","Decaf","74"
"801","Utah","West","Small Market","94.0","155.0","62.0","48.0","20.0","436.0","50.0","50.0","80.0","130.0","9","06/01/11 00:00:00","Herbal Tea","Lemon","Decaf","93"
"801","Utah","West","Small Market","18.0","106.0","88.0","50.0","27.0","715.0","-20.0","70.0","20.0","90.0","10","03/01/10 00:00:00","Herbal Tea","Mint","Decaf","18"
"801","Utah","West","Small Market","49.0","169.0","120.0","61.0","37.0","1334.0","-10.0","100.0","40.0","140.0","10","07/01/10 00:00:00","Herbal Tea","Mint","Decaf","49"
"801","Utah","West","Small Market","19.0","139.0","120.0","60.0","37.0","1439.0","-30.0","100.0","20.0","120.0","10","08/01/10 00:00:00","Herbal Tea","Mint","Decaf","19"
"801","Utah","West","Small Market","11.0","115.0","104.0","56.0","32.0","1574.0","-20.0","80.0","20.0","100.0","10","09/01/10 00:00:00","Herbal Tea","Mint","Decaf","11"
"801","Utah","West","Small Market","40.0","122.0","82.0","48.0","25.0","1804.0","0.0","70.0","40.0","110.0","10","11/01/10 00:00:00","Herbal Tea","Mint","Decaf","40"
"801","Utah","West","Small Market","18.0","113.0","88.0","50.0","27.0","715.0","-20.0","70.0","20.0","90.0","10","03/01/11 00:00:00","Herbal Tea","Mint","Decaf","25"
"801","Utah","West","Small Market","38.0","135.0","98.0","49.0","30.0","973.0","-10.0","80.0","30.0","110.0","10","05/01/11 00:00:00","Herbal Tea","Mint","Decaf","37"
"801","Utah","West","Small Market","49.0","167.0","120.0","57.0","37.0","1334.0","-10.0","100.0","40.0","140.0","10","07/01/11 00:00:00","Herbal Tea","Mint","Decaf","47"
"801","Utah","West","Small Market","19.0","138.0","120.0","56.0","37.0","1439.0","-30.0","100.0","20.0","120.0","10","08/01/11 00:00:00","Herbal Tea","Mint","Decaf","18"
"801","Utah","West","Small Market","63.0","107.0","44.0","70.0","40.0","251.0","10.0","20.0","50.0","70.0","11","03/01/10 00:00:00","Tea","Darjeeling","Regular","63"
"801","Utah","West","Small Market","73.0","125.0","52.0","76.0","47.0","313.0","0.0","30.0","50.0","80.0","11","06/01/10 00:00:00","Tea","Darjeeling","Regular","73"
"801","Utah","West","Small Market","88.0","151.0","63.0","86.0","57.0","332.0","10.0","40.0","60.0","100.0","11","08/01/10 00:00:00","Tea","Darjeeling","Regular","88"
"801","Utah","West","Small Market","64.0","109.0","45.0","70.0","41.0","320.0","20.0","10.0","40.0","50.0","11","10/01/10 00:00:00","Tea","Darjeeling","Regular","64"
"801","Utah","West","Small Market","61.0","111.0","43.0","68.0","39.0","256.0","10.0","20.0","50.0","70.0","11","02/01/11 00:00:00","Tea","Darjeeling","Regular","68"
"801","Utah","West","Small Market","82.0","140.0","59.0","76.0","53.0","338.0","10.0","30.0","60.0","90.0","11","07/01/11 00:00:00","Tea","Darjeeling","Regular","81"
"801","Utah","West","Small Market","62.0","113.0","44.0","69.0","40.0","325.0","10.0","20.0","50.0","70.0","11","09/01/11 00:00:00","Tea","Darjeeling","Regular","69"
"801","Utah","West","Small Market","55.0","96.0","41.0","41.0","13.0","239.0","20.0","20.0","40.0","60.0","12","06/01/10 00:00:00","Tea","Earl Grey","Regular","55"
"801","Utah","West","Small Market","52.0","91.0","39.0","40.0","12.0","248.0","20.0","20.0","40.0","60.0","12","09/01/10 00:00:00","Tea","Earl Grey","Regular","52"
"801","Utah","West","Small Market","51.0","89.0","38.0","39.0","12.0","256.0","10.0","20.0","40.0","60.0","12","12/01/10 00:00:00","Tea","Earl Grey","Regular","51"
"801","Utah","West","Small Market","47.0","92.0","35.0","40.0","11.0","196.0","10.0","20.0","30.0","50.0","12","01/01/11 00:00:00","Tea","Earl Grey","Regular","57"
"801","Utah","West","Small Market","47.0","87.0","35.0","38.0","11.0","191.0","10.0","20.0","30.0","50.0","12","02/01/11 00:00:00","Tea","Earl Grey","Regular","52"
"801","Utah","West","Small Market","49.0","91.0","36.0","39.0","11.0","187.0","10.0","20.0","30.0","50.0","12","03/01/11 00:00:00","Tea","Earl Grey","Regular","55"
"801","Utah","West","Small Market","51.0","94.0","37.0","40.0","12.0","195.0","10.0","20.0","30.0","50.0","12","04/01/11 00:00:00","Tea","Earl Grey","Regular","57"
"801","Utah","West","Small Market","59.0","102.0","44.0","39.0","14.0","258.0","30.0","20.0","50.0","70.0","12","07/01/11 00:00:00","Tea","Earl Grey","Regular","58"
"801","Utah","West","Small Market","57.0","96.0","39.0","21.0","10.0","845.0","50.0","30.0","60.0","90.0","4","07/01/10 00:00:00","Espresso","Caffe Latte","Regular","57"
"801","Utah","West","Small Market","48.0","80.0","32.0","20.0","8.0","841.0","30.0","30.0","40.0","70.0","4","08/01/10 00:00:00","Espresso","Caffe Latte","Regular","48"
"801","Utah","West","Small Market","47.0","79.0","32.0","19.0","8.0","833.0","40.0","20.0","40.0","60.0","4","10/01/10 00:00:00","Espresso","Caffe Latte","Regular","47"
"801","Utah","West","Small Market","70.0","126.0","48.0","25.0","13.0","766.0","50.0","40.0","70.0","110.0","4","03/01/11 00:00:00","Espresso","Caffe Latte","Regular","78"
"805","California","West","Major Market","-21.0","105.0","127.0","59.0","40.0","1215.0","-80.0","160.0","-30.0","130.0","1","05/01/11 00:00:00","Coffee","Amaretto","Regular","-22"
"805","California","West","Major Market","534.0","890.0","356.0","177.0","124.0","2476.0","500.0","440.0","670.0","1110.0","2","06/01/10 00:00:00","Coffee","Columbian","Regular","534"
"805","California","West","Major Market","173.0","298.0","125.0","147.0","113.0","729.0","30.0","120.0","160.0","280.0","5","04/01/10 00:00:00","Espresso","Caffe Mocha","Regular","173"
"805","California","West","Major Market","173.0","318.0","125.0","146.0","113.0","898.0","50.0","110.0","160.0","270.0","5","10/01/11 00:00:00","Espresso","Caffe Mocha","Regular","193"
"805","California","West","Major Market","185.0","312.0","127.0","46.0","35.0","1007.0","150.0","100.0","170.0","270.0","8","07/01/10 00:00:00","Herbal Tea","Chamomile","Decaf","185"
"805","California","West","Major Market","277.0","512.0","235.0","94.0","72.0","1060.0","180.0","200.0","250.0","450.0","9","05/01/10 00:00:00","Herbal Tea","Lemon","Decaf","277"
"805","California","West","Major Market","100.0","178.0","78.0","38.0","25.0","593.0","60.0","60.0","90.0","150.0","10","04/01/10 00:00:00","Herbal Tea","Mint","Decaf","100"
"805","California","West","Major Market","107.0","190.0","83.0","40.0","27.0","584.0","60.0","70.0","90.0","160.0","10","05/01/10 00:00:00","Herbal Tea","Mint","Decaf","107"
"805","California","West","Major Market","56.0","99.0","43.0","27.0","14.0","531.0","30.0","40.0","50.0","90.0","10","12/01/10 00:00:00","Herbal Tea","Mint","Decaf","56"
"805","California","West","Major Market","132.0","223.0","91.0","36.0","25.0","777.0","80.0","60.0","90.0","150.0","11","04/01/10 00:00:00","Tea","Darjeeling","Regular","132"
"805","California","West","Major Market","144.0","259.0","99.0","38.0","27.0","766.0","90.0","60.0","100.0","160.0","11","02/01/11 00:00:00","Tea","Darjeeling","Regular","160"
"805","California","West","Major Market","178.0","298.0","123.0","42.0","34.0","941.0","100.0","80.0","120.0","200.0","11","08/01/11 00:00:00","Tea","Darjeeling","Regular","175"
"805","California","West","Major Market","172.0","309.0","118.0","44.0","33.0","930.0","110.0","80.0","130.0","210.0","11","11/01/11 00:00:00","Tea","Darjeeling","Regular","191"
"806","Texas","South","Major Market","107.0","190.0","83.0","39.0","27.0","574.0","100.0","100.0","130.0","230.0","3","06/01/10 00:00:00","Coffee","Decaf Irish Cream","Decaf","107"
"806","Texas","South","Major Market","112.0","197.0","87.0","38.0","28.0","564.0","110.0","100.0","140.0","240.0","3","07/01/11 00:00:00","Coffee","Decaf Irish Cream","Decaf","110"
"806","Texas","South","Major Market","74.0","141.0","58.0","32.0","19.0","548.0","70.0","70.0","90.0","160.0","3","09/01/11 00:00:00","Coffee","Decaf Irish Cream","Decaf","83"
"806","Texas","South","Major Market","68.0","121.0","46.0","37.0","14.0","424.0","30.0","40.0","60.0","100.0","9","11/01/11 00:00:00","Herbal Tea","Lemon","Decaf","75"
"806","Texas","South","Major Market","108.0","201.0","72.0","58.0","23.0","558.0","50.0","60.0","90.0","150.0","4","01/01/11 00:00:00","Espresso","Caffe Latte","Regular","129"
"806","Texas","South","Major Market","114.0","201.0","75.0","55.0","24.0","-1050.0","40.0","50.0","90.0","140.0","4","11/01/11 00:00:00","Espresso","Caffe Latte","Regular","126"
"813","Florida","East","Major Market","126.0","235.0","84.0","61.0","27.0","651.0","70.0","80.0","110.0","190.0","2","01/01/11 00:00:00","Coffee","Columbian","Regular","151"
"813","Florida","East","Major Market","186.0","320.0","134.0","64.0","41.0","690.0","110.0","120.0","160.0","280.0","3","12/01/10 00:00:00","Coffee","Decaf Irish Cream","Decaf","186"
"813","Florida","East","Major Market","72.0","121.0","49.0","25.0","13.0","767.0","60.0","50.0","80.0","130.0","13","03/01/10 00:00:00","Tea","Green Tea","Regular","72"
"813","Florida","East","Major Market","130.0","239.0","94.0","115.0","85.0","694.0","20.0","90.0","120.0","210.0","5","11/01/11 00:00:00","Espresso","Caffe Mocha","Regular","145"
"813","Florida","East","Major Market","108.0","200.0","80.0","54.0","26.0","415.0","70.0","70.0","110.0","180.0","6","03/01/11 00:00:00","Espresso","Decaf Espresso","Decaf","120"
"813","Florida","East","Major Market","39.0","69.0","30.0","21.0","9.0","581.0","20.0","20.0","30.0","50.0","8","08/01/10 00:00:00","Herbal Tea","Chamomile","Decaf","39"
"813","Florida","East","Major Market","84.0","155.0","71.0","44.0","22.0","950.0","50.0","50.0","70.0","120.0","10","03/01/10 00:00:00","Herbal Tea","Mint","Decaf","84"
"813","Florida","East","Major Market","84.0","165.0","71.0","44.0","22.0","950.0","50.0","50.0","70.0","120.0","10","03/01/11 00:00:00","Herbal Tea","Mint","Decaf","94"
"813","Florida","East","Major Market","45.0","75.0","30.0","19.0","8.0","882.0","30.0","30.0","40.0","70.0","11","12/01/10 00:00:00","Tea","Darjeeling","Regular","45"
"815","Illinois","Central","Major Market","278.0","478.0","200.0","111.0","66.0","1095.0","190.0","210.0","290.0","500.0","2","06/01/10 00:00:00","Coffee","Columbian","Regular","278"
"815","Illinois","Central","Major Market","213.0","367.0","154.0","93.0","50.0","1132.0","160.0","150.0","220.0","370.0","2","10/01/10 00:00:00","Coffee","Columbian","Regular","213"
"815","Illinois","Central","Major Market","239.0","412.0","173.0","100.0","57.0","1150.0","140.0","170.0","230.0","400.0","2","11/01/10 00:00:00","Coffee","Columbian","Regular","239"
"815","Illinois","Central","Major Market","201.0","386.0","144.0","94.0","47.0","862.0","130.0","150.0","210.0","360.0","2","01/01/11 00:00:00","Coffee","Columbian","Regular","242"
"815","Illinois","Central","Major Market","329.0","562.0","238.0","113.0","78.0","1190.0","230.0","250.0","340.0","590.0","2","07/01/11 00:00:00","Coffee","Columbian","Regular","324"
"815","Illinois","Central","Major Market","213.0","391.0","154.0","93.0","50.0","1132.0","160.0","150.0","220.0","370.0","2","10/01/11 00:00:00","Coffee","Columbian","Regular","237"
"815","Illinois","Central","Major Market","239.0","439.0","173.0","100.0","57.0","1150.0","140.0","170.0","230.0","400.0","2","11/01/11 00:00:00","Coffee","Columbian","Regular","266"
"815","Illinois","Central","Major Market","176.0","298.0","122.0","61.0","39.0","789.0","160.0","110.0","190.0","300.0","3","10/01/10 00:00:00","Coffee","Decaf Irish Cream","Decaf","176"
"815","Illinois","Central","Major Market","165.0","278.0","113.0","59.0","36.0","803.0","110.0","110.0","160.0","270.0","3","11/01/10 00:00:00","Coffee","Decaf Irish Cream","Decaf","165"
"815","Illinois","Central","Major Market","158.0","285.0","109.0","56.0","34.0","585.0","120.0","110.0","170.0","280.0","3","03/01/11 00:00:00","Coffee","Decaf Irish Cream","Decaf","176"
"815","Illinois","Central","Major Market","204.0","342.0","141.0","64.0","45.0","764.0","160.0","140.0","220.0","360.0","3","06/01/11 00:00:00","Coffee","Decaf Irish Cream","Decaf","201"
"815","Illinois","Central","Major Market","176.0","318.0","122.0","61.0","39.0","789.0","160.0","110.0","190.0","300.0","3","10/01/11 00:00:00","Coffee","Decaf Irish Cream","Decaf","196"
"815","Illinois","Central","Major Market","341.0","598.0","257.0","117.0","84.0","1662.0","420.0","370.0","520.0","890.0","5","10/01/10 00:00:00","Espresso","Caffe Mocha","Regular","341"
"815","Illinois","Central","Major Market","329.0","576.0","247.0","113.0","81.0","1744.0","320.0","310.0","420.0","730.0","5","12/01/10 00:00:00","Espresso","Caffe Mocha","Regular","329"
"815","Illinois","Central","Major Market","311.0","581.0","234.0","110.0","77.0","1282.0","260.0","270.0","370.0","640.0","5","02/01/11 00:00:00","Espresso","Caffe Mocha","Regular","347"
"815","Illinois","Central","Major Market","239.0","509.0","239.0","90.0","66.0","1464.0","200.0","270.0","290.0","560.0","6","04/01/11 00:00:00","Espresso","Decaf Espresso","Decaf","270"
"815","Illinois","Central","Major Market","266.0","527.0","266.0","91.0","74.0","1819.0","220.0","300.0","320.0","620.0","6","07/01/11 00:00:00","Espresso","Decaf Espresso","Decaf","261"
"815","Illinois","Central","Major Market","144.0","243.0","99.0","39.0","27.0","766.0","110.0","80.0","130.0","210.0","8","02/01/10 00:00:00","Herbal Tea","Chamomile","Decaf","144"
"815","Illinois","Central","Major Market","178.0","298.0","123.0","43.0","34.0","941.0","140.0","100.0","160.0","260.0","8","08/01/11 00:00:00","Herbal Tea","Chamomile","Decaf","175"
"815","Illinois","Central","Major Market","185.0","312.0","127.0","46.0","35.0","1007.0","150.0","100.0","170.0","270.0","10","07/01/10 00:00:00","Herbal Tea","Mint","Decaf","185"
"815","Illinois","Central","Major Market","157.0","265.0","108.0","41.0","30.0","971.0","120.0","80.0","130.0","210.0","10","10/01/10 00:00:00","Herbal Tea","Mint","Decaf","157"
"815","Illinois","Central","Major Market","137.0","247.0","95.0","38.0","26.0","809.0","100.0","80.0","120.0","200.0","10","02/01/11 00:00:00","Herbal Tea","Mint","Decaf","152"
"815","Illinois","Central","Major Market","145.0","261.0","100.0","39.0","28.0","822.0","110.0","80.0","130.0","210.0","10","04/01/11 00:00:00","Herbal Tea","Mint","Decaf","161"
"815","Illinois","Central","Major Market","157.0","282.0","108.0","41.0","30.0","971.0","120.0","80.0","130.0","210.0","10","10/01/11 00:00:00","Herbal Tea","Mint","Decaf","174"
"815","Illinois","Central","Major Market","117.0","198.0","81.0","33.0","22.0","441.0","80.0","60.0","110.0","170.0","11","03/01/10 00:00:00","Tea","Darjeeling","Regular","117"
"815","Illinois","Central","Major Market","117.0","198.0","81.0","34.0","22.0","460.0","80.0","60.0","110.0","170.0","11","04/01/10 00:00:00","Tea","Darjeeling","Regular","117"
"815","Illinois","Central","Major Market","136.0","230.0","94.0","37.0","26.0","608.0","90.0","80.0","120.0","200.0","11","07/01/10 00:00:00","Tea","Darjeeling","Regular","136"
"815","Illinois","Central","Major Market","118.0","199.0","81.0","34.0","22.0","588.0","80.0","60.0","110.0","170.0","11","09/01/10 00:00:00","Tea","Darjeeling","Regular","118"
"815","Illinois","Central","Major Market","111.0","199.0","76.0","33.0","21.0","580.0","80.0","50.0","80.0","130.0","11","10/01/11 00:00:00","Tea","Darjeeling","Regular","123"
"815","Illinois","Central","Major Market","96.0","160.0","64.0","52.0","21.0","593.0","50.0","50.0","90.0","140.0","12","05/01/10 00:00:00","Tea","Earl Grey","Regular","96"
"815","Illinois","Central","Major Market","79.0","131.0","52.0","48.0","17.0","668.0","30.0","40.0","70.0","110.0","12","07/01/10 00:00:00","Tea","Earl Grey","Regular","79"
"815","Illinois","Central","Major Market","108.0","201.0","72.0","57.0","23.0","558.0","40.0","60.0","90.0","150.0","12","01/01/11 00:00:00","Tea","Earl Grey","Regular","129"
"815","Illinois","Central","Major Market","108.0","192.0","72.0","55.0","23.0","541.0","40.0","60.0","90.0","150.0","12","03/01/11 00:00:00","Tea","Earl Grey","Regular","120"
"815","Illinois","Central","Major Market","79.0","130.0","52.0","46.0","17.0","662.0","30.0","40.0","70.0","110.0","12","08/01/11 00:00:00","Tea","Earl Grey","Regular","78"
"815","Illinois","Central","Major Market","110.0","194.0","72.0","55.0","23.0","650.0","50.0","50.0","80.0","130.0","12","10/01/11 00:00:00","Tea","Earl Grey","Regular","122"
"816","Missouri","Central","Small Market","98.0","177.0","79.0","63.0","30.0","593.0","70.0","70.0","100.0","170.0","2","10/01/10 00:00:00","Coffee","Columbian","Regular","98"
"816","Missouri","Central","Small Market","90.0","165.0","75.0","44.0","23.0","956.0","60.0","70.0","100.0","170.0","3","02/01/10 00:00:00","Coffee","Decaf Irish Cream","Decaf","90"
"816","Missouri","Central","Small Market","60.0","110.0","50.0","36.0","15.0","1064.0","30.0","50.0","60.0","110.0","3","08/01/10 00:00:00","Coffee","Decaf Irish Cream","Decaf","60"
"816","Missouri","Central","Small Market","76.0","139.0","63.0","40.0","19.0","1075.0","40.0","60.0","70.0","130.0","3","12/01/10 00:00:00","Coffee","Decaf Irish Cream","Decaf","76"
"816","Missouri","Central","Small Market","74.0","145.0","62.0","40.0","19.0","1059.0","50.0","60.0","80.0","140.0","3","09/01/11 00:00:00","Coffee","Decaf Irish Cream","Decaf","83"
"816","Missouri","Central","Small Market","46.0","82.0","36.0","46.0","13.0","252.0","0.0","30.0","40.0","70.0","13","07/01/10 00:00:00","Tea","Green Tea","Regular","46"
"816","Missouri","Central","Small Market","42.0","85.0","34.0","48.0","12.0","197.0","0.0","20.0","40.0","60.0","13","01/01/11 00:00:00","Tea","Green Tea","Regular","51"
"816","Missouri","Central","Small Market","46.0","81.0","36.0","43.0","13.0","236.0","0.0","30.0","40.0","70.0","13","06/01/11 00:00:00","Tea","Green Tea","Regular","45"
"816","Missouri","Central","Small Market","64.0","108.0","44.0","23.0","12.0","886.0","50.0","50.0","70.0","120.0","5","09/01/10 00:00:00","Espresso","Caffe Mocha","Regular","64"
"816","Missouri","Central","Small Market","58.0","97.0","39.0","22.0","10.0","799.0","50.0","40.0","70.0","110.0","6","05/01/10 00:00:00","Espresso","Decaf Espresso","Decaf","58"
"816","Missouri","Central","Small Market","46.0","82.0","31.0","19.0","8.0","844.0","50.0","30.0","60.0","90.0","6","12/01/11 00:00:00","Espresso","Decaf Espresso","Decaf","51"
"816","Missouri","Central","Small Market","63.0","107.0","44.0","69.0","40.0","251.0","10.0","30.0","60.0","90.0","8","03/01/10 00:00:00","Herbal Tea","Chamomile","Decaf","63"
"816","Missouri","Central","Small Market","82.0","141.0","59.0","83.0","53.0","338.0","10.0","50.0","70.0","120.0","8","07/01/10 00:00:00","Herbal Tea","Chamomile","Decaf","82"
"816","Missouri","Central","Small Market","73.0","124.0","52.0","72.0","47.0","313.0","20.0","40.0","70.0","110.0","8","06/01/11 00:00:00","Herbal Tea","Chamomile","Decaf","72"
"816","Missouri","Central","Small Market","18.0","113.0","88.0","50.0","27.0","715.0","-10.0","70.0","20.0","90.0","9","03/01/11 00:00:00","Herbal Tea","Lemon","Decaf","25"
"816","Missouri","Central","Small Market","19.0","138.0","120.0","56.0","37.0","1439.0","-20.0","100.0","20.0","120.0","9","08/01/11 00:00:00","Herbal Tea","Lemon","Decaf","18"
"816","Missouri","Central","Small Market","47.0","82.0","35.0","38.0","11.0","191.0","10.0","30.0","40.0","70.0","11","02/01/10 00:00:00","Tea","Darjeeling","Regular","47"
"816","Missouri","Central","Small Market","60.0","105.0","45.0","41.0","14.0","253.0","30.0","30.0","60.0","90.0","11","08/01/10 00:00:00","Tea","Darjeeling","Regular","60"
"816","Missouri","Central","Small Market","55.0","95.0","41.0","38.0","13.0","239.0","20.0","30.0","50.0","80.0","11","06/01/11 00:00:00","Tea","Darjeeling","Regular","54"
"816","Missouri","Central","Small Market","49.0","89.0","40.0","48.0","15.0","219.0","0.0","30.0","40.0","70.0","12","07/01/10 00:00:00","Tea","Earl Grey","Regular","49"
"816","Missouri","Central","Small Market","49.0","88.0","40.0","45.0","15.0","219.0","0.0","30.0","40.0","70.0","12","07/01/11 00:00:00","Tea","Earl Grey","Regular","48"
"816","Missouri","Central","Small Market","25.0","48.0","20.0","41.0","7.0","218.0","-10.0","10.0","20.0","30.0","12","12/01/11 00:00:00","Tea","Earl Grey","Regular","28"
"817","Texas","South","Major Market","277.0","507.0","235.0","87.0","72.0","1060.0","270.0","290.0","350.0","640.0","2","05/01/11 00:00:00","Coffee","Columbian","Regular","272"
"817","Texas","South","Major Market","179.0","322.0","123.0","46.0","34.0","915.0","100.0","70.0","120.0","190.0","5","10/01/11 00:00:00","Espresso","Caffe Mocha","Regular","199"
"817","Texas","South","Major Market","74.0","129.0","55.0","46.0","18.0","336.0","40.0","50.0","70.0","120.0","8","04/01/10 00:00:00","Herbal Tea","Chamomile","Decaf","74"
"817","Texas","South","Major Market","62.0","107.0","46.0","40.0","15.0","415.0","30.0","40.0","60.0","100.0","8","08/01/11 00:00:00","Herbal Tea","Chamomile","Decaf","61"
"817","Texas","South","Major Market","114.0","189.0","75.0","55.0","24.0","-1050.0","40.0","50.0","90.0","140.0","4","11/01/10 00:00:00","Espresso","Caffe Latte","Regular","114"
"817","Texas","South","Major Market","79.0","130.0","52.0","46.0","17.0","-587.0","40.0","40.0","70.0","110.0","4","08/01/11 00:00:00","Espresso","Caffe Latte","Regular","78"
"818","California","West","Major Market","-13.0","110.0","123.0","63.0","39.0","964.0","-70.0","150.0","-20.0","130.0","1","04/01/10 00:00:00","Coffee","Amaretto","Regular","-13"
"818","California","West","Major Market","-13.0","109.0","122.0","61.0","39.0","2555.0","-60.0","170.0","-20.0","150.0","1","10/01/10 00:00:00","Coffee","Amaretto","Regular","-13"
"818","California","West","Major Market","390.0","693.0","260.0","143.0","91.0","2548.0","470.0","380.0","580.0","960.0","2","10/01/11 00:00:00","Coffee","Columbian","Regular","433"
"818","California","West","Major Market","-26.0","122.0","148.0","91.0","48.0","1071.0","-110.0","180.0","-30.0","150.0","3","02/01/10 00:00:00","Coffee","Decaf Irish Cream","Decaf","-26"
"818","California","West","Major Market","-32.0","169.0","191.0","109.0","63.0","1564.0","-150.0","240.0","-50.0","190.0","3","04/01/11 00:00:00","Coffee","Decaf Irish Cream","Decaf","-22"
"818","California","West","Major Market","-24.0","147.0","162.0","96.0","53.0","3421.0","-120.0","200.0","-30.0","170.0","3","09/01/11 00:00:00","Coffee","Decaf Irish Cream","Decaf","-15"
"818","California","West","Major Market","79.0","131.0","52.0","49.0","17.0","662.0","20.0","30.0","50.0","80.0","13","08/01/10 00:00:00","Tea","Green Tea","Regular","79"
"818","California","West","Major Market","108.0","192.0","72.0","54.0","23.0","541.0","50.0","40.0","80.0","120.0","13","03/01/11 00:00:00","Tea","Green Tea","Regular","120"
"818","California","West","Major Market","145.0","250.0","105.0","128.0","95.0","725.0","20.0","100.0","140.0","240.0","5","01/01/10 00:00:00","Espresso","Caffe Mocha","Regular","145"
"818","California","West","Major Market","168.0","289.0","121.0","142.0","109.0","912.0","40.0","110.0","170.0","280.0","5","11/01/10 00:00:00","Espresso","Caffe Mocha","Regular","168"
"818","California","West","Major Market","367.0","672.0","311.0","110.0","96.0","1296.0","240.0","260.0","330.0","590.0","9","08/01/11 00:00:00","Herbal Tea","Lemon","Decaf","361"
"818","California","West","Major Market","74.0","141.0","58.0","31.0","19.0","548.0","50.0","40.0","70.0","110.0","10","09/01/11 00:00:00","Herbal Tea","Mint","Decaf","83"
"818","California","West","Major Market","266.0","532.0","266.0","99.0","74.0","1819.0","170.0","250.0","260.0","510.0","4","07/01/10 00:00:00","Espresso","Caffe Latte","Regular","266"
"830","Texas","South","Major Market","253.0","498.0","214.0","87.0","66.0","923.0","240.0","260.0","320.0","580.0","2","03/01/11 00:00:00","Coffee","Columbian","Regular","284"
"830","Texas","South","Major Market","152.0","254.0","104.0","37.0","29.0","821.0","120.0","80.0","140.0","220.0","5","05/01/11 00:00:00","Espresso","Caffe Mocha","Regular","150"
"830","Texas","South","Major Market","72.0","125.0","53.0","45.0","17.0","410.0","40.0","50.0","70.0","120.0","8","09/01/10 00:00:00","Herbal Tea","Chamomile","Decaf","72"
"830","Texas","South","Major Market","64.0","107.0","43.0","36.0","13.0","424.0","30.0","40.0","60.0","100.0","9","09/01/10 00:00:00","Herbal Tea","Lemon","Decaf","64"
"830","Texas","South","Major Market","108.0","180.0","72.0","55.0","23.0","558.0","50.0","60.0","90.0","150.0","4","01/01/10 00:00:00","Espresso","Caffe Latte","Regular","108"
"830","Texas","South","Major Market","90.0","150.0","60.0","51.0","19.0","-718.0","40.0","50.0","70.0","120.0","4","09/01/10 00:00:00","Espresso","Caffe Latte","Regular","90"
"831","California","West","Major Market","335.0","587.0","252.0","115.0","83.0","1316.0","220.0","240.0","320.0","560.0","6","04/01/10 00:00:00","Espresso","Decaf Espresso","Decaf","335"
"831","California","West","Major Market","191.0","323.0","132.0","48.0","36.0","994.0","140.0","110.0","170.0","280.0","8","08/01/10 00:00:00","Herbal Tea","Chamomile","Decaf","191"
"831","California","West","Major Market","112.0","199.0","87.0","40.0","28.0","564.0","70.0","70.0","100.0","170.0","10","07/01/10 00:00:00","Herbal Tea","Mint","Decaf","112"
"831","California","West","Major Market","179.0","322.0","123.0","45.0","34.0","915.0","80.0","50.0","90.0","140.0","11","10/01/11 00:00:00","Tea","Darjeeling","Regular","199"
"831","California","West","Major Market","136.0","230.0","94.0","38.0","26.0","608.0","80.0","60.0","90.0","150.0","12","07/01/10 00:00:00","Tea","Earl Grey","Regular","136"
"831","California","West","Major Market","229.0","457.0","228.0","87.0","63.0","1436.0","150.0","210.0","220.0","430.0","4","02/01/10 00:00:00","Espresso","Caffe Latte","Regular","229"
"832","Texas","South","Major Market","247.0","456.0","209.0","86.0","64.0","969.0","230.0","260.0","310.0","570.0","2","04/01/10 00:00:00","Coffee","Columbian","Regular","247"
"832","Texas","South","Major Market","132.0","238.0","91.0","36.0","25.0","777.0","100.0","70.0","120.0","190.0","5","04/01/11 00:00:00","Espresso","Caffe Mocha","Regular","147"
"832","Texas","South","Major Market","136.0","230.0","94.0","38.0","26.0","608.0","90.0","80.0","110.0","190.0","6","07/01/10 00:00:00","Espresso","Decaf Espresso","Decaf","136"
"832","Texas","South","Major Market","117.0","211.0","81.0","33.0","22.0","460.0","90.0","60.0","110.0","170.0","6","04/01/11 00:00:00","Espresso","Decaf Espresso","Decaf","130"
"832","Texas","South","Major Market","68.0","118.0","50.0","44.0","16.0","397.0","40.0","40.0","70.0","110.0","8","06/01/10 00:00:00","Herbal Tea","Chamomile","Decaf","68"
"832","Texas","South","Major Market","102.0","170.0","68.0","54.0","22.0","9.0","50.0","50.0","90.0","140.0","4","04/01/10 00:00:00","Espresso","Caffe Latte","Regular","102"
"832","Texas","South","Major Market","110.0","182.0","72.0","55.0","23.0","-868.0","50.0","40.0","70.0","110.0","4","10/01/10 00:00:00","Espresso","Caffe Latte","Regular","110"
"845","New York","East","Major Market","548.0","912.0","364.0","178.0","127.0","2654.0","370.0","340.0","520.0","860.0","2","07/01/10 00:00:00","Coffee","Columbian","Regular","548"
"845","New York","East","Major Market","546.0","910.0","364.0","178.0","127.0","2617.0","370.0","340.0","520.0","860.0","2","08/01/10 00:00:00","Coffee","Columbian","Regular","546"
"845","New York","East","Major Market","420.0","699.0","279.0","149.0","97.0","2642.0","250.0","250.0","370.0","620.0","2","12/01/10 00:00:00","Coffee","Columbian","Regular","420"
"845","New York","East","Major Market","112.0","189.0","77.0","33.0","21.0","449.0","90.0","80.0","120.0","200.0","13","02/01/10 00:00:00","Tea","Green Tea","Regular","112"
"845","New York","East","Major Market","145.0","243.0","100.0","37.0","28.0","598.0","130.0","100.0","160.0","260.0","13","08/01/11 00:00:00","Tea","Green Tea","Regular","143"
"845","New York","East","Major Market","-56.0","69.0","125.0","146.0","113.0","3142.0","-170.0","110.0","-60.0","50.0","5","10/01/10 00:00:00","Espresso","Caffe Mocha","Regular","-56"
"845","New York","East","Major Market","-62.0","67.0","125.0","146.0","113.0","1118.0","-190.0","120.0","-60.0","60.0","5","03/01/11 00:00:00","Espresso","Caffe Mocha","Regular","-58"
"845","New York","East","Major Market","-72.0","71.0","144.0","153.0","131.0","1979.0","-210.0","130.0","-60.0","70.0","5","06/01/11 00:00:00","Espresso","Caffe Mocha","Regular","-73"
"845","New York","East","Major Market","-69.0","70.0","135.0","155.0","122.0","3641.0","-210.0","130.0","-70.0","60.0","5","12/01/11 00:00:00","Espresso","Caffe Mocha","Regular","-65"
"845","New York","East","Major Market","258.0","513.0","255.0","129.0","96.0","1622.0","70.0","140.0","150.0","290.0","9","10/01/10 00:00:00","Herbal Tea","Lemon","Decaf","258"
"845","New York","East","Major Market","239.0","577.0","302.0","147.0","114.0","1518.0","90.0","220.0","200.0","420.0","9","09/01/11 00:00:00","Herbal Tea","Lemon","Decaf","275"
"845","New York","East","Major Market","-27.0","180.0","207.0","86.0","64.0","965.0","-70.0","150.0","-10.0","140.0","10","01/01/10 00:00:00","Herbal Tea","Mint","Decaf","-27"
"845","New York","East","Major Market","-33.0","192.0","213.0","87.0","66.0","1214.0","-80.0","160.0","-20.0","140.0","10","02/01/11 00:00:00","Herbal Tea","Mint","Decaf","-21"
"845","New York","East","Major Market","-139.0","119.0","251.0","99.0","77.0","3948.0","-180.0","190.0","-110.0","80.0","10","09/01/11 00:00:00","Herbal Tea","Mint","Decaf","-132"
"845","New York","East","Major Market","145.0","261.0","100.0","39.0","28.0","981.0","130.0","100.0","160.0","260.0","11","09/01/11 00:00:00","Tea","Darjeeling","Regular","161"
"845","New York","East","Major Market","163.0","276.0","113.0","42.0","31.0","897.0","140.0","110.0","180.0","290.0","12","06/01/10 00:00:00","Tea","Earl Grey","Regular","163"
"847","Illinois","Central","Major Market","271.0","467.0","196.0","108.0","64.0","1167.0","190.0","200.0","290.0","490.0","2","08/01/10 00:00:00","Coffee","Columbian","Regular","271"
"847","Illinois","Central","Major Market","310.0","534.0","224.0","116.0","73.0","1191.0","190.0","220.0","300.0","520.0","2","12/01/10 00:00:00","Coffee","Columbian","Regular","310"
"847","Illinois","Central","Major Market","150.0","254.0","104.0","55.0","33.0","596.0","100.0","110.0","150.0","260.0","3","02/01/10 00:00:00","Coffee","Decaf Irish Cream","Decaf","150"
"847","Illinois","Central","Major Market","185.0","309.0","127.0","59.0","40.0","671.0","140.0","130.0","190.0","320.0","3","05/01/11 00:00:00","Coffee","Decaf Irish Cream","Decaf","182"
"847","Illinois","Central","Major Market","222.0","373.0","154.0","67.0","49.0","833.0","170.0","160.0","230.0","390.0","3","07/01/11 00:00:00","Coffee","Decaf Irish Cream","Decaf","219"
"847","Illinois","Central","Major Market","176.0","318.0","122.0","61.0","39.0","801.0","140.0","120.0","190.0","310.0","3","09/01/11 00:00:00","Coffee","Decaf Irish Cream","Decaf","196"
"847","Illinois","Central","Major Market","165.0","296.0","113.0","59.0","36.0","803.0","110.0","110.0","160.0","270.0","3","11/01/11 00:00:00","Coffee","Decaf Irish Cream","Decaf","183"
"847","Illinois","Central","Major Market","266.0","532.0","266.0","99.0","74.0","1797.0","220.0","300.0","320.0","620.0","6","08/01/10 00:00:00","Espresso","Decaf Espresso","Decaf","266"
"847","Illinois","Central","Major Market","212.0","423.0","211.0","83.0","59.0","1778.0","200.0","270.0","270.0","540.0","6","11/01/10 00:00:00","Espresso","Decaf Espresso","Decaf","212"
"847","Illinois","Central","Major Market","266.0","527.0","266.0","92.0","74.0","1797.0","220.0","300.0","320.0","620.0","6","08/01/11 00:00:00","Espresso","Decaf Espresso","Decaf","261"
"847","Illinois","Central","Major Market","212.0","451.0","211.0","83.0","59.0","1778.0","200.0","270.0","270.0","540.0","6","11/01/11 00:00:00","Espresso","Decaf Espresso","Decaf","240"
"847","Illinois","Central","Major Market","132.0","238.0","91.0","37.0","25.0","777.0","100.0","70.0","120.0","190.0","8","04/01/11 00:00:00","Herbal Tea","Chamomile","Decaf","147"
"847","Illinois","Central","Major Market","68.0","120.0","52.0","29.0","17.0","554.0","40.0","40.0","60.0","100.0","9","08/01/10 00:00:00","Herbal Tea","Lemon","Decaf","68"
"847","Illinois","Central","Major Market","137.0","232.0","95.0","38.0","26.0","809.0","100.0","80.0","120.0","200.0","10","02/01/10 00:00:00","Herbal Tea","Mint","Decaf","137"
"847","Illinois","Central","Major Market","124.0","210.0","86.0","36.0","24.0","499.0","80.0","70.0","110.0","180.0","11","05/01/10 00:00:00","Tea","Darjeeling","Regular","124"
"847","Illinois","Central","Major Market","73.0","123.0","50.0","25.0","14.0","589.0","40.0","40.0","60.0","100.0","11","11/01/10 00:00:00","Tea","Darjeeling","Regular","73"
"847","Illinois","Central","Major Market","124.0","208.0","86.0","33.0","24.0","499.0","80.0","70.0","110.0","180.0","11","05/01/11 00:00:00","Tea","Darjeeling","Regular","122"
"847","Illinois","Central","Major Market","110.0","182.0","72.0","55.0","23.0","650.0","50.0","50.0","80.0","130.0","12","10/01/10 00:00:00","Tea","Earl Grey","Regular","110"
"850","Florida","East","Major Market","172.0","286.0","114.0","68.0","37.0","810.0","120.0","100.0","170.0","270.0","2","08/01/10 00:00:00","Coffee","Columbian","Regular","172"
"850","Florida","East","Major Market","134.0","237.0","88.0","61.0","29.0","653.0","90.0","80.0","130.0","210.0","2","04/01/11 00:00:00","Coffee","Columbian","Regular","149"
"850","Florida","East","Major Market","164.0","282.0","118.0","59.0","36.0","636.0","100.0","110.0","150.0","260.0","3","06/01/10 00:00:00","Coffee","Decaf Irish Cream","Decaf","164"
"850","Florida","East","Major Market","68.0","123.0","47.0","24.0","13.0","772.0","60.0","40.0","80.0","120.0","13","02/01/11 00:00:00","Tea","Green Tea","Regular","76"
"850","Florida","East","Major Market","128.0","234.0","92.0","112.0","83.0","541.0","40.0","80.0","130.0","210.0","5","02/01/11 00:00:00","Espresso","Caffe Mocha","Regular","142"
"850","Florida","East","Major Market","132.0","242.0","95.0","115.0","86.0","554.0","30.0","90.0","130.0","220.0","5","04/01/11 00:00:00","Espresso","Caffe Mocha","Regular","147"
"850","Florida","East","Major Market","129.0","219.0","92.0","104.0","83.0","599.0","40.0","80.0","130.0","210.0","5","05/01/11 00:00:00","Espresso","Caffe Mocha","Regular","127"
"850","Florida","East","Major Market","132.0","231.0","99.0","59.0","32.0","565.0","80.0","90.0","130.0","220.0","6","08/01/10 00:00:00","Espresso","Decaf Espresso","Decaf","132"
"850","Florida","East","Major Market","62.0","123.0","48.0","29.0","15.0","623.0","30.0","30.0","50.0","80.0","8","01/01/11 00:00:00","Herbal Tea","Chamomile","Decaf","75"
"850","Florida","East","Major Market","70.0","126.0","56.0","54.0","21.0","385.0","20.0","30.0","30.0","60.0","9","10/01/10 00:00:00","Herbal Tea","Lemon","Decaf","70"
"850","Florida","East","Major Market","84.0","154.0","70.0","42.0","21.0","957.0","50.0","50.0","70.0","120.0","10","02/01/10 00:00:00","Herbal Tea","Mint","Decaf","84"
"850","Florida","East","Major Market","82.0","161.0","69.0","43.0","21.0","965.0","40.0","50.0","60.0","110.0","10","04/01/11 00:00:00","Herbal Tea","Mint","Decaf","92"
"850","Florida","East","Major Market","123.0","224.0","103.0","49.0","31.0","1073.0","70.0","70.0","100.0","170.0","10","08/01/11 00:00:00","Herbal Tea","Mint","Decaf","121"
"850","Florida","East","Major Market","56.0","94.0","38.0","21.0","10.0","871.0","50.0","40.0","60.0","100.0","11","10/01/10 00:00:00","Tea","Darjeeling","Regular","56"
"850","Florida","East","Major Market","48.0","85.0","32.0","20.0","8.0","817.0","40.0","30.0","50.0","80.0","11","02/01/11 00:00:00","Tea","Darjeeling","Regular","53"
"857","Massachusetts","East","Major Market","402.0","474.0","72.0","54.0","23.0","-3004.0","330.0","50.0","350.0","400.0","2","10/01/10 00:00:00","Coffee","Columbian","Regular","402"
"857","Massachusetts","East","Major Market","395.0","501.0","75.0","55.0","24.0","235.0","330.0","70.0","370.0","440.0","2","02/01/11 00:00:00","Coffee","Columbian","Regular","426"
"857","Massachusetts","East","Major Market","402.0","505.0","72.0","54.0","23.0","-3004.0","330.0","50.0","350.0","400.0","2","10/01/11 00:00:00","Coffee","Columbian","Regular","433"
"857","Massachusetts","East","Major Market","379.0","484.0","75.0","55.0","24.0","-3287.0","300.0","60.0","340.0","400.0","2","11/01/11 00:00:00","Coffee","Columbian","Regular","409"
"857","Massachusetts","East","Major Market","32.0","53.0","21.0","17.0","5.0","449.0","20.0","20.0","30.0","50.0","13","03/01/10 00:00:00","Tea","Green Tea","Regular","32"
"857","Massachusetts","East","Major Market","44.0","73.0","29.0","19.0","8.0","490.0","30.0","30.0","40.0","70.0","13","12/01/10 00:00:00","Tea","Green Tea","Regular","44"
"857","Massachusetts","East","Major Market","46.0","104.0","52.0","77.0","47.0","520.0","-10.0","40.0","50.0","90.0","5","09/01/11 00:00:00","Espresso","Caffe Mocha","Regular","52"
"857","Massachusetts","East","Major Market","65.0","118.0","53.0","53.0","20.0","361.0","20.0","40.0","50.0","90.0","9","05/01/10 00:00:00","Herbal Tea","Lemon","Decaf","65"
"857","Massachusetts","East","Major Market","57.0","102.0","45.0","51.0","17.0","409.0","10.0","30.0","40.0","70.0","9","09/01/10 00:00:00","Herbal Tea","Lemon","Decaf","57"
"857","Massachusetts","East","Major Market","69.0","132.0","55.0","54.0","20.0","410.0","20.0","40.0","50.0","90.0","9","11/01/11 00:00:00","Herbal Tea","Lemon","Decaf","77"
"857","Massachusetts","East","Major Market","42.0","71.0","29.0","20.0","8.0","835.0","30.0","30.0","40.0","70.0","11","05/01/10 00:00:00","Tea","Darjeeling","Regular","42"
"857","Massachusetts","East","Major Market","36.0","59.0","24.0","16.0","6.0","856.0","30.0","20.0","40.0","60.0","11","06/01/11 00:00:00","Tea","Darjeeling","Regular","35"
"857","Massachusetts","East","Major Market","146.0","288.0","145.0","60.0","40.0","1292.0","100.0","130.0","150.0","280.0","7","08/01/11 00:00:00","Espresso","Regular Espresso","Regular","143"
"857","Massachusetts","East","Major Market","153.0","326.0","153.0","66.0","42.0","1319.0","80.0","150.0","140.0","290.0","7","12/01/11 00:00:00","Espresso","Regular Espresso","Regular","173"
"858","California","West","Major Market","-67.0","86.0","154.0","67.0","49.0","2105.0","-150.0","190.0","-90.0","100.0","1","08/01/11 00:00:00","Coffee","Amaretto","Regular","-68"
"858","California","West","Major Market","405.0","719.0","270.0","146.0","94.0","2041.0","370.0","340.0","500.0","840.0","2","03/01/11 00:00:00","Coffee","Columbian","Regular","449"
"858","California","West","Major Market","114.0","189.0","75.0","56.0","24.0","549.0","50.0","40.0","80.0","120.0","13","02/01/10 00:00:00","Tea","Green Tea","Regular","114"
"858","California","West","Major Market","112.0","189.0","77.0","32.0","21.0","449.0","60.0","50.0","70.0","120.0","12","02/01/10 00:00:00","Tea","Earl Grey","Regular","112"
"860","Connecticut","East","Small Market","155.0","258.0","103.0","64.0","33.0","1130.0","110.0","90.0","150.0","240.0","2","09/01/10 00:00:00","Coffee","Columbian","Regular","155"
"860","Connecticut","East","Small Market","188.0","313.0","125.0","73.0","41.0","1119.0","130.0","100.0","160.0","260.0","2","10/01/10 00:00:00","Coffee","Columbian","Regular","188"
"860","Connecticut","East","Small Market","195.0","346.0","130.0","74.0","42.0","945.0","130.0","120.0","180.0","300.0","2","02/01/11 00:00:00","Coffee","Columbian","Regular","216"
"860","Connecticut","East","Small Market","186.0","329.0","123.0","72.0","40.0","932.0","130.0","110.0","180.0","290.0","2","03/01/11 00:00:00","Coffee","Columbian","Regular","206"
"860","Connecticut","East","Small Market","37.0","62.0","25.0","19.0","7.0","769.0","30.0","20.0","40.0","60.0","13","03/01/10 00:00:00","Tea","Green Tea","Regular","37"
"860","Connecticut","East","Small Market","31.0","51.0","20.0","16.0","5.0","814.0","20.0","20.0","30.0","50.0","13","07/01/10 00:00:00","Tea","Green Tea","Regular","31"
"860","Connecticut","East","Small Market","34.0","57.0","23.0","17.0","6.0","809.0","30.0","20.0","40.0","60.0","13","09/01/10 00:00:00","Tea","Green Tea","Regular","34"
"860","Connecticut","East","Small Market","34.0","56.0","23.0","16.0","6.0","787.0","30.0","20.0","40.0","60.0","13","05/01/11 00:00:00","Tea","Green Tea","Regular","33"
"860","Connecticut","East","Small Market","31.0","51.0","20.0","15.0","5.0","814.0","20.0","20.0","30.0","50.0","13","07/01/11 00:00:00","Tea","Green Tea","Regular","31"
"860","Connecticut","East","Small Market","105.0","180.0","75.0","98.0","68.0","522.0","20.0","70.0","100.0","170.0","5","01/01/10 00:00:00","Espresso","Caffe Mocha","Regular","105"
"860","Connecticut","East","Small Market","90.0","155.0","65.0","87.0","58.0","513.0","20.0","60.0","90.0","150.0","5","02/01/10 00:00:00","Espresso","Caffe Mocha","Regular","90"
"860","Connecticut","East","Small Market","87.0","150.0","63.0","87.0","57.0","506.0","10.0","60.0","80.0","140.0","5","03/01/10 00:00:00","Espresso","Caffe Mocha","Regular","87"
"860","Connecticut","East","Small Market","87.0","150.0","63.0","87.0","57.0","521.0","10.0","60.0","80.0","140.0","5","04/01/10 00:00:00","Espresso","Caffe Mocha","Regular","87"
"860","Connecticut","East","Small Market","66.0","113.0","47.0","71.0","42.0","622.0","20.0","40.0","70.0","110.0","5","07/01/10 00:00:00","Espresso","Caffe Mocha","Regular","66"
"860","Connecticut","East","Small Market","61.0","105.0","44.0","69.0","39.0","617.0","10.0","40.0","60.0","100.0","5","08/01/10 00:00:00","Espresso","Caffe Mocha","Regular","61"
"860","Connecticut","East","Small Market","75.0","127.0","53.0","72.0","48.0","597.0","10.0","50.0","70.0","120.0","5","06/01/11 00:00:00","Espresso","Caffe Mocha","Regular","74"
"860","Connecticut","East","Small Market","71.0","124.0","53.0","45.0","17.0","299.0","40.0","50.0","70.0","120.0","6","03/01/10 00:00:00","Espresso","Decaf Espresso","Decaf","71"
"860","Connecticut","East","Small Market","65.0","113.0","48.0","42.0","15.0","380.0","40.0","40.0","70.0","110.0","6","09/01/10 00:00:00","Espresso","Decaf Espresso","Decaf","65"
"860","Connecticut","East","Small Market","64.0","111.0","47.0","43.0","15.0","375.0","50.0","30.0","60.0","90.0","6","10/01/10 00:00:00","Espresso","Decaf Espresso","Decaf","64"
"860","Connecticut","East","Small Market","71.0","124.0","53.0","45.0","17.0","380.0","40.0","50.0","70.0","120.0","6","11/01/10 00:00:00","Espresso","Decaf Espresso","Decaf","71"
"860","Connecticut","East","Small Market","68.0","127.0","51.0","44.0","16.0","311.0","40.0","40.0","70.0","110.0","6","04/01/11 00:00:00","Espresso","Decaf Espresso","Decaf","76"
"860","Connecticut","East","Small Market","65.0","112.0","48.0","40.0","15.0","334.0","40.0","40.0","70.0","110.0","6","05/01/11 00:00:00","Espresso","Decaf Espresso","Decaf","64"
"860","Connecticut","East","Small Market","57.0","99.0","43.0","38.0","14.0","388.0","20.0","40.0","50.0","90.0","6","07/01/11 00:00:00","Espresso","Decaf Espresso","Decaf","56"
"860","Connecticut","East","Small Market","105.0","190.0","85.0","65.0","32.0","494.0","40.0","60.0","80.0","140.0","9","01/01/10 00:00:00","Herbal Tea","Lemon","Decaf","105"
"860","Connecticut","East","Small Market","96.0","173.0","77.0","63.0","29.0","529.0","40.0","50.0","80.0","130.0","9","05/01/10 00:00:00","Herbal Tea","Lemon","Decaf","96"
"860","Connecticut","East","Small Market","88.0","160.0","72.0","60.0","27.0","606.0","30.0","50.0","70.0","120.0","9","08/01/10 00:00:00","Herbal Tea","Lemon","Decaf","88"
"860","Connecticut","East","Small Market","102.0","184.0","82.0","64.0","31.0","601.0","30.0","60.0","70.0","130.0","9","11/01/10 00:00:00","Herbal Tea","Lemon","Decaf","102"
"860","Connecticut","East","Small Market","105.0","213.0","85.0","68.0","32.0","494.0","40.0","60.0","80.0","140.0","9","01/01/11 00:00:00","Herbal Tea","Lemon","Decaf","128"
"860","Connecticut","East","Small Market","93.0","167.0","76.0","57.0","28.0","580.0","40.0","50.0","80.0","130.0","9","06/01/11 00:00:00","Herbal Tea","Lemon","Decaf","91"
"860","Connecticut","East","Small Market","93.0","167.0","76.0","57.0","28.0","613.0","40.0","50.0","80.0","130.0","9","07/01/11 00:00:00","Herbal Tea","Lemon","Decaf","91"
"860","Connecticut","East","Small Market","85.0","163.0","68.0","58.0","25.0","619.0","20.0","50.0","60.0","110.0","9","12/01/11 00:00:00","Herbal Tea","Lemon","Decaf","95"
"860","Connecticut","East","Small Market","90.0","165.0","75.0","44.0","23.0","956.0","50.0","50.0","70.0","120.0","10","02/01/10 00:00:00","Herbal Tea","Mint","Decaf","90"
"860","Connecticut","East","Small Market","91.0","167.0","76.0","45.0","23.0","965.0","60.0","50.0","80.0","130.0","10","04/01/10 00:00:00","Herbal Tea","Mint","Decaf","91"
"860","Connecticut","East","Small Market","77.0","142.0","65.0","42.0","20.0","1053.0","50.0","30.0","50.0","80.0","10","10/01/10 00:00:00","Herbal Tea","Mint","Decaf","77"
"860","Connecticut","East","Small Market","92.0","190.0","78.0","47.0","24.0","965.0","50.0","50.0","80.0","130.0","10","01/01/11 00:00:00","Herbal Tea","Mint","Decaf","112"
"860","Connecticut","East","Small Market","65.0","109.0","44.0","23.0","12.0","844.0","50.0","40.0","70.0","110.0","11","05/01/10 00:00:00","Tea","Darjeeling","Regular","65"
"860","Connecticut","East","Small Market","59.0","99.0","40.0","23.0","11.0","881.0","50.0","40.0","60.0","100.0","11","10/01/10 00:00:00","Tea","Darjeeling","Regular","59"
"860","Connecticut","East","Small Market","73.0","123.0","50.0","26.0","14.0","898.0","50.0","50.0","70.0","120.0","11","12/01/10 00:00:00","Tea","Darjeeling","Regular","73"
"860","Connecticut","East","Small Market","72.0","129.0","49.0","25.0","13.0","809.0","60.0","50.0","80.0","130.0","11","03/01/11 00:00:00","Tea","Darjeeling","Regular","80"
"860","Connecticut","East","Small Market","64.0","115.0","44.0","23.0","12.0","886.0","50.0","40.0","70.0","110.0","11","09/01/11 00:00:00","Tea","Darjeeling","Regular","71"
"860","Connecticut","East","Small Market","78.0","141.0","54.0","27.0","15.0","885.0","60.0","50.0","80.0","130.0","11","11/01/11 00:00:00","Tea","Darjeeling","Regular","87"
"863","Florida","East","Major Market","125.0","228.0","89.0","51.0","27.0","481.0","80.0","80.0","120.0","200.0","3","03/01/11 00:00:00","Coffee","Decaf Irish Cream","Decaf","139"
"863","Florida","East","Major Market","159.0","271.0","114.0","55.0","35.0","555.0","100.0","100.0","150.0","250.0","3","05/01/11 00:00:00","Coffee","Decaf Irish Cream","Decaf","157"
"863","Florida","East","Major Market","70.0","118.0","48.0","24.0","13.0","851.0","60.0","50.0","70.0","120.0","13","10/01/10 00:00:00","Tea","Green Tea","Regular","70"
"863","Florida","East","Major Market","51.0","85.0","34.0","21.0","9.0","863.0","40.0","30.0","50.0","80.0","13","12/01/10 00:00:00","Tea","Green Tea","Regular","51"
"863","Florida","East","Major Market","130.0","223.0","93.0","113.0","84.0","692.0","40.0","80.0","130.0","210.0","5","09/01/10 00:00:00","Espresso","Caffe Mocha","Regular","130"
"863","Florida","East","Major Market","117.0","204.0","87.0","55.0","28.0","472.0","70.0","80.0","110.0","190.0","6","05/01/10 00:00:00","Espresso","Decaf Espresso","Decaf","117"
"863","Florida","East","Major Market","130.0","227.0","97.0","59.0","32.0","575.0","80.0","90.0","130.0","220.0","6","07/01/10 00:00:00","Espresso","Decaf Espresso","Decaf","130"
"863","Florida","East","Major Market","114.0","199.0","85.0","56.0","28.0","555.0","70.0","80.0","110.0","190.0","6","09/01/10 00:00:00","Espresso","Decaf Espresso","Decaf","114"
"863","Florida","East","Major Market","62.0","110.0","48.0","28.0","15.0","623.0","30.0","30.0","50.0","80.0","8","01/01/10 00:00:00","Herbal Tea","Chamomile","Decaf","62"
"863","Florida","East","Major Market","63.0","112.0","49.0","28.0","16.0","611.0","30.0","30.0","50.0","80.0","8","03/01/10 00:00:00","Herbal Tea","Chamomile","Decaf","63"
"863","Florida","East","Major Market","65.0","115.0","50.0","29.0","16.0","587.0","30.0","30.0","50.0","80.0","8","07/01/10 00:00:00","Herbal Tea","Chamomile","Decaf","65"
"863","Florida","East","Major Market","48.0","81.0","33.0","21.0","9.0","813.0","40.0","30.0","50.0","80.0","11","03/01/10 00:00:00","Tea","Darjeeling","Regular","48"
"863","Florida","East","Major Market","48.0","86.0","33.0","21.0","9.0","813.0","40.0","30.0","50.0","80.0","11","03/01/11 00:00:00","Tea","Darjeeling","Regular","53"
"863","Florida","East","Major Market","53.0","88.0","36.0","20.0","10.0","838.0","40.0","30.0","60.0","90.0","11","05/01/11 00:00:00","Tea","Darjeeling","Regular","52"
"903","Texas","South","Major Market","100.0","178.0","78.0","37.0","25.0","593.0","100.0","90.0","130.0","220.0","3","04/01/10 00:00:00","Coffee","Decaf Irish Cream","Decaf","100"
"903","Texas","South","Major Market","144.0","243.0","99.0","38.0","27.0","766.0","100.0","80.0","120.0","200.0","5","02/01/10 00:00:00","Espresso","Caffe Mocha","Regular","144"
"903","Texas","South","Major Market","63.0","110.0","47.0","43.0","15.0","420.0","30.0","40.0","60.0","100.0","8","07/01/10 00:00:00","Herbal Tea","Chamomile","Decaf","63"
"903","Texas","South","Major Market","68.0","117.0","50.0","41.0","16.0","397.0","40.0","40.0","70.0","110.0","8","06/01/11 00:00:00","Herbal Tea","Chamomile","Decaf","67"
"903","Texas","South","Major Market","90.0","160.0","60.0","51.0","19.0","-718.0","40.0","50.0","70.0","120.0","4","09/01/11 00:00:00","Espresso","Caffe Latte","Regular","100"
"904","Florida","East","Major Market","141.0","235.0","94.0","63.0","31.0","697.0","90.0","90.0","130.0","220.0","2","05/01/10 00:00:00","Coffee","Columbian","Regular","141"
"904","Florida","East","Major Market","167.0","278.0","111.0","68.0","36.0","767.0","110.0","100.0","160.0","260.0","2","06/01/10 00:00:00","Coffee","Columbian","Regular","167"
"904","Florida","East","Major Market","172.0","286.0","114.0","68.0","37.0","822.0","120.0","100.0","170.0","270.0","2","07/01/10 00:00:00","Coffee","Columbian","Regular","172"
"904","Florida","East","Major Market","126.0","224.0","84.0","59.0","27.0","632.0","70.0","80.0","110.0","190.0","2","03/01/11 00:00:00","Coffee","Columbian","Regular","140"
"904","Florida","East","Major Market","143.0","261.0","102.0","54.0","31.0","666.0","90.0","90.0","130.0","220.0","3","11/01/11 00:00:00","Coffee","Decaf Irish Cream","Decaf","159"
"904","Florida","East","Major Market","91.0","154.0","63.0","28.0","17.0","864.0","80.0","60.0","100.0","160.0","13","08/01/10 00:00:00","Tea","Green Tea","Regular","91"
"904","Florida","East","Major Market","75.0","126.0","51.0","26.0","14.0","857.0","60.0","50.0","80.0","130.0","13","09/01/10 00:00:00","Tea","Green Tea","Regular","75"
"904","Florida","East","Major Market","72.0","129.0","49.0","25.0","13.0","767.0","60.0","50.0","80.0","130.0","13","03/01/11 00:00:00","Tea","Green Tea","Regular","80"
"904","Florida","East","Major Market","72.0","129.0","49.0","25.0","13.0","779.0","60.0","50.0","80.0","130.0","13","04/01/11 00:00:00","Tea","Green Tea","Regular","80"
"904","Florida","East","Major Market","91.0","153.0","63.0","26.0","17.0","864.0","80.0","60.0","100.0","160.0","13","08/01/11 00:00:00","Tea","Green Tea","Regular","90"
"904","Florida","East","Major Market","47.0","83.0","31.0","19.0","8.0","856.0","40.0","30.0","50.0","80.0","13","11/01/11 00:00:00","Tea","Green Tea","Regular","52"
"904","Florida","East","Major Market","112.0","195.0","83.0","54.0","27.0","433.0","80.0","70.0","120.0","190.0","6","04/01/10 00:00:00","Espresso","Decaf Espresso","Decaf","112"
"904","Florida","East","Major Market","132.0","229.0","99.0","55.0","32.0","565.0","80.0","90.0","130.0","220.0","6","08/01/11 00:00:00","Espresso","Decaf Espresso","Decaf","130"
"904","Florida","East","Major Market","29.0","54.0","22.0","19.0","7.0","573.0","20.0","0.0","20.0","20.0","8","10/01/11 00:00:00","Herbal Tea","Chamomile","Decaf","32"
"904","Florida","East","Major Market","32.0","60.0","24.0","20.0","7.0","567.0","20.0","10.0","30.0","40.0","8","12/01/11 00:00:00","Herbal Tea","Chamomile","Decaf","36"
"904","Florida","East","Major Market","74.0","133.0","59.0","55.0","22.0","403.0","30.0","40.0","60.0","100.0","9","07/01/10 00:00:00","Herbal Tea","Lemon","Decaf","74"
"904","Florida","East","Major Market","66.0","134.0","54.0","56.0","20.0","312.0","20.0","40.0","50.0","90.0","9","01/01/11 00:00:00","Herbal Tea","Lemon","Decaf","80"
"904","Florida","East","Major Market","65.0","126.0","53.0","53.0","20.0","306.0","20.0","40.0","50.0","90.0","9","02/01/11 00:00:00","Herbal Tea","Lemon","Decaf","73"
"904","Florida","East","Major Market","72.0","129.0","58.0","51.0","22.0","338.0","30.0","40.0","60.0","100.0","9","05/01/11 00:00:00","Herbal Tea","Lemon","Decaf","71"
"904","Florida","East","Major Market","103.0","189.0","86.0","48.0","26.0","1081.0","50.0","60.0","80.0","140.0","10","07/01/10 00:00:00","Herbal Tea","Mint","Decaf","103"
"904","Florida","East","Major Market","94.0","185.0","80.0","46.0","24.0","1055.0","40.0","40.0","50.0","90.0","10","10/01/11 00:00:00","Herbal Tea","Mint","Decaf","105"
"904","Florida","East","Major Market","51.0","85.0","34.0","21.0","9.0","821.0","50.0","30.0","60.0","90.0","11","04/01/10 00:00:00","Tea","Darjeeling","Regular","51"
"904","Florida","East","Major Market","51.0","91.0","34.0","21.0","9.0","821.0","50.0","30.0","60.0","90.0","11","04/01/11 00:00:00","Tea","Darjeeling","Regular","57"
"909","California","West","Major Market","28.0","132.0","104.0","55.0","33.0","685.0","-20.0","130.0","30.0","160.0","1","02/01/10 00:00:00","Coffee","Amaretto","Regular","28"
"909","California","West","Major Market","-13.0","116.0","122.0","61.0","39.0","2555.0","-60.0","170.0","-20.0","150.0","1","10/01/11 00:00:00","Coffee","Amaretto","Regular","-6"
"909","California","West","Major Market","-24.0","138.0","162.0","96.0","53.0","3421.0","-120.0","200.0","-30.0","170.0","3","09/01/10 00:00:00","Coffee","Decaf Irish Cream","Decaf","-24"
"909","California","West","Major Market","-27.0","146.0","173.0","100.0","57.0","3909.0","-130.0","200.0","-30.0","170.0","3","11/01/10 00:00:00","Coffee","Decaf Irish Cream","Decaf","-27"
"909","California","West","Major Market","-36.0","200.0","238.0","113.0","78.0","2797.0","-150.0","290.0","-40.0","250.0","3","07/01/11 00:00:00","Coffee","Decaf Irish Cream","Decaf","-38"
"909","California","West","Major Market","392.0","681.0","295.0","121.0","97.0","1714.0","250.0","280.0","370.0","650.0","6","08/01/11 00:00:00","Espresso","Decaf Espresso","Decaf","386"
"909","California","West","Major Market","112.0","197.0","87.0","37.0","28.0","564.0","70.0","70.0","100.0","170.0","10","07/01/11 00:00:00","Herbal Tea","Mint","Decaf","110"
"914","New York","East","Major Market","546.0","902.0","364.0","166.0","127.0","2617.0","370.0","340.0","520.0","860.0","2","08/01/11 00:00:00","Coffee","Columbian","Regular","538"
"914","New York","East","Major Market","73.0","131.0","50.0","26.0","14.0","589.0","50.0","50.0","70.0","120.0","13","11/01/11 00:00:00","Tea","Green Tea","Regular","81"
"914","New York","East","Major Market","-59.0","66.0","125.0","146.0","113.0","1382.0","-190.0","120.0","-60.0","60.0","5","04/01/10 00:00:00","Espresso","Caffe Mocha","Regular","-59"
"914","New York","East","Major Market","-72.0","72.0","144.0","164.0","131.0","1979.0","-210.0","130.0","-60.0","70.0","5","06/01/10 00:00:00","Espresso","Caffe Mocha","Regular","-72"
"914","New York","East","Major Market","-56.0","74.0","125.0","146.0","113.0","3142.0","-170.0","110.0","-60.0","50.0","5","10/01/11 00:00:00","Espresso","Caffe Mocha","Regular","-51"
"914","New York","East","Major Market","-60.0","65.0","121.0","142.0","109.0","3385.0","-190.0","110.0","-60.0","50.0","5","11/01/11 00:00:00","Espresso","Caffe Mocha","Regular","-56"
"914","New York","East","Major Market","-32.0","182.0","214.0","87.0","66.0","1480.0","-80.0","160.0","-20.0","140.0","10","03/01/10 00:00:00","Herbal Tea","Mint","Decaf","-32"
"914","New York","East","Major Market","-65.0","160.0","225.0","91.0","69.0","4742.0","-120.0","160.0","-50.0","110.0","10","11/01/10 00:00:00","Herbal Tea","Mint","Decaf","-65"
"914","New York","East","Major Market","-46.0","196.0","244.0","90.0","75.0","2636.0","-100.0","180.0","-30.0","150.0","10","06/01/11 00:00:00","Herbal Tea","Mint","Decaf","-48"
"914","New York","East","Major Market","-62.0","196.0","260.0","95.0","80.0","3076.0","-110.0","190.0","-40.0","150.0","10","07/01/11 00:00:00","Herbal Tea","Mint","Decaf","-64"
"914","New York","East","Major Market","178.0","298.0","123.0","42.0","34.0","947.0","150.0","130.0","190.0","320.0","11","06/01/11 00:00:00","Tea","Darjeeling","Regular","175"
"914","New York","East","Major Market","178.0","301.0","123.0","45.0","34.0","941.0","150.0","130.0","190.0","320.0","12","08/01/10 00:00:00","Tea","Earl Grey","Regular","178"
"914","New York","East","Major Market","152.0","254.0","104.0","38.0","29.0","952.0","120.0","110.0","160.0","270.0","12","07/01/11 00:00:00","Tea","Earl Grey","Regular","150"
"914","New York","East","Major Market","172.0","309.0","118.0","45.0","33.0","930.0","130.0","120.0","170.0","290.0","12","11/01/11 00:00:00","Tea","Earl Grey","Regular","191"
"914","New York","East","Major Market","325.0","601.0","239.0","90.0","66.0","1262.0","250.0","220.0","330.0","550.0","7","04/01/11 00:00:00","Espresso","Regular Espresso","Regular","362"
"915","Texas","South","Major Market","52.0","92.0","40.0","26.0","13.0","536.0","40.0","40.0","60.0","100.0","3","11/01/10 00:00:00","Coffee","Decaf Irish Cream","Decaf","52"
"915","Texas","South","Major Market","109.0","206.0","84.0","39.0","27.0","603.0","110.0","100.0","140.0","240.0","3","03/01/11 00:00:00","Coffee","Decaf Irish Cream","Decaf","122"
"915","Texas","South","Major Market","172.0","309.0","118.0","45.0","33.0","930.0","100.0","90.0","130.0","220.0","5","11/01/11 00:00:00","Espresso","Caffe Mocha","Regular","191"
"915","Texas","South","Major Market","111.0","187.0","76.0","33.0","21.0","580.0","80.0","40.0","80.0","120.0","6","10/01/10 00:00:00","Espresso","Decaf Espresso","Decaf","111"
"915","Texas","South","Major Market","71.0","123.0","52.0","44.0","17.0","361.0","50.0","40.0","80.0","120.0","8","05/01/10 00:00:00","Herbal Tea","Chamomile","Decaf","71"
"915","Texas","South","Major Market","80.0","149.0","60.0","47.0","19.0","329.0","50.0","50.0","80.0","130.0","8","02/01/11 00:00:00","Herbal Tea","Chamomile","Decaf","89"
"915","Texas","South","Major Market","71.0","122.0","52.0","41.0","17.0","361.0","50.0","40.0","80.0","120.0","8","05/01/11 00:00:00","Herbal Tea","Chamomile","Decaf","70"
"915","Texas","South","Major Market","72.0","129.0","49.0","37.0","15.0","351.0","40.0","40.0","70.0","110.0","9","03/01/11 00:00:00","Herbal Tea","Lemon","Decaf","80"
"916","California","West","Major Market","50.0","145.0","95.0","52.0","30.0","608.0","30.0","110.0","70.0","180.0","1","01/01/10 00:00:00","Coffee","Amaretto","Regular","50"
"916","California","West","Major Market","16.0","133.0","109.0","57.0","34.0","796.0","-30.0","130.0","20.0","150.0","1","03/01/11 00:00:00","Coffee","Amaretto","Regular","24"
"916","California","West","Major Market","3.0","124.0","113.0","59.0","36.0","2758.0","-50.0","130.0","0.0","130.0","1","11/01/11 00:00:00","Coffee","Amaretto","Regular","11"
"916","California","West","Major Market","-32.0","159.0","191.0","109.0","63.0","1564.0","-150.0","240.0","-50.0","190.0","3","04/01/10 00:00:00","Coffee","Decaf Irish Cream","Decaf","-32"
"916","California","West","Major Market","169.0","290.0","121.0","143.0","110.0","712.0","30.0","110.0","160.0","270.0","5","02/01/10 00:00:00","Espresso","Caffe Mocha","Regular","169"
"916","California","West","Major Market","169.0","309.0","121.0","143.0","110.0","712.0","30.0","110.0","160.0","270.0","5","02/01/11 00:00:00","Espresso","Caffe Mocha","Regular","188"
"916","California","West","Major Market","168.0","308.0","121.0","142.0","109.0","912.0","40.0","110.0","170.0","280.0","5","11/01/11 00:00:00","Espresso","Caffe Mocha","Regular","187"
"916","California","West","Major Market","324.0","567.0","243.0","113.0","80.0","1260.0","210.0","230.0","310.0","540.0","6","03/01/10 00:00:00","Espresso","Decaf Espresso","Decaf","324"
"916","California","West","Major Market","191.0","320.0","132.0","45.0","36.0","994.0","140.0","110.0","170.0","280.0","8","08/01/11 00:00:00","Herbal Tea","Chamomile","Decaf","188"
"916","California","West","Major Market","124.0","224.0","86.0","35.0","24.0","1003.0","80.0","80.0","110.0","190.0","8","12/01/11 00:00:00","Herbal Tea","Chamomile","Decaf","138"
"916","California","West","Major Market","367.0","678.0","311.0","118.0","96.0","1296.0","240.0","260.0","330.0","590.0","9","08/01/10 00:00:00","Herbal Tea","Lemon","Decaf","367"
"916","California","West","Major Market","179.0","302.0","123.0","45.0","34.0","959.0","110.0","90.0","130.0","220.0","11","12/01/10 00:00:00","Tea","Darjeeling","Regular","179"
"916","California","West","Major Market","117.0","211.0","81.0","33.0","22.0","441.0","70.0","50.0","80.0","130.0","12","03/01/11 00:00:00","Tea","Earl Grey","Regular","130"
"916","California","West","Major Market","266.0","532.0","266.0","99.0","74.0","1797.0","170.0","250.0","260.0","510.0","4","08/01/10 00:00:00","Espresso","Caffe Latte","Regular","266"
"916","California","West","Major Market","251.0","501.0","250.0","94.0","70.0","1820.0","160.0","240.0","240.0","480.0","4","12/01/10 00:00:00","Espresso","Caffe Latte","Regular","251"
"917","New York","East","Major Market","387.0","645.0","258.0","142.0","90.0","2067.0","250.0","240.0","370.0","610.0","2","02/01/10 00:00:00","Coffee","Columbian","Regular","387"
"917","New York","East","Major Market","474.0","790.0","316.0","162.0","110.0","2580.0","320.0","300.0","450.0","750.0","2","09/01/10 00:00:00","Coffee","Columbian","Regular","474"
"917","New York","East","Major Market","534.0","882.0","356.0","165.0","124.0","2476.0","350.0","340.0","500.0","840.0","2","06/01/11 00:00:00","Coffee","Columbian","Regular","526"
"917","New York","East","Major Market","239.0","541.0","302.0","147.0","114.0","1518.0","90.0","220.0","200.0","420.0","9","09/01/10 00:00:00","Herbal Tea","Lemon","Decaf","239"
"917","New York","East","Major Market","352.0","618.0","228.0","88.0","63.0","1402.0","280.0","210.0","350.0","560.0","7","02/01/11 00:00:00","Espresso","Regular Espresso","Regular","390"
"917","New York","East","Major Market","464.0","719.0","211.0","83.0","59.0","933.0","390.0","200.0","460.0","660.0","7","11/01/11 00:00:00","Espresso","Regular Espresso","Regular","508"
"918","Oklahoma","South","Small Market","56.0","100.0","44.0","27.0","14.0","618.0","50.0","50.0","70.0","120.0","2","02/01/10 00:00:00","Coffee","Columbian","Regular","56"
"918","Oklahoma","South","Small Market","55.0","98.0","43.0","26.0","14.0","613.0","50.0","50.0","70.0","120.0","2","03/01/10 00:00:00","Coffee","Columbian","Regular","55"
"918","Oklahoma","South","Small Market","56.0","99.0","43.0","27.0","14.0","597.0","50.0","50.0","70.0","120.0","2","06/01/10 00:00:00","Coffee","Columbian","Regular","56"
"918","Oklahoma","South","Small Market","115.0","205.0","90.0","41.0","29.0","572.0","140.0","130.0","160.0","290.0","2","10/01/10 00:00:00","Coffee","Columbian","Regular","115"
"918","Oklahoma","South","Small Market","112.0","200.0","88.0","41.0","29.0","561.0","90.0","100.0","130.0","230.0","2","11/01/10 00:00:00","Coffee","Columbian","Regular","112"
"918","Oklahoma","South","Small Market","60.0","113.0","46.0","27.0","15.0","608.0","60.0","50.0","80.0","130.0","2","04/01/11 00:00:00","Coffee","Columbian","Regular","67"
"918","Oklahoma","South","Small Market","56.0","98.0","43.0","24.0","14.0","602.0","50.0","50.0","70.0","120.0","2","05/01/11 00:00:00","Coffee","Columbian","Regular","55"
"918","Oklahoma","South","Small Market","115.0","218.0","90.0","41.0","29.0","572.0","140.0","130.0","160.0","290.0","2","10/01/11 00:00:00","Coffee","Columbian","Regular","128"
"918","Oklahoma","South","Small Market","112.0","213.0","88.0","41.0","29.0","561.0","90.0","100.0","130.0","230.0","2","11/01/11 00:00:00","Coffee","Columbian","Regular","125"
"918","Oklahoma","South","Small Market","39.0","66.0","27.0","18.0","7.0","859.0","60.0","30.0","60.0","90.0","3","10/01/10 00:00:00","Coffee","Decaf Irish Cream","Decaf","39"
"918","Oklahoma","South","Small Market","48.0","90.0","32.0","21.0","8.0","821.0","50.0","40.0","60.0","100.0","3","01/01/11 00:00:00","Coffee","Decaf Irish Cream","Decaf","58"
"918","Oklahoma","South","Small Market","42.0","70.0","29.0","19.0","8.0","835.0","40.0","30.0","50.0","80.0","3","05/01/11 00:00:00","Coffee","Decaf Irish Cream","Decaf","41"
"918","Oklahoma","South","Small Market","36.0","59.0","24.0","16.0","6.0","856.0","30.0","30.0","40.0","70.0","3","06/01/11 00:00:00","Coffee","Decaf Irish Cream","Decaf","35"
"918","Oklahoma","South","Small Market","34.0","56.0","23.0","17.0","6.0","868.0","40.0","20.0","50.0","70.0","3","07/01/11 00:00:00","Coffee","Decaf Irish Cream","Decaf","33"
"918","Oklahoma","South","Small Market","33.0","55.0","22.0","16.0","6.0","865.0","30.0","20.0","40.0","60.0","3","08/01/11 00:00:00","Coffee","Decaf Irish Cream","Decaf","33"
"918","Oklahoma","South","Small Market","49.0","87.0","33.0","21.0","9.0","870.0","50.0","30.0","60.0","90.0","3","12/01/11 00:00:00","Coffee","Decaf Irish Cream","Decaf","54"
"918","Oklahoma","South","Small Market","34.0","56.0","22.0","17.0","6.0","452.0","30.0","10.0","30.0","40.0","5","02/01/10 00:00:00","Espresso","Caffe Mocha","Regular","34"
"918","Oklahoma","South","Small Market","32.0","53.0","21.0","17.0","5.0","449.0","30.0","10.0","30.0","40.0","5","03/01/10 00:00:00","Espresso","Caffe Mocha","Regular","32"
"918","Oklahoma","South","Small Market","26.0","44.0","18.0","16.0","5.0","478.0","20.0","10.0","20.0","30.0","5","06/01/10 00:00:00","Espresso","Caffe Mocha","Regular","26"
"918","Oklahoma","South","Small Market","26.0","44.0","18.0","17.0","5.0","486.0","20.0","10.0","20.0","30.0","5","07/01/10 00:00:00","Espresso","Caffe Mocha","Regular","26"
"918","Oklahoma","South","Small Market","25.0","41.0","16.0","15.0","4.0","484.0","20.0","10.0","20.0","30.0","5","08/01/10 00:00:00","Espresso","Caffe Mocha","Regular","25"
"918","Oklahoma","South","Small Market","48.0","80.0","32.0","19.0","8.0","482.0","30.0","20.0","40.0","60.0","5","11/01/10 00:00:00","Espresso","Caffe Mocha","Regular","48"
"918","Oklahoma","South","Small Market","29.0","49.0","20.0","15.0","5.0","464.0","30.0","10.0","30.0","40.0","5","05/01/11 00:00:00","Espresso","Caffe Mocha","Regular","29"
"918","Oklahoma","South","Small Market","26.0","44.0","18.0","15.0","5.0","478.0","20.0","10.0","20.0","30.0","5","06/01/11 00:00:00","Espresso","Caffe Mocha","Regular","26"
"918","Oklahoma","South","Small Market","26.0","44.0","18.0","16.0","5.0","486.0","20.0","10.0","20.0","30.0","5","07/01/11 00:00:00","Espresso","Caffe Mocha","Regular","26"
"918","Oklahoma","South","Small Market","167.0","278.0","111.0","68.0","36.0","767.0","90.0","90.0","140.0","230.0","6","06/01/10 00:00:00","Espresso","Decaf Espresso","Decaf","167"
"918","Oklahoma","South","Small Market","119.0","197.0","78.0","57.0","25.0","798.0","40.0","60.0","90.0","150.0","6","11/01/10 00:00:00","Espresso","Decaf Espresso","Decaf","119"
"918","Oklahoma","South","Small Market","167.0","276.0","111.0","63.0","36.0","767.0","90.0","90.0","140.0","230.0","6","06/01/11 00:00:00","Espresso","Decaf Espresso","Decaf","165"
"918","Oklahoma","South","Small Market","133.0","236.0","88.0","61.0","29.0","817.0","60.0","60.0","110.0","170.0","6","12/01/11 00:00:00","Espresso","Decaf Espresso","Decaf","148"
"918","Oklahoma","South","Small Market","66.0","120.0","54.0","53.0","20.0","312.0","20.0","50.0","60.0","110.0","8","01/01/10 00:00:00","Herbal Tea","Chamomile","Decaf","66"
"918","Oklahoma","South","Small Market","65.0","118.0","53.0","54.0","20.0","306.0","20.0","50.0","60.0","110.0","8","02/01/10 00:00:00","Herbal Tea","Chamomile","Decaf","65"
"918","Oklahoma","South","Small Market","72.0","130.0","58.0","55.0","22.0","338.0","20.0","50.0","70.0","120.0","8","05/01/10 00:00:00","Herbal Tea","Chamomile","Decaf","72"
"918","Oklahoma","South","Small Market","74.0","133.0","59.0","55.0","22.0","377.0","30.0","50.0","80.0","130.0","8","06/01/10 00:00:00","Herbal Tea","Chamomile","Decaf","74"
"918","Oklahoma","South","Small Market","67.0","121.0","54.0","54.0","20.0","391.0","20.0","50.0","60.0","110.0","8","11/01/10 00:00:00","Herbal Tea","Chamomile","Decaf","67"
"918","Oklahoma","South","Small Market","66.0","134.0","54.0","56.0","20.0","312.0","20.0","50.0","60.0","110.0","8","01/01/11 00:00:00","Herbal Tea","Chamomile","Decaf","80"
"918","Oklahoma","South","Small Market","66.0","128.0","54.0","53.0","20.0","301.0","20.0","50.0","60.0","110.0","8","03/01/11 00:00:00","Herbal Tea","Chamomile","Decaf","74"
"918","Oklahoma","South","Small Market","70.0","135.0","57.0","55.0","21.0","313.0","30.0","50.0","70.0","120.0","8","04/01/11 00:00:00","Herbal Tea","Chamomile","Decaf","78"
"918","Oklahoma","South","Small Market","77.0","139.0","63.0","53.0","23.0","397.0","20.0","60.0","70.0","130.0","8","08/01/11 00:00:00","Herbal Tea","Chamomile","Decaf","76"
"918","Oklahoma","South","Small Market","129.0","221.0","92.0","112.0","83.0","599.0","40.0","80.0","130.0","210.0","9","05/01/10 00:00:00","Herbal Tea","Lemon","Decaf","129"
"918","Oklahoma","South","Small Market","132.0","242.0","95.0","115.0","86.0","532.0","30.0","90.0","130.0","220.0","9","03/01/11 00:00:00","Herbal Tea","Lemon","Decaf","147"
"918","Oklahoma","South","Small Market","132.0","242.0","95.0","116.0","86.0","554.0","30.0","90.0","130.0","220.0","9","04/01/11 00:00:00","Herbal Tea","Lemon","Decaf","147"
"918","Oklahoma","South","Small Market","154.0","262.0","110.0","120.0","100.0","665.0","40.0","100.0","150.0","250.0","9","06/01/11 00:00:00","Herbal Tea","Lemon","Decaf","152"
"918","Oklahoma","South","Small Market","134.0","245.0","96.0","117.0","87.0","683.0","40.0","80.0","120.0","200.0","9","10/01/11 00:00:00","Herbal Tea","Lemon","Decaf","149"
"918","Oklahoma","South","Small Market","155.0","267.0","112.0","57.0","34.0","-120.0","90.0","90.0","130.0","220.0","4","04/01/10 00:00:00","Espresso","Caffe Latte","Regular","155"
"918","Oklahoma","South","Small Market","159.0","273.0","114.0","58.0","35.0","-387.0","100.0","90.0","140.0","230.0","4","05/01/10 00:00:00","Espresso","Caffe Latte","Regular","159"
"918","Oklahoma","South","Small Market","164.0","282.0","118.0","59.0","36.0","-660.0","100.0","100.0","140.0","240.0","4","06/01/10 00:00:00","Espresso","Caffe Latte","Regular","164"
"918","Oklahoma","South","Small Market","161.0","277.0","116.0","59.0","35.0","-1278.0","100.0","90.0","140.0","230.0","4","08/01/10 00:00:00","Espresso","Caffe Latte","Regular","161"
"918","Oklahoma","South","Small Market","143.0","245.0","102.0","54.0","31.0","-2003.0","60.0","80.0","100.0","180.0","4","11/01/10 00:00:00","Espresso","Caffe Latte","Regular","143"
"918","Oklahoma","South","Small Market","186.0","320.0","134.0","65.0","41.0","-2248.0","90.0","100.0","140.0","240.0","4","12/01/10 00:00:00","Espresso","Caffe Latte","Regular","186"
"918","Oklahoma","South","Small Market","159.0","271.0","114.0","54.0","35.0","-387.0","100.0","90.0","140.0","230.0","4","05/01/11 00:00:00","Espresso","Caffe Latte","Regular","157"
"918","Oklahoma","South","Small Market","161.0","275.0","116.0","55.0","35.0","-1278.0","100.0","90.0","140.0","230.0","4","08/01/11 00:00:00","Espresso","Caffe Latte","Regular","159"
"918","Oklahoma","South","Small Market","134.0","245.0","96.0","52.0","29.0","-1555.0","80.0","80.0","110.0","190.0","4","09/01/11 00:00:00","Espresso","Caffe Latte","Regular","149"
"918","Oklahoma","South","Small Market","186.0","341.0","134.0","65.0","41.0","-2248.0","90.0","100.0","140.0","240.0","4","12/01/11 00:00:00","Espresso","Caffe Latte","Regular","207"
"920","Wisconsin","Central","Small Market","70.0","127.0","57.0","54.0","21.0","313.0","20.0","60.0","70.0","130.0","1","04/01/10 00:00:00","Coffee","Amaretto","Regular","70"
"920","Wisconsin","Central","Small Market","74.0","133.0","59.0","56.0","22.0","403.0","20.0","60.0","70.0","130.0","1","07/01/10 00:00:00","Coffee","Amaretto","Regular","74"
"920","Wisconsin","Central","Small Market","80.0","155.0","65.0","58.0","24.0","403.0","30.0","60.0","80.0","140.0","1","12/01/11 00:00:00","Coffee","Amaretto","Regular","90"
"920","Wisconsin","Central","Small Market","128.0","220.0","92.0","113.0","83.0","541.0","40.0","90.0","140.0","230.0","2","02/01/10 00:00:00","Coffee","Columbian","Regular","128"
"920","Wisconsin","Central","Small Market","184.0","314.0","133.0","139.0","120.0","705.0","60.0","140.0","190.0","330.0","2","08/01/11 00:00:00","Coffee","Columbian","Regular","181"
"920","Wisconsin","Central","Small Market","121.0","212.0","91.0","58.0","30.0","533.0","90.0","90.0","130.0","220.0","3","06/01/10 00:00:00","Coffee","Decaf Irish Cream","Decaf","121"
"920","Wisconsin","Central","Small Market","130.0","227.0","97.0","59.0","32.0","575.0","80.0","100.0","130.0","230.0","3","07/01/10 00:00:00","Coffee","Decaf Irish Cream","Decaf","130"
"920","Wisconsin","Central","Small Market","116.0","215.0","86.0","55.0","28.0","547.0","100.0","80.0","120.0","200.0","3","10/01/11 00:00:00","Coffee","Decaf Irish Cream","Decaf","129"
"920","Wisconsin","Central","Small Market","103.0","192.0","77.0","52.0","25.0","557.0","60.0","70.0","100.0","170.0","3","11/01/11 00:00:00","Coffee","Decaf Irish Cream","Decaf","115"
"920","Wisconsin","Central","Small Market","123.0","226.0","103.0","53.0","31.0","1073.0","100.0","110.0","150.0","260.0","5","08/01/10 00:00:00","Espresso","Caffe Mocha","Regular","123"
"920","Wisconsin","Central","Small Market","89.0","164.0","75.0","44.0","23.0","1063.0","70.0","90.0","110.0","200.0","5","11/01/10 00:00:00","Espresso","Caffe Mocha","Regular","89"
"920","Wisconsin","Central","Small Market","99.0","194.0","83.0","46.0","25.0","1063.0","80.0","90.0","120.0","210.0","5","09/01/11 00:00:00","Espresso","Caffe Mocha","Regular","111"
"920","Wisconsin","Central","Small Market","65.0","115.0","50.0","29.0","16.0","587.0","60.0","50.0","80.0","130.0","6","07/01/10 00:00:00","Espresso","Decaf Espresso","Decaf","65"
"920","Wisconsin","Central","Small Market","58.0","110.0","45.0","26.0","14.0","605.0","50.0","50.0","70.0","120.0","6","04/01/11 00:00:00","Espresso","Decaf Espresso","Decaf","65"
"920","Wisconsin","Central","Small Market","30.0","55.0","22.0","19.0","7.0","570.0","30.0","20.0","40.0","60.0","6","11/01/11 00:00:00","Espresso","Decaf Espresso","Decaf","33"
"920","Wisconsin","Central","Small Market","65.0","104.0","39.0","36.0","12.0","380.0","40.0","30.0","60.0","90.0","8","07/01/10 00:00:00","Herbal Tea","Chamomile","Decaf","65"
"920","Wisconsin","Central","Small Market","94.0","151.0","57.0","41.0","17.0","349.0","70.0","40.0","90.0","130.0","8","09/01/10 00:00:00","Herbal Tea","Chamomile","Decaf","94"
"920","Wisconsin","Central","Small Market","88.0","141.0","53.0","40.0","16.0","321.0","50.0","50.0","80.0","130.0","8","11/01/10 00:00:00","Herbal Tea","Chamomile","Decaf","88"
"920","Wisconsin","Central","Small Market","66.0","107.0","41.0","36.0","12.0","320.0","30.0","30.0","60.0","90.0","8","12/01/10 00:00:00","Herbal Tea","Chamomile","Decaf","66"
"920","Wisconsin","Central","Small Market","105.0","178.0","62.0","42.0","19.0","346.0","70.0","50.0","90.0","140.0","8","03/01/11 00:00:00","Herbal Tea","Chamomile","Decaf","116"
"920","Wisconsin","Central","Small Market","66.0","114.0","41.0","36.0","12.0","320.0","30.0","30.0","60.0","90.0","8","12/01/11 00:00:00","Herbal Tea","Chamomile","Decaf","73"
"920","Wisconsin","Central","Small Market","85.0","144.0","59.0","27.0","16.0","842.0","60.0","50.0","70.0","120.0","9","06/01/10 00:00:00","Herbal Tea","Lemon","Decaf","85"
"920","Wisconsin","Central","Small Market","68.0","123.0","47.0","25.0","13.0","772.0","50.0","40.0","60.0","100.0","9","02/01/11 00:00:00","Herbal Tea","Lemon","Decaf","76"
"920","Wisconsin","Central","Small Market","81.0","137.0","56.0","40.0","17.0","382.0","50.0","40.0","80.0","120.0","11","02/01/10 00:00:00","Tea","Darjeeling","Regular","81"
"920","Wisconsin","Central","Small Market","65.0","110.0","45.0","38.0","14.0","410.0","30.0","30.0","60.0","90.0","11","05/01/10 00:00:00","Tea","Darjeeling","Regular","65"
"920","Wisconsin","Central","Small Market","59.0","99.0","40.0","35.0","12.0","443.0","20.0","30.0","50.0","80.0","11","06/01/10 00:00:00","Tea","Darjeeling","Regular","59"
"920","Wisconsin","Central","Small Market","54.0","90.0","36.0","33.0","11.0","462.0","10.0","30.0","40.0","70.0","11","07/01/10 00:00:00","Tea","Darjeeling","Regular","54"
"920","Wisconsin","Central","Small Market","54.0","90.0","36.0","34.0","11.0","458.0","10.0","30.0","40.0","70.0","11","08/01/10 00:00:00","Tea","Darjeeling","Regular","54"
"920","Wisconsin","Central","Small Market","67.0","113.0","46.0","36.0","14.0","454.0","30.0","30.0","60.0","90.0","11","09/01/10 00:00:00","Tea","Darjeeling","Regular","67"
"920","Wisconsin","Central","Small Market","87.0","150.0","63.0","86.0","57.0","506.0","10.0","50.0","80.0","130.0","12","03/01/10 00:00:00","Tea","Earl Grey","Regular","87"
"920","Wisconsin","Central","Small Market","76.0","131.0","55.0","79.0","49.0","627.0","0.0","40.0","60.0","100.0","12","12/01/10 00:00:00","Tea","Earl Grey","Regular","76"
"920","Wisconsin","Central","Small Market","90.0","165.0","65.0","87.0","58.0","513.0","10.0","50.0","80.0","130.0","12","02/01/11 00:00:00","Tea","Earl Grey","Regular","100"
"925","California","West","Major Market","16.0","125.0","109.0","57.0","34.0","796.0","-30.0","130.0","20.0","150.0","1","03/01/10 00:00:00","Coffee","Amaretto","Regular","16"
"925","California","West","Major Market","-26.0","130.0","148.0","91.0","48.0","1071.0","-110.0","180.0","-30.0","150.0","3","02/01/11 00:00:00","Coffee","Decaf Irish Cream","Decaf","-18"
"925","California","West","Major Market","-32.0","162.0","195.0","102.0","64.0","1952.0","-140.0","240.0","-40.0","200.0","3","05/01/11 00:00:00","Coffee","Decaf Irish Cream","Decaf","-33"
"925","California","West","Major Market","-31.0","167.0","200.0","103.0","66.0","2393.0","-140.0","250.0","-40.0","210.0","3","06/01/11 00:00:00","Coffee","Decaf Irish Cream","Decaf","-33"
"925","California","West","Major Market","157.0","282.0","108.0","42.0","30.0","971.0","120.0","80.0","130.0","210.0","8","10/01/11 00:00:00","Herbal Tea","Chamomile","Decaf","174"
"925","California","West","Major Market","136.0","228.0","94.0","35.0","26.0","562.0","80.0","60.0","90.0","150.0","12","06/01/11 00:00:00","Tea","Earl Grey","Regular","134"
"925","California","West","Major Market","239.0","478.0","239.0","91.0","66.0","1464.0","150.0","220.0","230.0","450.0","4","04/01/10 00:00:00","Espresso","Caffe Latte","Regular","239"
"936","Texas","South","Major Market","281.0","520.0","239.0","96.0","74.0","1246.0","340.0","350.0","420.0","770.0","2","10/01/10 00:00:00","Coffee","Columbian","Regular","281"
"936","Texas","South","Major Market","52.0","98.0","40.0","26.0","13.0","536.0","40.0","40.0","60.0","100.0","3","11/01/11 00:00:00","Coffee","Decaf Irish Cream","Decaf","58"
"936","Texas","South","Major Market","126.0","213.0","87.0","35.0","24.0","756.0","90.0","70.0","110.0","180.0","5","03/01/10 00:00:00","Espresso","Caffe Mocha","Regular","126"
"936","Texas","South","Major Market","79.0","147.0","59.0","47.0","19.0","411.0","40.0","50.0","70.0","120.0","8","11/01/11 00:00:00","Herbal Tea","Chamomile","Decaf","88"
"936","Texas","South","Major Market","68.0","114.0","46.0","37.0","14.0","424.0","30.0","40.0","60.0","100.0","9","11/01/10 00:00:00","Herbal Tea","Lemon","Decaf","68"
"936","Texas","South","Major Market","81.0","135.0","54.0","48.0","17.0","-321.0","40.0","40.0","70.0","110.0","4","06/01/10 00:00:00","Espresso","Caffe Latte","Regular","81"
"937","Ohio","Central","Major Market","80.0","140.0","60.0","47.0","19.0","329.0","50.0","60.0","80.0","140.0","1","02/01/10 00:00:00","Coffee","Amaretto","Regular","80"
"937","Ohio","Central","Major Market","77.0","134.0","57.0","45.0","18.0","323.0","50.0","60.0","80.0","140.0","1","03/01/10 00:00:00","Coffee","Amaretto","Regular","77"
"937","Ohio","Central","Major Market","64.0","107.0","43.0","36.0","13.0","419.0","60.0","30.0","70.0","100.0","2","10/01/10 00:00:00","Coffee","Columbian","Regular","64"
"937","Ohio","Central","Major Market","64.0","114.0","43.0","36.0","13.0","419.0","60.0","30.0","70.0","100.0","2","10/01/11 00:00:00","Coffee","Columbian","Regular","71"
"937","Ohio","Central","Major Market","63.0","107.0","44.0","69.0","40.0","496.0","20.0","40.0","70.0","110.0","3","06/01/10 00:00:00","Coffee","Decaf Irish Cream","Decaf","63"
"937","Ohio","Central","Major Market","153.0","326.0","153.0","66.0","42.0","1319.0","140.0","190.0","200.0","390.0","5","12/01/11 00:00:00","Espresso","Caffe Mocha","Regular","173"
"937","Ohio","Central","Major Market","60.0","109.0","49.0","52.0","18.0","414.0","20.0","50.0","70.0","120.0","6","08/01/10 00:00:00","Espresso","Decaf Espresso","Decaf","60"
"937","Ohio","Central","Major Market","72.0","145.0","58.0","59.0","22.0","338.0","40.0","60.0","90.0","150.0","6","01/01/11 00:00:00","Espresso","Decaf Espresso","Decaf","87"
"937","Ohio","Central","Major Market","69.0","132.0","55.0","53.0","20.0","410.0","40.0","70.0","80.0","150.0","6","11/01/11 00:00:00","Espresso","Decaf Espresso","Decaf","77"
"937","Ohio","Central","Major Market","48.0","80.0","32.0","19.0","8.0","456.0","50.0","20.0","50.0","70.0","8","01/01/10 00:00:00","Herbal Tea","Chamomile","Decaf","48"
"937","Ohio","Central","Major Market","30.0","50.0","20.0","16.0","5.0","482.0","30.0","10.0","30.0","40.0","8","09/01/10 00:00:00","Herbal Tea","Chamomile","Decaf","30"
"937","Ohio","Central","Major Market","32.0","53.0","21.0","16.0","5.0","480.0","30.0","0.0","30.0","30.0","8","10/01/10 00:00:00","Herbal Tea","Chamomile","Decaf","32"
"937","Ohio","Central","Major Market","48.0","80.0","32.0","19.0","8.0","482.0","30.0","30.0","40.0","70.0","8","11/01/10 00:00:00","Herbal Tea","Chamomile","Decaf","48"
"937","Ohio","Central","Major Market","44.0","73.0","29.0","19.0","8.0","490.0","30.0","20.0","40.0","60.0","8","12/01/10 00:00:00","Herbal Tea","Chamomile","Decaf","44"
"937","Ohio","Central","Major Market","32.0","56.0","21.0","16.0","5.0","480.0","30.0","0.0","30.0","30.0","8","10/01/11 00:00:00","Herbal Tea","Chamomile","Decaf","35"
"937","Ohio","Central","Major Market","34.0","56.0","23.0","17.0","6.0","868.0","40.0","10.0","40.0","50.0","9","07/01/11 00:00:00","Herbal Tea","Lemon","Decaf","33"
"937","Ohio","Central","Major Market","39.0","70.0","27.0","19.0","7.0","859.0","30.0","10.0","30.0","40.0","9","10/01/11 00:00:00","Herbal Tea","Lemon","Decaf","43"
"937","Ohio","Central","Major Market","134.0","237.0","88.0","61.0","29.0","653.0","70.0","70.0","120.0","190.0","11","04/01/11 00:00:00","Tea","Darjeeling","Regular","149"
"937","Ohio","Central","Major Market","155.0","267.0","112.0","58.0","34.0","502.0","90.0","90.0","140.0","230.0","12","04/01/10 00:00:00","Tea","Earl Grey","Regular","155"
"937","Ohio","Central","Major Market","164.0","282.0","118.0","59.0","36.0","636.0","90.0","100.0","140.0","240.0","12","06/01/10 00:00:00","Tea","Earl Grey","Regular","164"
"940","Texas","South","Major Market","253.0","467.0","214.0","87.0","66.0","923.0","240.0","260.0","320.0","580.0","2","03/01/10 00:00:00","Coffee","Columbian","Regular","253"
"940","Texas","South","Major Market","367.0","672.0","311.0","109.0","96.0","1296.0","340.0","390.0","450.0","840.0","2","08/01/11 00:00:00","Coffee","Columbian","Regular","361"
"940","Texas","South","Major Market","100.0","190.0","78.0","37.0","25.0","593.0","100.0","90.0","130.0","220.0","3","04/01/11 00:00:00","Coffee","Decaf Irish Cream","Decaf","112"
"940","Texas","South","Major Market","77.0","143.0","57.0","46.0","18.0","323.0","50.0","50.0","80.0","130.0","8","03/01/11 00:00:00","Herbal Tea","Chamomile","Decaf","86"
"941","Florida","East","Major Market","167.0","276.0","111.0","63.0","36.0","767.0","110.0","100.0","160.0","260.0","2","06/01/11 00:00:00","Coffee","Columbian","Regular","165"
"941","Florida","East","Major Market","132.0","227.0","95.0","115.0","86.0","532.0","30.0","90.0","130.0","220.0","5","03/01/10 00:00:00","Espresso","Caffe Mocha","Regular","132"
"941","Florida","East","Major Market","184.0","317.0","133.0","149.0","120.0","705.0","60.0","120.0","190.0","310.0","5","08/01/10 00:00:00","Espresso","Caffe Mocha","Regular","184"
"941","Florida","East","Major Market","184.0","314.0","133.0","139.0","120.0","705.0","60.0","120.0","190.0","310.0","5","08/01/11 00:00:00","Espresso","Caffe Mocha","Regular","181"
"941","Florida","East","Major Market","108.0","188.0","80.0","54.0","26.0","415.0","70.0","70.0","110.0","180.0","6","03/01/10 00:00:00","Espresso","Decaf Espresso","Decaf","108"
"941","Florida","East","Major Market","114.0","212.0","85.0","56.0","28.0","555.0","70.0","80.0","110.0","190.0","6","09/01/11 00:00:00","Espresso","Decaf Espresso","Decaf","127"
"941","Florida","East","Major Market","62.0","110.0","48.0","27.0","15.0","599.0","30.0","30.0","50.0","80.0","8","05/01/10 00:00:00","Herbal Tea","Chamomile","Decaf","62"
"941","Florida","East","Major Market","62.0","110.0","48.0","27.0","15.0","593.0","30.0","30.0","50.0","80.0","8","06/01/10 00:00:00","Herbal Tea","Chamomile","Decaf","62"
"941","Florida","East","Major Market","92.0","168.0","78.0","42.0","24.0","995.0","50.0","50.0","80.0","130.0","10","05/01/11 00:00:00","Herbal Tea","Mint","Decaf","90"
"941","Florida","East","Major Market","68.0","114.0","46.0","24.0","12.0","880.0","60.0","40.0","80.0","120.0","11","08/01/10 00:00:00","Tea","Darjeeling","Regular","68"
"949","California","West","Major Market","407.0","759.0","271.0","152.0","94.0","2101.0","370.0","340.0","500.0","840.0","2","01/01/11 00:00:00","Coffee","Columbian","Regular","488"
"949","California","West","Major Market","81.0","134.0","54.0","46.0","17.0","641.0","30.0","30.0","60.0","90.0","13","06/01/11 00:00:00","Tea","Green Tea","Regular","80"
"949","California","West","Major Market","79.0","130.0","52.0","46.0","17.0","668.0","20.0","30.0","50.0","80.0","13","07/01/11 00:00:00","Tea","Green Tea","Regular","78"
"949","California","West","Major Market","137.0","232.0","95.0","37.0","26.0","809.0","100.0","80.0","120.0","200.0","8","02/01/10 00:00:00","Herbal Tea","Chamomile","Decaf","137"
"949","California","West","Major Market","178.0","298.0","123.0","42.0","34.0","947.0","140.0","100.0","160.0","260.0","8","06/01/11 00:00:00","Herbal Tea","Chamomile","Decaf","175"
"949","California","West","Major Market","249.0","498.0","249.0","93.0","69.0","1775.0","160.0","230.0","240.0","470.0","4","09/01/10 00:00:00","Espresso","Caffe Latte","Regular","249"
"949","California","West","Major Market","251.0","534.0","250.0","94.0","70.0","1820.0","160.0","240.0","240.0","480.0","4","12/01/11 00:00:00","Espresso","Caffe Latte","Regular","284"
"951","California","West","Major Market","-25.0","102.0","127.0","63.0","40.0","2947.0","-90.0","150.0","-30.0","120.0","1","12/01/10 00:00:00","Coffee","Amaretto","Regular","-25"
"951","California","West","Major Market","374.0","623.0","249.0","139.0","87.0","2580.0","310.0","290.0","450.0","740.0","2","11/01/10 00:00:00","Coffee","Columbian","Regular","374"
"951","California","West","Major Market","-24.0","130.0","154.0","93.0","50.0","3654.0","-100.0","220.0","-30.0","190.0","3","10/01/10 00:00:00","Coffee","Decaf Irish Cream","Decaf","-24"
"951","California","West","Major Market","-32.0","205.0","224.0","117.0","73.0","4216.0","-150.0","260.0","-40.0","220.0","3","12/01/11 00:00:00","Coffee","Decaf Irish Cream","Decaf","-19"
"951","California","West","Major Market","169.0","290.0","121.0","143.0","110.0","910.0","30.0","110.0","160.0","270.0","5","09/01/10 00:00:00","Espresso","Caffe Mocha","Regular","169"
"951","California","West","Major Market","239.0","408.0","173.0","176.0","156.0","927.0","60.0","160.0","230.0","390.0","5","08/01/11 00:00:00","Espresso","Caffe Mocha","Regular","235"
"951","California","West","Major Market","169.0","309.0","121.0","143.0","110.0","910.0","30.0","110.0","160.0","270.0","5","09/01/11 00:00:00","Espresso","Caffe Mocha","Regular","188"
"951","California","West","Major Market","311.0","545.0","234.0","109.0","77.0","1282.0","200.0","220.0","300.0","520.0","6","02/01/10 00:00:00","Espresso","Decaf Espresso","Decaf","311"
"951","California","West","Major Market","312.0","611.0","234.0","114.0","77.0","1310.0","200.0","220.0","300.0","520.0","6","01/01/11 00:00:00","Espresso","Decaf Espresso","Decaf","377"
"951","California","West","Major Market","281.0","554.0","239.0","95.0","74.0","1246.0","170.0","190.0","220.0","410.0","9","10/01/11 00:00:00","Herbal Tea","Lemon","Decaf","315"
"951","California","West","Major Market","74.0","132.0","58.0","31.0","19.0","548.0","50.0","40.0","70.0","110.0","10","09/01/10 00:00:00","Herbal Tea","Mint","Decaf","74"
"951","California","West","Major Market","132.0","238.0","91.0","36.0","25.0","777.0","80.0","60.0","90.0","150.0","11","04/01/11 00:00:00","Tea","Darjeeling","Regular","147"
"951","California","West","Major Market","163.0","274.0","113.0","40.0","31.0","897.0","90.0","70.0","110.0","180.0","11","06/01/11 00:00:00","Tea","Darjeeling","Regular","161"
"951","California","West","Major Market","117.0","198.0","81.0","33.0","22.0","441.0","70.0","50.0","80.0","130.0","12","03/01/10 00:00:00","Tea","Earl Grey","Regular","117"
"951","California","West","Major Market","212.0","451.0","211.0","83.0","59.0","1778.0","140.0","200.0","210.0","410.0","4","11/01/11 00:00:00","Espresso","Caffe Latte","Regular","240"
"954","Florida","East","Major Market","126.0","210.0","84.0","58.0","27.0","651.0","70.0","80.0","110.0","190.0","2","01/01/10 00:00:00","Coffee","Columbian","Regular","126"
"954","Florida","East","Major Market","172.0","283.0","114.0","63.0","37.0","810.0","120.0","100.0","170.0","270.0","2","08/01/11 00:00:00","Coffee","Columbian","Regular","169"
"954","Florida","East","Major Market","123.0","218.0","82.0","59.0","27.0","788.0","90.0","60.0","110.0","170.0","2","10/01/11 00:00:00","Coffee","Columbian","Regular","136"
"954","Florida","East","Major Market","134.0","230.0","96.0","53.0","29.0","666.0","80.0","90.0","120.0","210.0","3","09/01/10 00:00:00","Coffee","Decaf Irish Cream","Decaf","134"
"954","Florida","East","Major Market","164.0","279.0","118.0","55.0","36.0","636.0","100.0","110.0","150.0","260.0","3","06/01/11 00:00:00","Coffee","Decaf Irish Cream","Decaf","161"
"954","Florida","East","Major Market","85.0","144.0","59.0","27.0","16.0","870.0","70.0","60.0","90.0","150.0","13","07/01/10 00:00:00","Tea","Green Tea","Regular","85"
"954","Florida","East","Major Market","80.0","145.0","65.0","57.0","24.0","403.0","20.0","40.0","60.0","100.0","9","12/01/10 00:00:00","Herbal Tea","Lemon","Decaf","80"
"954","Florida","East","Major Market","89.0","164.0","75.0","45.0","23.0","1063.0","30.0","50.0","60.0","110.0","10","11/01/10 00:00:00","Herbal Tea","Mint","Decaf","89"
"954","Florida","East","Major Market","48.0","80.0","32.0","20.0","8.0","821.0","40.0","30.0","50.0","80.0","11","01/01/10 00:00:00","Tea","Darjeeling","Regular","48"
"954","Florida","East","Major Market","68.0","113.0","46.0","22.0","12.0","880.0","60.0","40.0","80.0","120.0","11","08/01/11 00:00:00","Tea","Darjeeling","Regular","67"
"956","Texas","South","Major Market","265.0","490.0","225.0","91.0","69.0","1272.0","230.0","260.0","320.0","580.0","2","11/01/10 00:00:00","Coffee","Columbian","Regular","265"
"956","Texas","South","Major Market","107.0","190.0","83.0","39.0","27.0","584.0","100.0","100.0","130.0","230.0","3","05/01/10 00:00:00","Coffee","Decaf Irish Cream","Decaf","107"
"956","Texas","South","Major Market","56.0","106.0","43.0","26.0","14.0","531.0","40.0","50.0","60.0","110.0","3","12/01/11 00:00:00","Coffee","Decaf Irish Cream","Decaf","63"
"956","Texas","South","Major Market","80.0","134.0","54.0","26.0","15.0","456.0","60.0","40.0","70.0","110.0","6","01/01/10 00:00:00","Espresso","Decaf Espresso","Decaf","80"
"956","Texas","South","Major Market","112.0","189.0","77.0","32.0","21.0","449.0","90.0","60.0","100.0","160.0","6","02/01/10 00:00:00","Espresso","Decaf Espresso","Decaf","112"
"956","Texas","South","Major Market","117.0","198.0","81.0","33.0","22.0","460.0","90.0","60.0","110.0","170.0","6","04/01/10 00:00:00","Espresso","Decaf Espresso","Decaf","117"
"956","Texas","South","Major Market","114.0","201.0","75.0","56.0","24.0","378.0","60.0","60.0","100.0","160.0","4","02/01/11 00:00:00","Espresso","Caffe Latte","Regular","126"
"956","Texas","South","Major Market","102.0","181.0","68.0","54.0","22.0","9.0","50.0","50.0","90.0","140.0","4","04/01/11 00:00:00","Espresso","Caffe Latte","Regular","113"
"959","Connecticut","East","Small Market","195.0","325.0","130.0","74.0","42.0","945.0","130.0","120.0","180.0","300.0","2","02/01/10 00:00:00","Coffee","Columbian","Regular","195"
"959","Connecticut","East","Small Market","165.0","275.0","110.0","67.0","36.0","1020.0","110.0","100.0","160.0","260.0","2","05/01/10 00:00:00","Coffee","Columbian","Regular","165"
"959","Connecticut","East","Small Market","186.0","347.0","124.0","75.0","40.0","961.0","130.0","110.0","180.0","290.0","2","01/01/11 00:00:00","Coffee","Columbian","Regular","223"
"959","Connecticut","East","Small Market","176.0","311.0","116.0","69.0","38.0","962.0","110.0","110.0","160.0","270.0","2","04/01/11 00:00:00","Coffee","Columbian","Regular","195"
"959","Connecticut","East","Small Market","140.0","230.0","92.0","57.0","30.0","1102.0","100.0","80.0","140.0","220.0","2","06/01/11 00:00:00","Coffee","Columbian","Regular","138"
"959","Connecticut","East","Small Market","174.0","308.0","115.0","69.0","37.0","1166.0","110.0","100.0","160.0","260.0","2","12/01/11 00:00:00","Coffee","Columbian","Regular","193"
"959","Connecticut","East","Small Market","28.0","47.0","19.0","16.0","5.0","811.0","20.0","20.0","30.0","50.0","13","08/01/10 00:00:00","Tea","Green Tea","Regular","28"
"959","Connecticut","East","Small Market","36.0","60.0","24.0","18.0","6.0","806.0","40.0","20.0","40.0","60.0","13","10/01/10 00:00:00","Tea","Green Tea","Regular","36"
"959","Connecticut","East","Small Market","49.0","82.0","33.0","21.0","9.0","818.0","40.0","30.0","50.0","80.0","13","12/01/10 00:00:00","Tea","Green Tea","Regular","49"
"959","Connecticut","East","Small Market","39.0","70.0","27.0","18.0","7.0","772.0","40.0","20.0","50.0","70.0","13","02/01/11 00:00:00","Tea","Green Tea","Regular","43"
"959","Connecticut","East","Small Market","37.0","66.0","25.0","19.0","7.0","775.0","30.0","20.0","40.0","60.0","13","04/01/11 00:00:00","Tea","Green Tea","Regular","41"
"959","Connecticut","East","Small Market","34.0","61.0","23.0","17.0","6.0","809.0","30.0","20.0","40.0","60.0","13","09/01/11 00:00:00","Tea","Green Tea","Regular","38"
"959","Connecticut","East","Small Market","49.0","87.0","33.0","21.0","9.0","818.0","40.0","30.0","50.0","80.0","13","12/01/11 00:00:00","Tea","Green Tea","Regular","54"
"959","Connecticut","East","Small Market","87.0","149.0","62.0","85.0","56.0","612.0","20.0","50.0","90.0","140.0","5","09/01/10 00:00:00","Espresso","Caffe Mocha","Regular","87"
"959","Connecticut","East","Small Market","84.0","153.0","60.0","83.0","54.0","606.0","40.0","40.0","90.0","130.0","5","10/01/11 00:00:00","Espresso","Caffe Mocha","Regular","93"
"959","Connecticut","East","Small Market","65.0","114.0","49.0","44.0","16.0","392.0","40.0","40.0","70.0","110.0","6","12/01/10 00:00:00","Espresso","Decaf Espresso","Decaf","65"
"959","Connecticut","East","Small Market","75.0","139.0","55.0","46.0","18.0","305.0","40.0","50.0","70.0","120.0","6","02/01/11 00:00:00","Espresso","Decaf Espresso","Decaf","84"
"959","Connecticut","East","Small Market","62.0","107.0","46.0","40.0","15.0","367.0","30.0","40.0","60.0","100.0","6","06/01/11 00:00:00","Espresso","Decaf Espresso","Decaf","61"
"959","Connecticut","East","Small Market","65.0","120.0","48.0","42.0","15.0","380.0","40.0","40.0","70.0","110.0","6","09/01/11 00:00:00","Espresso","Decaf Espresso","Decaf","72"
"959","Connecticut","East","Small Market","98.0","178.0","80.0","64.0","30.0","494.0","30.0","60.0","70.0","130.0","9","04/01/10 00:00:00","Herbal Tea","Lemon","Decaf","98"
"959","Connecticut","East","Small Market","93.0","169.0","76.0","61.0","28.0","613.0","40.0","50.0","80.0","130.0","9","07/01/10 00:00:00","Herbal Tea","Lemon","Decaf","93"
"959","Connecticut","East","Small Market","83.0","150.0","67.0","59.0","25.0","599.0","20.0","50.0","60.0","110.0","9","09/01/10 00:00:00","Herbal Tea","Lemon","Decaf","83"
"959","Connecticut","East","Small Market","98.0","177.0","79.0","64.0","30.0","593.0","30.0","40.0","50.0","90.0","9","10/01/10 00:00:00","Herbal Tea","Lemon","Decaf","98"
"959","Connecticut","East","Small Market","104.0","201.0","85.0","65.0","32.0","476.0","40.0","60.0","80.0","140.0","9","03/01/11 00:00:00","Herbal Tea","Lemon","Decaf","116"
"959","Connecticut","East","Small Market","88.0","159.0","72.0","56.0","27.0","606.0","30.0","50.0","70.0","120.0","9","08/01/11 00:00:00","Herbal Tea","Lemon","Decaf","87"
"959","Connecticut","East","Small Market","72.0","132.0","60.0","39.0","18.0","1070.0","40.0","40.0","60.0","100.0","10","07/01/10 00:00:00","Herbal Tea","Mint","Decaf","72"
"959","Connecticut","East","Small Market","60.0","110.0","50.0","36.0","15.0","1064.0","30.0","30.0","50.0","80.0","10","08/01/10 00:00:00","Herbal Tea","Mint","Decaf","60"
"959","Connecticut","East","Small Market","77.0","141.0","65.0","38.0","20.0","1042.0","50.0","40.0","70.0","110.0","10","06/01/11 00:00:00","Herbal Tea","Mint","Decaf","76"
"959","Connecticut","East","Small Market","72.0","131.0","60.0","36.0","18.0","1070.0","40.0","40.0","60.0","100.0","10","07/01/11 00:00:00","Herbal Tea","Mint","Decaf","71"
"959","Connecticut","East","Small Market","81.0","160.0","69.0","43.0","21.0","1060.0","30.0","50.0","50.0","100.0","10","11/01/11 00:00:00","Herbal Tea","Mint","Decaf","91"
"959","Connecticut","East","Small Market","72.0","121.0","49.0","25.0","13.0","809.0","60.0","50.0","80.0","130.0","11","03/01/10 00:00:00","Tea","Darjeeling","Regular","72"
"959","Connecticut","East","Small Market","55.0","92.0","37.0","22.0","10.0","876.0","40.0","30.0","60.0","90.0","11","06/01/10 00:00:00","Tea","Darjeeling","Regular","55"
"959","Connecticut","East","Small Market","78.0","132.0","54.0","27.0","15.0","885.0","60.0","50.0","80.0","130.0","11","11/01/10 00:00:00","Tea","Darjeeling","Regular","78"
"959","Connecticut","East","Small Market","73.0","138.0","50.0","27.0","14.0","821.0","60.0","50.0","80.0","130.0","11","01/01/11 00:00:00","Tea","Darjeeling","Regular","88"
"959","Connecticut","East","Small Market","68.0","123.0","47.0","25.0","13.0","821.0","60.0","40.0","80.0","120.0","11","04/01/11 00:00:00","Tea","Darjeeling","Regular","76"
"959","Connecticut","East","Small Market","52.0","86.0","35.0","19.0","9.0","894.0","50.0","30.0","60.0","90.0","11","07/01/11 00:00:00","Tea","Darjeeling","Regular","51"
"959","Connecticut","East","Small Market","49.0","82.0","34.0","20.0","9.0","890.0","40.0","30.0","50.0","80.0","11","08/01/11 00:00:00","Tea","Darjeeling","Regular","48"
"959","Connecticut","East","Small Market","73.0","131.0","50.0","26.0","14.0","898.0","50.0","50.0","70.0","120.0","11","12/01/11 00:00:00","Tea","Darjeeling","Regular","81"
"970","Colorado","Central","Major Market","179.0","302.0","123.0","45.0","34.0","928.0","140.0","130.0","180.0","310.0","1","09/01/10 00:00:00","Coffee","Amaretto","Regular","179"
"970","Colorado","Central","Major Market","179.0","302.0","123.0","46.0","34.0","915.0","160.0","120.0","180.0","300.0","1","10/01/10 00:00:00","Coffee","Amaretto","Regular","179"
"970","Colorado","Central","Major Market","172.0","290.0","118.0","44.0","33.0","930.0","130.0","110.0","170.0","280.0","1","11/01/10 00:00:00","Coffee","Amaretto","Regular","172"
"970","Colorado","Central","Major Market","132.0","238.0","91.0","36.0","25.0","777.0","110.0","90.0","140.0","230.0","1","04/01/11 00:00:00","Coffee","Amaretto","Regular","147"
"970","Colorado","Central","Major Market","179.0","322.0","123.0","45.0","34.0","928.0","140.0","130.0","180.0","310.0","1","09/01/11 00:00:00","Coffee","Amaretto","Regular","199"
"970","Colorado","Central","Major Market","107.0","190.0","83.0","39.0","27.0","623.0","80.0","80.0","110.0","190.0","2","01/01/10 00:00:00","Coffee","Columbian","Regular","107"
"970","Colorado","Central","Major Market","109.0","193.0","84.0","40.0","27.0","603.0","90.0","80.0","120.0","200.0","2","03/01/10 00:00:00","Coffee","Columbian","Regular","109"
"970","Colorado","Central","Major Market","100.0","178.0","78.0","37.0","25.0","593.0","70.0","80.0","100.0","180.0","2","04/01/10 00:00:00","Coffee","Columbian","Regular","100"
"970","Colorado","Central","Major Market","107.0","190.0","83.0","39.0","27.0","574.0","80.0","80.0","110.0","190.0","2","06/01/10 00:00:00","Coffee","Columbian","Regular","107"
"970","Colorado","Central","Major Market","112.0","199.0","87.0","41.0","28.0","564.0","80.0","90.0","110.0","200.0","2","07/01/10 00:00:00","Coffee","Columbian","Regular","112"
"970","Colorado","Central","Major Market","74.0","132.0","58.0","32.0","19.0","548.0","50.0","60.0","70.0","130.0","2","09/01/10 00:00:00","Coffee","Columbian","Regular","74"
"970","Colorado","Central","Major Market","52.0","92.0","40.0","25.0","13.0","536.0","40.0","30.0","60.0","90.0","2","11/01/10 00:00:00","Coffee","Columbian","Regular","52"
"970","Colorado","Central","Major Market","56.0","99.0","43.0","27.0","14.0","531.0","30.0","40.0","50.0","90.0","2","12/01/10 00:00:00","Coffee","Columbian","Regular","56"
"970","Colorado","Central","Major Market","109.0","206.0","84.0","40.0","27.0","603.0","90.0","80.0","120.0","200.0","2","03/01/11 00:00:00","Coffee","Columbian","Regular","122"
"970","Colorado","Central","Major Market","100.0","190.0","78.0","37.0","25.0","593.0","70.0","80.0","100.0","180.0","2","04/01/11 00:00:00","Coffee","Columbian","Regular","112"
"970","Colorado","Central","Major Market","107.0","188.0","83.0","36.0","27.0","574.0","80.0","80.0","110.0","190.0","2","06/01/11 00:00:00","Coffee","Columbian","Regular","105"
"970","Colorado","Central","Major Market","68.0","119.0","52.0","27.0","17.0","554.0","50.0","50.0","70.0","120.0","2","08/01/11 00:00:00","Coffee","Columbian","Regular","67"
"970","Colorado","Central","Major Market","56.0","106.0","43.0","27.0","14.0","531.0","30.0","40.0","50.0","90.0","2","12/01/11 00:00:00","Coffee","Columbian","Regular","63"
"970","Colorado","Central","Major Market","139.0","234.0","95.0","38.0","26.0","821.0","110.0","100.0","140.0","240.0","3","01/01/10 00:00:00","Coffee","Decaf Irish Cream","Decaf","139"
"970","Colorado","Central","Major Market","185.0","312.0","127.0","46.0","35.0","1007.0","150.0","130.0","190.0","320.0","3","07/01/10 00:00:00","Coffee","Decaf Irish Cream","Decaf","185"
"970","Colorado","Central","Major Market","145.0","245.0","100.0","39.0","28.0","981.0","120.0","100.0","150.0","250.0","3","09/01/10 00:00:00","Coffee","Decaf Irish Cream","Decaf","145"
"970","Colorado","Central","Major Market","117.0","198.0","81.0","33.0","22.0","984.0","80.0","80.0","110.0","190.0","3","11/01/10 00:00:00","Coffee","Decaf Irish Cream","Decaf","117"
"970","Colorado","Central","Major Market","56.0","100.0","44.0","26.0","14.0","618.0","30.0","30.0","50.0","80.0","13","02/01/10 00:00:00","Tea","Green Tea","Regular","56"
"970","Colorado","Central","Major Market","79.0","140.0","61.0","32.0","20.0","579.0","50.0","50.0","70.0","120.0","13","09/01/10 00:00:00","Tea","Green Tea","Regular","79"
"970","Colorado","Central","Major Market","56.0","107.0","44.0","26.0","14.0","618.0","30.0","30.0","50.0","80.0","13","02/01/11 00:00:00","Tea","Green Tea","Regular","63"
"970","Colorado","Central","Major Market","56.0","98.0","43.0","24.0","14.0","602.0","30.0","30.0","50.0","80.0","13","05/01/11 00:00:00","Tea","Green Tea","Regular","55"
"970","Colorado","Central","Major Market","56.0","98.0","43.0","25.0","14.0","597.0","30.0","30.0","50.0","80.0","13","06/01/11 00:00:00","Tea","Green Tea","Regular","55"
"970","Colorado","Central","Major Market","53.0","93.0","41.0","24.0","13.0","592.0","30.0","30.0","50.0","80.0","13","07/01/11 00:00:00","Tea","Green Tea","Regular","52"
"970","Colorado","Central","Major Market","115.0","218.0","90.0","41.0","29.0","572.0","80.0","50.0","90.0","140.0","13","10/01/11 00:00:00","Tea","Green Tea","Regular","128"
"970","Colorado","Central","Major Market","112.0","213.0","88.0","42.0","29.0","561.0","60.0","70.0","90.0","160.0","13","11/01/11 00:00:00","Tea","Green Tea","Regular","125"
"970","Colorado","Central","Major Market","112.0","189.0","77.0","32.0","21.0","449.0","110.0","80.0","140.0","220.0","5","02/01/10 00:00:00","Espresso","Caffe Mocha","Regular","112"
"970","Colorado","Central","Major Market","79.0","133.0","54.0","26.0","15.0","601.0","90.0","60.0","110.0","170.0","5","12/01/10 00:00:00","Espresso","Caffe Mocha","Regular","79"
"970","Colorado","Central","Major Market","124.0","208.0","86.0","33.0","24.0","499.0","120.0","90.0","150.0","240.0","5","05/01/11 00:00:00","Espresso","Caffe Mocha","Regular","122"
"970","Colorado","Central","Major Market","111.0","199.0","76.0","32.0","21.0","580.0","170.0","100.0","180.0","280.0","5","10/01/11 00:00:00","Espresso","Caffe Mocha","Regular","123"
"970","Colorado","Central","Major Market","79.0","142.0","54.0","26.0","15.0","601.0","90.0","60.0","110.0","170.0","5","12/01/11 00:00:00","Espresso","Caffe Mocha","Regular","88"
"970","Colorado","Central","Major Market","108.0","180.0","72.0","54.0","23.0","541.0","80.0","80.0","130.0","210.0","6","03/01/10 00:00:00","Espresso","Decaf Espresso","Decaf","108"
"970","Colorado","Central","Major Market","101.0","168.0","67.0","54.0","22.0","677.0","80.0","80.0","130.0","210.0","6","12/01/10 00:00:00","Espresso","Decaf Espresso","Decaf","101"
"970","Colorado","Central","Major Market","114.0","201.0","75.0","55.0","24.0","549.0","90.0","80.0","140.0","220.0","6","02/01/11 00:00:00","Espresso","Decaf Espresso","Decaf","126"
"970","Colorado","Central","Major Market","108.0","192.0","72.0","54.0","23.0","541.0","80.0","80.0","130.0","210.0","6","03/01/11 00:00:00","Espresso","Decaf Espresso","Decaf","120"
"970","Colorado","Central","Major Market","81.0","134.0","54.0","45.0","17.0","641.0","50.0","60.0","90.0","150.0","6","06/01/11 00:00:00","Espresso","Decaf Espresso","Decaf","80"
"970","Colorado","Central","Major Market","90.0","160.0","60.0","51.0","19.0","656.0","60.0","60.0","110.0","170.0","6","09/01/11 00:00:00","Espresso","Decaf Espresso","Decaf","100"
"970","Colorado","Central","Major Market","110.0","194.0","72.0","54.0","23.0","650.0","130.0","100.0","160.0","260.0","6","10/01/11 00:00:00","Espresso","Decaf Espresso","Decaf","122"
"970","Colorado","Central","Major Market","114.0","201.0","75.0","56.0","24.0","659.0","100.0","90.0","150.0","240.0","6","11/01/11 00:00:00","Espresso","Decaf Espresso","Decaf","126"
"970","Colorado","Central","Major Market","171.0","341.0","170.0","72.0","47.0","1091.0","110.0","140.0","160.0","300.0","8","01/01/10 00:00:00","Herbal Tea","Chamomile","Decaf","171"
"970","Colorado","Central","Major Market","170.0","340.0","170.0","71.0","47.0","1073.0","100.0","140.0","150.0","290.0","8","02/01/10 00:00:00","Herbal Tea","Chamomile","Decaf","170"
"970","Colorado","Central","Major Market","149.0","298.0","149.0","66.0","41.0","1156.0","90.0","120.0","140.0","260.0","8","05/01/10 00:00:00","Herbal Tea","Chamomile","Decaf","149"
"970","Colorado","Central","Major Market","155.0","310.0","155.0","68.0","43.0","1280.0","90.0","130.0","140.0","270.0","8","09/01/10 00:00:00","Herbal Tea","Chamomile","Decaf","155"
"970","Colorado","Central","Major Market","182.0","363.0","181.0","75.0","50.0","1283.0","100.0","170.0","160.0","330.0","8","11/01/10 00:00:00","Herbal Tea","Chamomile","Decaf","182"
"970","Colorado","Central","Major Market","170.0","362.0","170.0","71.0","47.0","1073.0","100.0","140.0","150.0","290.0","8","02/01/11 00:00:00","Herbal Tea","Chamomile","Decaf","192"
"970","Colorado","Central","Major Market","163.0","346.0","162.0","69.0","45.0","1059.0","100.0","130.0","150.0","280.0","8","03/01/11 00:00:00","Herbal Tea","Chamomile","Decaf","184"
"970","Colorado","Central","Major Market","182.0","387.0","181.0","75.0","50.0","1283.0","100.0","170.0","160.0","330.0","8","11/01/11 00:00:00","Herbal Tea","Chamomile","Decaf","206"
"970","Colorado","Central","Major Market","153.0","326.0","153.0","66.0","42.0","1319.0","80.0","140.0","140.0","280.0","8","12/01/11 00:00:00","Herbal Tea","Chamomile","Decaf","173"
"970","Colorado","Central","Major Market","75.0","129.0","54.0","78.0","49.0","427.0","10.0","40.0","70.0","110.0","9","02/01/10 00:00:00","Herbal Tea","Lemon","Decaf","75"
"970","Colorado","Central","Major Market","73.0","125.0","52.0","77.0","47.0","421.0","20.0","40.0","70.0","110.0","9","03/01/10 00:00:00","Herbal Tea","Lemon","Decaf","73"
"970","Colorado","Central","Major Market","56.0","95.0","39.0","66.0","36.0","517.0","0.0","30.0","50.0","80.0","9","07/01/10 00:00:00","Herbal Tea","Lemon","Decaf","56"
"970","Colorado","Central","Major Market","52.0","89.0","37.0","62.0","33.0","513.0","0.0","30.0","40.0","70.0","9","08/01/10 00:00:00","Herbal Tea","Lemon","Decaf","52"
"970","Colorado","Central","Major Market","74.0","126.0","52.0","76.0","47.0","509.0","20.0","40.0","70.0","110.0","9","09/01/10 00:00:00","Herbal Tea","Lemon","Decaf","74"
"970","Colorado","Central","Major Market","65.0","112.0","47.0","71.0","42.0","521.0","0.0","40.0","60.0","100.0","9","12/01/10 00:00:00","Herbal Tea","Lemon","Decaf","65"
"970","Colorado","Central","Major Market","75.0","137.0","54.0","78.0","49.0","427.0","10.0","40.0","70.0","110.0","9","02/01/11 00:00:00","Herbal Tea","Lemon","Decaf","83"
"970","Colorado","Central","Major Market","75.0","127.0","53.0","73.0","48.0","458.0","10.0","40.0","70.0","110.0","9","05/01/11 00:00:00","Herbal Tea","Lemon","Decaf","74"
"970","Colorado","Central","Major Market","74.0","134.0","52.0","76.0","47.0","509.0","20.0","40.0","70.0","110.0","9","09/01/11 00:00:00","Herbal Tea","Lemon","Decaf","82"
"970","Colorado","Central","Major Market","73.0","133.0","52.0","77.0","47.0","509.0","10.0","40.0","70.0","110.0","9","11/01/11 00:00:00","Herbal Tea","Lemon","Decaf","81"
"970","Colorado","Central","Major Market","80.0","140.0","60.0","47.0","19.0","336.0","40.0","50.0","70.0","120.0","10","01/01/10 00:00:00","Herbal Tea","Mint","Decaf","80"
"970","Colorado","Central","Major Market","71.0","123.0","52.0","45.0","17.0","405.0","50.0","30.0","60.0","90.0","10","10/01/10 00:00:00","Herbal Tea","Mint","Decaf","71"
"970","Colorado","Central","Major Market","80.0","157.0","60.0","49.0","19.0","336.0","40.0","50.0","70.0","120.0","10","01/01/11 00:00:00","Herbal Tea","Mint","Decaf","97"
"970","Colorado","Central","Major Market","77.0","143.0","57.0","46.0","18.0","323.0","40.0","40.0","70.0","110.0","10","03/01/11 00:00:00","Herbal Tea","Mint","Decaf","86"
"970","Colorado","Central","Major Market","71.0","131.0","52.0","45.0","17.0","405.0","50.0","30.0","60.0","90.0","10","10/01/11 00:00:00","Herbal Tea","Mint","Decaf","79"
"970","Colorado","Central","Major Market","79.0","147.0","59.0","47.0","19.0","411.0","40.0","50.0","70.0","120.0","10","11/01/11 00:00:00","Herbal Tea","Mint","Decaf","88"
"970","Colorado","Central","Major Market","73.0","135.0","54.0","44.0","17.0","424.0","30.0","50.0","60.0","110.0","10","12/01/11 00:00:00","Herbal Tea","Mint","Decaf","81"
"970","Colorado","Central","Major Market","71.0","129.0","58.0","55.0","22.0","325.0","20.0","40.0","70.0","110.0","11","03/01/10 00:00:00","Tea","Darjeeling","Regular","71"
"970","Colorado","Central","Major Market","64.0","115.0","51.0","52.0","19.0","419.0","20.0","40.0","60.0","100.0","11","07/01/10 00:00:00","Tea","Darjeeling","Regular","64"
"970","Colorado","Central","Major Market","57.0","102.0","45.0","50.0","17.0","409.0","10.0","30.0","50.0","80.0","11","09/01/10 00:00:00","Tea","Darjeeling","Regular","57"
"970","Colorado","Central","Major Market","73.0","141.0","59.0","55.0","22.0","331.0","10.0","50.0","60.0","110.0","11","02/01/11 00:00:00","Tea","Darjeeling","Regular","82"
"970","Colorado","Central","Major Market","71.0","137.0","58.0","55.0","22.0","325.0","20.0","40.0","70.0","110.0","11","03/01/11 00:00:00","Tea","Darjeeling","Regular","79"
"970","Colorado","Central","Major Market","64.0","114.0","51.0","49.0","19.0","396.0","20.0","40.0","60.0","100.0","11","06/01/11 00:00:00","Tea","Darjeeling","Regular","63"
"970","Colorado","Central","Major Market","64.0","117.0","53.0","37.0","16.0","1028.0","30.0","40.0","60.0","100.0","12","06/01/10 00:00:00","Tea","Earl Grey","Regular","64"
"970","Colorado","Central","Major Market","50.0","91.0","41.0","34.0","12.0","1046.0","20.0","30.0","50.0","80.0","12","08/01/10 00:00:00","Tea","Earl Grey","Regular","50"
"970","Colorado","Central","Major Market","74.0","145.0","62.0","40.0","19.0","958.0","30.0","50.0","60.0","110.0","12","02/01/11 00:00:00","Tea","Earl Grey","Regular","83"
"970","Colorado","Central","Major Market","73.0","144.0","62.0","41.0","19.0","952.0","30.0","50.0","60.0","110.0","12","03/01/11 00:00:00","Tea","Earl Grey","Regular","82"
"970","Colorado","Central","Major Market","64.0","126.0","54.0","37.0","16.0","1037.0","40.0","30.0","50.0","80.0","12","10/01/11 00:00:00","Tea","Earl Grey","Regular","72"
"970","Colorado","Central","Major Market","63.0","124.0","53.0","37.0","16.0","1054.0","20.0","40.0","50.0","90.0","12","12/01/11 00:00:00","Tea","Earl Grey","Regular","71"
"971","Oregon","West","Small Market","75.0","129.0","54.0","79.0","49.0","427.0","40.0","60.0","100.0","160.0","1","02/01/10 00:00:00","Coffee","Amaretto","Regular","75"
"971","Oregon","West","Small Market","73.0","125.0","52.0","76.0","47.0","433.0","30.0","60.0","90.0","150.0","1","04/01/10 00:00:00","Coffee","Amaretto","Regular","73"
"971","Oregon","West","Small Market","56.0","95.0","39.0","66.0","36.0","517.0","20.0","40.0","70.0","110.0","1","07/01/10 00:00:00","Coffee","Amaretto","Regular","56"
"971","Oregon","West","Small Market","71.0","122.0","51.0","76.0","46.0","503.0","50.0","70.0","100.0","170.0","1","10/01/10 00:00:00","Coffee","Amaretto","Regular","71"
"971","Oregon","West","Small Market","73.0","133.0","52.0","76.0","47.0","421.0","30.0","60.0","90.0","150.0","1","03/01/11 00:00:00","Coffee","Amaretto","Regular","81"
"971","Oregon","West","Small Market","75.0","127.0","53.0","72.0","48.0","458.0","40.0","60.0","100.0","160.0","1","05/01/11 00:00:00","Coffee","Amaretto","Regular","74"
"971","Oregon","West","Small Market","52.0","88.0","37.0","59.0","33.0","513.0","20.0","40.0","70.0","110.0","1","08/01/11 00:00:00","Coffee","Amaretto","Regular","51"
"971","Oregon","West","Small Market","73.0","133.0","52.0","77.0","47.0","509.0","10.0","60.0","80.0","140.0","1","11/01/11 00:00:00","Coffee","Amaretto","Regular","81"
"971","Oregon","West","Small Market","68.0","116.0","48.0","60.0","15.0","422.0","30.0","60.0","80.0","140.0","2","05/01/10 00:00:00","Coffee","Columbian","Regular","68"
"971","Oregon","West","Small Market","65.0","112.0","47.0","61.0","15.0","456.0","40.0","50.0","90.0","140.0","2","06/01/10 00:00:00","Coffee","Columbian","Regular","65"
"971","Oregon","West","Small Market","55.0","94.0","39.0","55.0","12.0","478.0","20.0","40.0","70.0","110.0","2","07/01/10 00:00:00","Coffee","Columbian","Regular","55"
"971","Oregon","West","Small Market","67.0","114.0","47.0","59.0","15.0","474.0","40.0","50.0","90.0","140.0","2","08/01/10 00:00:00","Coffee","Columbian","Regular","67"
"971","Oregon","West","Small Market","84.0","144.0","60.0","63.0","19.0","463.0","90.0","80.0","130.0","210.0","2","10/01/10 00:00:00","Coffee","Columbian","Regular","84"
"971","Oregon","West","Small Market","75.0","128.0","53.0","61.0","17.0","470.0","40.0","60.0","90.0","150.0","2","11/01/10 00:00:00","Coffee","Columbian","Regular","75"
"971","Oregon","West","Small Market","87.0","159.0","62.0","63.0","20.0","385.0","60.0","70.0","110.0","180.0","2","03/01/11 00:00:00","Coffee","Columbian","Regular","97"
"971","Oregon","West","Small Market","68.0","115.0","48.0","56.0","15.0","422.0","30.0","60.0","80.0","140.0","2","05/01/11 00:00:00","Coffee","Columbian","Regular","67"
"971","Oregon","West","Small Market","67.0","113.0","47.0","55.0","15.0","474.0","40.0","50.0","90.0","140.0","2","08/01/11 00:00:00","Coffee","Columbian","Regular","66"
"971","Oregon","West","Small Market","83.0","140.0","57.0","41.0","18.0","364.0","70.0","70.0","100.0","170.0","3","01/01/10 00:00:00","Coffee","Decaf Irish Cream","Decaf","83"
"971","Oregon","West","Small Market","76.0","128.0","52.0","38.0","16.0","357.0","70.0","60.0","100.0","160.0","3","02/01/10 00:00:00","Coffee","Decaf Irish Cream","Decaf","76"
"971","Oregon","West","Small Market","61.0","103.0","42.0","36.0","13.0","384.0","40.0","50.0","70.0","120.0","3","05/01/10 00:00:00","Coffee","Decaf Irish Cream","Decaf","61"
"971","Oregon","West","Small Market","64.0","107.0","43.0","36.0","13.0","424.0","50.0","50.0","80.0","130.0","3","09/01/10 00:00:00","Coffee","Decaf Irish Cream","Decaf","64"
"971","Oregon","West","Small Market","64.0","107.0","43.0","35.0","13.0","419.0","80.0","50.0","100.0","150.0","3","10/01/10 00:00:00","Coffee","Decaf Irish Cream","Decaf","64"
"971","Oregon","West","Small Market","83.0","157.0","57.0","43.0","18.0","364.0","70.0","70.0","100.0","170.0","3","01/01/11 00:00:00","Coffee","Decaf Irish Cream","Decaf","100"
"971","Oregon","West","Small Market","76.0","136.0","52.0","38.0","16.0","357.0","70.0","60.0","100.0","160.0","3","02/01/11 00:00:00","Coffee","Decaf Irish Cream","Decaf","84"
"971","Oregon","West","Small Market","72.0","129.0","49.0","38.0","15.0","351.0","60.0","60.0","90.0","150.0","3","03/01/11 00:00:00","Coffee","Decaf Irish Cream","Decaf","80"
"971","Oregon","West","Small Market","61.0","102.0","42.0","33.0","13.0","384.0","40.0","50.0","70.0","120.0","3","05/01/11 00:00:00","Coffee","Decaf Irish Cream","Decaf","60"
"971","Oregon","West","Small Market","64.0","114.0","43.0","35.0","13.0","419.0","80.0","50.0","100.0","150.0","3","10/01/11 00:00:00","Coffee","Decaf Irish Cream","Decaf","71"
"971","Oregon","West","Small Market","155.0","267.0","112.0","57.0","34.0","502.0","70.0","70.0","110.0","180.0","13","04/01/10 00:00:00","Tea","Green Tea","Regular","155"
"971","Oregon","West","Small Market","159.0","273.0","114.0","58.0","35.0","555.0","70.0","70.0","110.0","180.0","13","05/01/10 00:00:00","Tea","Green Tea","Regular","159"
"971","Oregon","West","Small Market","127.0","218.0","91.0","51.0","28.0","656.0","50.0","40.0","60.0","100.0","13","10/01/10 00:00:00","Tea","Green Tea","Regular","127"
"971","Oregon","West","Small Market","143.0","245.0","102.0","54.0","31.0","666.0","70.0","70.0","100.0","170.0","13","11/01/10 00:00:00","Tea","Green Tea","Regular","143"
"971","Oregon","West","Small Market","120.0","220.0","86.0","49.0","26.0","490.0","60.0","50.0","90.0","140.0","13","02/01/11 00:00:00","Tea","Green Tea","Regular","134"
"971","Oregon","West","Small Market","125.0","228.0","89.0","51.0","27.0","481.0","60.0","50.0","90.0","140.0","13","03/01/11 00:00:00","Tea","Green Tea","Regular","139"
"971","Oregon","West","Small Market","155.0","285.0","112.0","57.0","34.0","502.0","70.0","70.0","110.0","180.0","13","04/01/11 00:00:00","Tea","Green Tea","Regular","173"
"971","Oregon","West","Small Market","134.0","245.0","96.0","53.0","29.0","666.0","60.0","60.0","90.0","150.0","13","09/01/11 00:00:00","Tea","Green Tea","Regular","149"
"971","Oregon","West","Small Market","143.0","261.0","102.0","54.0","31.0","666.0","70.0","70.0","100.0","170.0","13","11/01/11 00:00:00","Tea","Green Tea","Regular","159"
"971","Oregon","West","Small Market","77.0","134.0","57.0","45.0","18.0","323.0","40.0","50.0","70.0","120.0","5","03/01/10 00:00:00","Espresso","Caffe Mocha","Regular","77"
"971","Oregon","West","Small Market","74.0","129.0","55.0","46.0","18.0","336.0","40.0","50.0","70.0","120.0","5","04/01/10 00:00:00","Espresso","Caffe Mocha","Regular","74"
"971","Oregon","West","Small Market","71.0","123.0","52.0","44.0","17.0","405.0","60.0","30.0","70.0","100.0","5","10/01/10 00:00:00","Espresso","Caffe Mocha","Regular","71"
"971","Oregon","West","Small Market","74.0","137.0","55.0","46.0","18.0","336.0","40.0","50.0","70.0","120.0","5","04/01/11 00:00:00","Espresso","Caffe Mocha","Regular","82"
"971","Oregon","West","Small Market","71.0","122.0","52.0","41.0","17.0","361.0","40.0","40.0","70.0","110.0","5","05/01/11 00:00:00","Espresso","Caffe Mocha","Regular","70"
"971","Oregon","West","Small Market","62.0","107.0","46.0","40.0","15.0","415.0","30.0","40.0","60.0","100.0","5","08/01/11 00:00:00","Espresso","Caffe Mocha","Regular","61"
"971","Oregon","West","Small Market","171.0","341.0","170.0","72.0","47.0","1091.0","100.0","160.0","160.0","320.0","6","01/01/10 00:00:00","Espresso","Decaf Espresso","Decaf","171"
"971","Oregon","West","Small Market","170.0","340.0","170.0","71.0","47.0","1073.0","100.0","160.0","160.0","320.0","6","02/01/10 00:00:00","Espresso","Decaf Espresso","Decaf","170"
"971","Oregon","West","Small Market","163.0","325.0","162.0","69.0","45.0","1059.0","100.0","150.0","160.0","310.0","6","03/01/10 00:00:00","Espresso","Decaf Espresso","Decaf","163"
"971","Oregon","West","Small Market","153.0","306.0","153.0","66.0","42.0","1319.0","80.0","150.0","140.0","290.0","6","12/01/10 00:00:00","Espresso","Decaf Espresso","Decaf","153"
"971","Oregon","West","Small Market","171.0","382.0","170.0","76.0","47.0","1091.0","100.0","160.0","160.0","320.0","6","01/01/11 00:00:00","Espresso","Decaf Espresso","Decaf","212"
"971","Oregon","West","Small Market","163.0","346.0","162.0","70.0","45.0","1091.0","100.0","150.0","160.0","310.0","6","04/01/11 00:00:00","Espresso","Decaf Espresso","Decaf","184"
"971","Oregon","West","Small Market","155.0","330.0","155.0","68.0","43.0","1280.0","90.0","140.0","150.0","290.0","6","09/01/11 00:00:00","Espresso","Decaf Espresso","Decaf","175"
"971","Oregon","West","Small Market","182.0","387.0","181.0","74.0","50.0","1283.0","120.0","170.0","180.0","350.0","6","11/01/11 00:00:00","Espresso","Decaf Espresso","Decaf","206"
"971","Oregon","West","Small Market","153.0","326.0","153.0","66.0","42.0","1319.0","80.0","150.0","140.0","290.0","6","12/01/11 00:00:00","Espresso","Decaf Espresso","Decaf","173"
"971","Oregon","West","Small Market","54.0","90.0","36.0","21.0","10.0","777.0","40.0","30.0","40.0","70.0","8","01/01/10 00:00:00","Herbal Tea","Chamomile","Decaf","54"
"971","Oregon","West","Small Market","48.0","81.0","33.0","20.0","9.0","772.0","50.0","20.0","50.0","70.0","8","02/01/10 00:00:00","Herbal Tea","Chamomile","Decaf","48"
"971","Oregon","West","Small Market","52.0","87.0","35.0","21.0","9.0","777.0","40.0","30.0","40.0","70.0","8","04/01/10 00:00:00","Herbal Tea","Chamomile","Decaf","52"
"971","Oregon","West","Small Market","41.0","69.0","28.0","19.0","7.0","816.0","40.0","20.0","40.0","60.0","8","06/01/10 00:00:00","Herbal Tea","Chamomile","Decaf","41"
"971","Oregon","West","Small Market","37.0","62.0","25.0","18.0","7.0","826.0","30.0","20.0","30.0","50.0","8","08/01/10 00:00:00","Herbal Tea","Chamomile","Decaf","37"
"971","Oregon","West","Small Market","36.0","61.0","25.0","19.0","7.0","820.0","30.0","10.0","30.0","40.0","8","10/01/10 00:00:00","Herbal Tea","Chamomile","Decaf","36"
"971","Oregon","West","Small Market","52.0","93.0","35.0","21.0","9.0","777.0","40.0","30.0","40.0","70.0","8","04/01/11 00:00:00","Herbal Tea","Chamomile","Decaf","58"
"971","Oregon","West","Small Market","37.0","61.0","25.0","17.0","7.0","826.0","30.0","20.0","30.0","50.0","8","08/01/11 00:00:00","Herbal Tea","Chamomile","Decaf","36"
"971","Oregon","West","Small Market","36.0","65.0","25.0","19.0","7.0","820.0","30.0","10.0","30.0","40.0","8","10/01/11 00:00:00","Herbal Tea","Chamomile","Decaf","40"
"971","Oregon","West","Small Market","55.0","98.0","43.0","26.0","14.0","613.0","30.0","30.0","50.0","80.0","9","03/01/10 00:00:00","Herbal Tea","Lemon","Decaf","55"
"971","Oregon","West","Small Market","60.0","106.0","46.0","28.0","15.0","608.0","40.0","30.0","60.0","90.0","9","04/01/10 00:00:00","Herbal Tea","Lemon","Decaf","60"
"971","Oregon","West","Small Market","56.0","99.0","43.0","26.0","14.0","602.0","30.0","30.0","50.0","80.0","9","05/01/10 00:00:00","Herbal Tea","Lemon","Decaf","56"
"971","Oregon","West","Small Market","79.0","140.0","61.0","32.0","20.0","579.0","50.0","50.0","70.0","120.0","9","09/01/10 00:00:00","Herbal Tea","Lemon","Decaf","79"
"971","Oregon","West","Small Market","115.0","205.0","90.0","42.0","29.0","572.0","90.0","60.0","100.0","160.0","9","10/01/10 00:00:00","Herbal Tea","Lemon","Decaf","115"
"971","Oregon","West","Small Market","112.0","200.0","88.0","42.0","29.0","561.0","70.0","80.0","100.0","180.0","9","11/01/10 00:00:00","Herbal Tea","Lemon","Decaf","112"
"971","Oregon","West","Small Market","48.0","80.0","32.0","20.0","8.0","456.0","30.0","20.0","30.0","50.0","11","01/01/10 00:00:00","Tea","Darjeeling","Regular","48"
"971","Oregon","West","Small Market","32.0","53.0","21.0","16.0","5.0","449.0","20.0","10.0","20.0","30.0","11","03/01/10 00:00:00","Tea","Darjeeling","Regular","32"
"971","Oregon","West","Small Market","44.0","73.0","29.0","19.0","8.0","490.0","30.0","20.0","30.0","50.0","11","12/01/10 00:00:00","Tea","Darjeeling","Regular","44"
"971","Oregon","West","Small Market","26.0","44.0","18.0","16.0","5.0","478.0","10.0","10.0","10.0","20.0","11","06/01/11 00:00:00","Tea","Darjeeling","Regular","26"
"971","Oregon","West","Small Market","32.0","56.0","21.0","16.0","5.0","480.0","20.0","0.0","20.0","20.0","11","10/01/11 00:00:00","Tea","Darjeeling","Regular","35"
"971","Oregon","West","Small Market","120.0","200.0","80.0","58.0","26.0","640.0","50.0","50.0","80.0","130.0","12","02/01/10 00:00:00","Tea","Earl Grey","Regular","120"
"971","Oregon","West","Small Market","172.0","286.0","114.0","68.0","37.0","810.0","80.0","70.0","120.0","190.0","12","08/01/10 00:00:00","Tea","Earl Grey","Regular","172"
"971","Oregon","West","Small Market","123.0","205.0","82.0","59.0","27.0","788.0","50.0","30.0","60.0","90.0","12","10/01/10 00:00:00","Tea","Earl Grey","Regular","123"
"971","Oregon","West","Small Market","119.0","197.0","78.0","57.0","25.0","798.0","50.0","50.0","90.0","140.0","12","11/01/10 00:00:00","Tea","Earl Grey","Regular","119"
"971","Oregon","West","Small Market","133.0","221.0","88.0","60.0","29.0","817.0","60.0","60.0","100.0","160.0","12","12/01/10 00:00:00","Tea","Earl Grey","Regular","133"
"971","Oregon","West","Small Market","126.0","224.0","84.0","58.0","27.0","632.0","60.0","50.0","90.0","140.0","12","03/01/11 00:00:00","Tea","Earl Grey","Regular","140"
"971","Oregon","West","Small Market","133.0","236.0","88.0","60.0","29.0","817.0","60.0","60.0","100.0","160.0","12","12/01/11 00:00:00","Tea","Earl Grey","Regular","148"
"971","Oregon","West","Small Market","64.0","115.0","51.0","52.0","19.0","419.0","30.0","40.0","70.0","110.0","4","07/01/10 00:00:00","Espresso","Caffe Latte","Regular","64"
"971","Oregon","West","Small Market","60.0","109.0","49.0","51.0","18.0","414.0","20.0","40.0","60.0","100.0","4","08/01/10 00:00:00","Espresso","Caffe Latte","Regular","60"
"971","Oregon","West","Small Market","57.0","103.0","46.0","51.0","17.0","422.0","10.0","40.0","50.0","90.0","4","12/01/10 00:00:00","Espresso","Caffe Latte","Regular","57"
"971","Oregon","West","Small Market","67.0","129.0","54.0","54.0","20.0","337.0","20.0","50.0","60.0","110.0","4","04/01/11 00:00:00","Espresso","Caffe Latte","Regular","75"
"971","Oregon","West","Small Market","64.0","114.0","51.0","49.0","19.0","396.0","30.0","40.0","70.0","110.0","4","06/01/11 00:00:00","Espresso","Caffe Latte","Regular","63"
"971","Oregon","West","Small Market","64.0","114.0","51.0","48.0","19.0","419.0","30.0","40.0","70.0","110.0","4","07/01/11 00:00:00","Espresso","Caffe Latte","Regular","63"
"971","Oregon","West","Small Market","57.0","109.0","45.0","51.0","17.0","409.0","10.0","40.0","50.0","90.0","4","09/01/11 00:00:00","Espresso","Caffe Latte","Regular","64"
"971","Oregon","West","Small Market","66.0","128.0","54.0","54.0","20.0","404.0","40.0","40.0","60.0","100.0","4","10/01/11 00:00:00","Espresso","Caffe Latte","Regular","74"
"971","Oregon","West","Small Market","57.0","110.0","46.0","51.0","17.0","422.0","10.0","40.0","50.0","90.0","4","12/01/11 00:00:00","Espresso","Caffe Latte","Regular","64"
"972","Texas","South","Major Market","252.0","465.0","213.0","88.0","66.0","942.0","240.0","260.0","320.0","580.0","2","02/01/10 00:00:00","Coffee","Columbian","Regular","252"
"972","Texas","South","Major Market","284.0","525.0","241.0","96.0","74.0","1321.0","240.0","280.0","340.0","620.0","2","12/01/10 00:00:00","Coffee","Columbian","Regular","284"
"972","Texas","South","Major Market","307.0","562.0","260.0","94.0","80.0","1319.0","290.0","320.0","380.0","700.0","2","07/01/11 00:00:00","Coffee","Columbian","Regular","302"
"972","Texas","South","Major Market","179.0","302.0","123.0","46.0","34.0","959.0","110.0","90.0","140.0","230.0","5","12/01/10 00:00:00","Espresso","Caffe Mocha","Regular","179"
"972","Texas","South","Major Market","117.0","198.0","81.0","33.0","22.0","441.0","90.0","60.0","110.0","170.0","6","03/01/10 00:00:00","Espresso","Decaf Espresso","Decaf","117"
"978","Massachusetts","East","Major Market","420.0","492.0","72.0","54.0","23.0","-54.0","360.0","60.0","400.0","460.0","2","03/01/10 00:00:00","Coffee","Columbian","Regular","420"
"978","Massachusetts","East","Major Market","487.0","551.0","64.0","53.0","21.0","-663.0","430.0","60.0","460.0","520.0","2","05/01/10 00:00:00","Coffee","Columbian","Regular","487"
"978","Massachusetts","East","Major Market","379.0","454.0","75.0","55.0","24.0","-3287.0","300.0","60.0","340.0","400.0","2","11/01/10 00:00:00","Coffee","Columbian","Regular","379"
"978","Massachusetts","East","Major Market","613.0","659.0","52.0","46.0","17.0","-1493.0","560.0","40.0","590.0","630.0","2","07/01/11 00:00:00","Coffee","Columbian","Regular","607"
"978","Massachusetts","East","Major Market","34.0","56.0","22.0","17.0","6.0","452.0","30.0","20.0","40.0","60.0","13","02/01/10 00:00:00","Tea","Green Tea","Regular","34"
"978","Massachusetts","East","Major Market","48.0","90.0","32.0","20.0","8.0","456.0","40.0","30.0","50.0","80.0","13","01/01/11 00:00:00","Tea","Green Tea","Regular","58"
"978","Massachusetts","East","Major Market","34.0","60.0","22.0","17.0","6.0","452.0","30.0","20.0","40.0","60.0","13","02/01/11 00:00:00","Tea","Green Tea","Regular","38"
"978","Massachusetts","East","Major Market","48.0","85.0","32.0","19.0","8.0","482.0","40.0","30.0","50.0","80.0","13","11/01/11 00:00:00","Tea","Green Tea","Regular","53"
"978","Massachusetts","East","Major Market","72.0","111.0","39.0","65.0","36.0","560.0","20.0","30.0","70.0","100.0","5","07/01/10 00:00:00","Espresso","Caffe Mocha","Regular","72"
"978","Massachusetts","East","Major Market","52.0","106.0","47.0","72.0","42.0","571.0","-10.0","40.0","50.0","90.0","5","12/01/11 00:00:00","Espresso","Caffe Mocha","Regular","59"
"978","Massachusetts","East","Major Market","64.0","115.0","51.0","53.0","19.0","419.0","20.0","30.0","50.0","80.0","9","07/01/10 00:00:00","Herbal Tea","Lemon","Decaf","64"
"978","Massachusetts","East","Major Market","60.0","108.0","49.0","47.0","18.0","414.0","20.0","30.0","50.0","80.0","9","08/01/11 00:00:00","Herbal Tea","Lemon","Decaf","59"
"978","Massachusetts","East","Major Market","48.0","80.0","32.0","20.0","8.0","817.0","40.0","30.0","50.0","80.0","11","02/01/10 00:00:00","Tea","Darjeeling","Regular","48"
"978","Massachusetts","East","Major Market","47.0","79.0","32.0","19.0","8.0","813.0","40.0","30.0","50.0","80.0","11","03/01/10 00:00:00","Tea","Darjeeling","Regular","47"
"978","Massachusetts","East","Major Market","39.0","70.0","27.0","19.0","7.0","859.0","50.0","20.0","50.0","70.0","11","10/01/11 00:00:00","Tea","Darjeeling","Regular","43"
"978","Massachusetts","East","Major Market","49.0","87.0","33.0","20.0","9.0","870.0","40.0","30.0","50.0","80.0","11","12/01/11 00:00:00","Tea","Darjeeling","Regular","54"
"978","Massachusetts","East","Major Market","171.0","341.0","170.0","71.0","47.0","1091.0","110.0","160.0","170.0","330.0","7","01/01/10 00:00:00","Espresso","Regular Espresso","Regular","171"
"979","Texas","South","Major Market","367.0","678.0","311.0","117.0","96.0","1296.0","340.0","390.0","450.0","840.0","2","08/01/10 00:00:00","Coffee","Columbian","Regular","367"
"979","Texas","South","Major Market","152.0","254.0","104.0","37.0","29.0","952.0","120.0","80.0","140.0","220.0","5","07/01/11 00:00:00","Espresso","Caffe Mocha","Regular","150"
"979","Texas","South","Major Market","118.0","199.0","81.0","33.0","22.0","588.0","90.0","60.0","110.0","170.0","6","09/01/10 00:00:00","Espresso","Decaf Espresso","Decaf","118"
"979","Texas","South","Major Market","55.0","92.0","38.0","33.0","12.0","414.0","30.0","30.0","60.0","90.0","9","06/01/11 00:00:00","Herbal Tea","Lemon","Decaf","54"
"979","Texas","South","Major Market","108.0","192.0","72.0","54.0","23.0","189.0","50.0","60.0","90.0","150.0","4","03/01/11 00:00:00","Espresso","Caffe Latte","Regular","120"
"985","Louisiana","South","Small Market","71.0","128.0","49.0","25.0","13.0","845.0","70.0","50.0","90.0","140.0","2","12/01/11 00:00:00","Coffee","Columbian","Regular","79"
"985","Louisiana","South","Small Market","48.0","81.0","33.0","20.0","9.0","777.0","50.0","40.0","60.0","100.0","3","01/01/10 00:00:00","Coffee","Decaf Irish Cream","Decaf","48"
"985","Louisiana","South","Small Market","72.0","129.0","49.0","25.0","13.0","767.0","70.0","60.0","90.0","150.0","3","03/01/11 00:00:00","Coffee","Decaf Irish Cream","Decaf","80"
"985","Louisiana","South","Small Market","91.0","153.0","63.0","26.0","17.0","864.0","100.0","70.0","120.0","190.0","3","08/01/11 00:00:00","Coffee","Decaf Irish Cream","Decaf","90"
"985","Louisiana","South","Small Market","70.0","126.0","48.0","25.0","13.0","851.0","80.0","70.0","90.0","160.0","3","10/01/11 00:00:00","Coffee","Decaf Irish Cream","Decaf","78"
"985","Louisiana","South","Small Market","94.0","151.0","57.0","41.0","17.0","349.0","60.0","40.0","80.0","120.0","5","09/01/10 00:00:00","Espresso","Caffe Mocha","Regular","94"
"985","Louisiana","South","Small Market","99.0","159.0","60.0","41.0","18.0","329.0","70.0","30.0","70.0","100.0","5","10/01/10 00:00:00","Espresso","Caffe Mocha","Regular","99"
"985","Louisiana","South","Small Market","66.0","107.0","41.0","35.0","12.0","320.0","20.0","30.0","50.0","80.0","5","12/01/10 00:00:00","Espresso","Caffe Mocha","Regular","66"
"985","Louisiana","South","Small Market","82.0","129.0","48.0","35.0","14.0","351.0","50.0","40.0","70.0","110.0","5","05/01/11 00:00:00","Espresso","Caffe Mocha","Regular","81"
"985","Louisiana","South","Small Market","81.0","137.0","56.0","40.0","17.0","382.0","50.0","40.0","70.0","110.0","6","02/01/10 00:00:00","Espresso","Decaf Espresso","Decaf","81"
"985","Louisiana","South","Small Market","67.0","113.0","46.0","36.0","14.0","454.0","40.0","30.0","60.0","90.0","6","09/01/10 00:00:00","Espresso","Decaf Espresso","Decaf","67"
"985","Louisiana","South","Small Market","81.0","146.0","56.0","40.0","17.0","382.0","50.0","40.0","70.0","110.0","6","02/01/11 00:00:00","Espresso","Decaf Espresso","Decaf","90"
"985","Louisiana","South","Small Market","77.0","137.0","52.0","39.0","16.0","376.0","50.0","40.0","70.0","110.0","6","03/01/11 00:00:00","Espresso","Decaf Espresso","Decaf","85"
"985","Louisiana","South","Small Market","67.0","119.0","52.0","29.0","17.0","605.0","50.0","40.0","70.0","110.0","8","04/01/10 00:00:00","Herbal Tea","Chamomile","Decaf","67"
"985","Louisiana","South","Small Market","63.0","111.0","48.0","28.0","15.0","599.0","40.0","40.0","60.0","100.0","8","05/01/10 00:00:00","Herbal Tea","Chamomile","Decaf","63"
"985","Louisiana","South","Small Market","63.0","110.0","48.0","26.0","15.0","599.0","40.0","40.0","60.0","100.0","8","05/01/11 00:00:00","Herbal Tea","Chamomile","Decaf","62"
"985","Louisiana","South","Small Market","130.0","246.0","101.0","45.0","33.0","552.0","80.0","90.0","120.0","210.0","8","11/01/11 00:00:00","Herbal Tea","Chamomile","Decaf","145"
"985","Louisiana","South","Small Market","120.0","228.0","94.0","43.0","31.0","540.0","70.0","80.0","110.0","190.0","8","12/01/11 00:00:00","Herbal Tea","Chamomile","Decaf","134"
"985","Louisiana","South","Small Market","88.0","160.0","72.0","60.0","27.0","606.0","40.0","60.0","90.0","150.0","9","08/01/10 00:00:00","Herbal Tea","Lemon","Decaf","88"
"985","Louisiana","South","Small Market","85.0","153.0","68.0","59.0","25.0","619.0","30.0","60.0","80.0","140.0","9","12/01/10 00:00:00","Herbal Tea","Lemon","Decaf","85"
"985","Louisiana","South","Small Market","107.0","206.0","86.0","65.0","32.0","484.0","40.0","80.0","100.0","180.0","9","02/01/11 00:00:00","Herbal Tea","Lemon","Decaf","120"
"985","Louisiana","South","Small Market","93.0","167.0","76.0","58.0","28.0","613.0","40.0","70.0","90.0","160.0","9","07/01/11 00:00:00","Herbal Tea","Lemon","Decaf","91"
"985","Louisiana","South","Small Market","83.0","160.0","67.0","58.0","25.0","599.0","30.0","60.0","80.0","140.0","9","09/01/11 00:00:00","Herbal Tea","Lemon","Decaf","93"
"985","Louisiana","South","Small Market","87.0","150.0","63.0","86.0","57.0","37.0","0.0","50.0","70.0","120.0","4","04/01/10 00:00:00","Espresso","Caffe Latte","Regular","87"
"985","Louisiana","South","Small Market","90.0","154.0","64.0","87.0","58.0","-113.0","10.0","50.0","80.0","130.0","4","05/01/10 00:00:00","Espresso","Caffe Latte","Regular","90"
"985","Louisiana","South","Small Market","66.0","113.0","47.0","72.0","42.0","-395.0","0.0","40.0","50.0","90.0","4","07/01/10 00:00:00","Espresso","Caffe Latte","Regular","66"
"985","Louisiana","South","Small Market","61.0","105.0","44.0","68.0","39.0","-508.0","10.0","30.0","60.0","90.0","4","08/01/10 00:00:00","Espresso","Caffe Latte","Regular","61"
"985","Louisiana","South","Small Market","76.0","131.0","55.0","79.0","49.0","-1053.0","0.0","40.0","60.0","100.0","4","12/01/10 00:00:00","Espresso","Caffe Latte","Regular","76"
"985","Louisiana","South","Small Market","87.0","160.0","63.0","86.0","57.0","37.0","0.0","50.0","70.0","120.0","4","04/01/11 00:00:00","Espresso","Caffe Latte","Regular","97"
"985","Louisiana","South","Small Market","90.0","153.0","64.0","81.0","58.0","-113.0","10.0","50.0","80.0","130.0","4","05/01/11 00:00:00","Espresso","Caffe Latte","Regular","89"
"203","Connecticut","East","Small Market","176.0","292.0","116.0","69.0","38.0","962.0","110.0","110.0","160.0","270.0","2","04/01/10 00:00:00","Coffee","Columbian","Regular","176"
